json_path,sentence_idx,sentence_text,sentence_hash
"['segments', 0, 'content', 'chapter', 'label']",0,Chapter,548c31f731ec2c86146a5170a2f394b0e0975a74ad035e1fd73fae9c369e18c5
"['segments', 0, 'content', 'title']",0,Tools and Techniques for Data-Driven Insights in Energy,718821e81fc77964462244b2ecc58fec00aff1c8e615e629c502266fdc6a49d2
"['segments', 0, 'content', 'cta']",0,"Scroll, tab or use your keyboard to move ahead",280f2e746722b7009a86771bdee071839dc8af72ba2bfec63b6e4f9a3eb17196
"['segments', 0, 'content', 'intro']",0,M7: Data In Sustainable Energy,b1d3eec8979c8c0772b8697b760d89b2e52cd11a07f29031a8297950fc2e3165
"['segments', 1, 'content', 'text_elements', 0, 'content', 'text']",0,<strong>CHAPTER 3 OVERVIEW</strong>,489a6359ad9ad1ff8549b57d400c2285ad333b8c308454c4500089c5be253981
"['segments', 1, 'content', 'text_elements', 1, 'content', 'text']",0,This chapter explores the application of data science techniques and energy modelling tools to drive data-driven insights in the energy sector.,745bf1aac4cb18c5e9027c2f58b033af660e16cab360c06d255e4aba56cafec5
"['segments', 1, 'content', 'text_elements', 1, 'content', 'text']",1,"It emphasizes the role of Exploratory Data Analysis in uncovering patterns, identifying anomalies, and validating data for further analysis, with a focus on leveraging AI to automate processes like data cleaning, clustering, and anomaly detection.",aea8bb857f5104020e20f1c64ef13d29e8772b2f1c204f32971d05dfa94f6854
"['segments', 1, 'content', 'text_elements', 1, 'content', 'text']",2,"The module also highlights the integration of <ai prompt=""Explain remote sensing."">remote sensing</ai> and Geographic Information Systems (GIS) for spatial analysis, enabling precise monitoring of environmental changes and optimization of renewable energy resources.<br /><br />Energy modelling is presented as a critical tool for policy analysis, system planning, and scenario evaluation, supporting decision-making in areas such as renewable energy integration, load forecasting, and grid stability.",bc70e2e351c8cc2a967cebb9701bee9a7617b15159cf6e7ecc091570bd6cb3c5
"['segments', 1, 'content', 'text_elements', 1, 'content', 'text']",3,"Case studies, including poverty mapping in the Philippines and clean energy transition planning in Tanzania, illustrate the practical application of these tools in real-world contexts.",2950eee7a68c02984d0a6dcb47fa76aad70e0eb5cf66e9b2ac9c4d227ee05b2a
"['segments', 1, 'content', 'text_elements', 1, 'content', 'text']",4,The module underscores the importance of high-quality data and robust data management practices in enhancing the accuracy and reliability of energy models.,1580c96b99d05374a539bb533f24b6584eab9d32404551b88df5e9d04fa9013c
"['segments', 3, 'content', 'title']",0,What's next in this chapter?,e17f4a41cafc0bce7167356d1ae123bfcfc0bc8db1421849e7533de023066d5a
"['segments', 3, 'content', 'lessons', 0, 'title']",0,Lesson 1: Data Science Techniques for Energy Analysis,93ec1e4d328878833889ce1459b6ca64844c1b990037376d3b02b26617e57477
"['segments', 3, 'content', 'lessons', 0, 'description']",0,"This lesson explores data science techniques for energy analysis, covering exploratory data analysis (EDA) methods like anomaly detection and predictive modeling.",ae8db34062d69f76da1f87f4870813c7f9fb36fbf6659917a9adbe2f7633a86b
"['segments', 3, 'content', 'lessons', 0, 'description']",1,"It highlights AI-driven automation in data cleaning, remote sensing integration with GIS for renewable energy optimization, and the role of data visualization in translating complex energy data into actionable insights.",853ffcdf4d24a7e29c2886f7167ae251fe8e6d4077c2b4b726e5381b6da85e92
"['segments', 3, 'content', 'lessons', 0, 'description']",2,The lesson emphasizes leveraging these tools to enhance decision-making and sustainability in the energy sector.,853b8b6b11d8c6527b442a199688fc3d0e52e2f514a227474d9640117c878e48
"['segments', 3, 'content', 'lessons', 0, 'cta']",0,Go to the lesson,ec1b35389b1b0f12cbd09a22b850beb41ca518a44d667410a539372992e21483
"['segments', 3, 'content', 'lessons', 1, 'title']",0,Lesson 2: Energy Modelling Tools and Applications,90f5dce449f29e6c0c1030d409a076cea5b4aa0ea935d35f4db99967e6e3dc4f
"['segments', 3, 'content', 'lessons', 1, 'description']",0,"This lesson explores energy modelling tools and their applications in analyzing and optimizing energy systems, covering descriptive, prescriptive, and predictive models for policy analysis, scenario planning, and load forecasting.",4d24b52dc85bf2645c51e5ebb908267bbf62ddd21c59179066770360558cc089
"['segments', 3, 'content', 'lessons', 1, 'description']",1,"It highlights renewable energy integration, grid stability, and the role of data value chains in ensuring accurate models to support sustainable energy decision-making and efficient resource management.",d85d3467c4dd54b51276e197acd614bd551da2152af5441c207486dd6ce3bd25
"['segments', 3, 'content', 'lessons', 1, 'cta']",0,Go to the lesson,ec1b35389b1b0f12cbd09a22b850beb41ca518a44d667410a539372992e21483
"['segments', 4, 'content', 'intro']",0,Next up,c5ae65235e0aa6ba5ccb0c1985dff33587cba83fec6429f303918aef2e0de793
"['segments', 4, 'content', 'title']",0,Lesson 1: Data Science Techniques for Energy Analysis,93ec1e4d328878833889ce1459b6ca64844c1b990037376d3b02b26617e57477
"['segments', 4, 'content', 'cta']",0,Continue learning,26e5b147b6230987157228e88aa404ab99148aba65ccdf5ac9262c477935a2a9
