{
  "id": "3.-1.0",
  "segments": [
    {
      "template_id": "module_outro",
      "colorscheme": "light",
      "content": {
        "intro": "Congratulations, you have concluded",
        "title": "Title of the quiz",
        "subtitle": "Lorem ipsum dolor sit amet",
        "body": "Thank you for joining us for the third chapter of the Just Energy Transition Module. We invite you to interact with the closing scenario, and to reflect on how you can take action to move these ideas from ambitions into action.",
        "nextBlock": {
          "intro": "Graded Quiz",
          "title": "Title of the quiz",
          "cta": "Test your knowledge",
          "button_cta": "Launch the Graded Quiz",
          "image": {
            "src": "https://ik.imagekit.io/seacademy/Photos/Module_5/M5_C2_Intro_4.png",
            "caption": "image caption",
            "url": null
          },
          "nextBlockId": "1.1.5"
        }
      }
    },
    {
      "template_id": "connection_next",
      "colorscheme": "dark",
      "content": {
        "image": {
          "src": "https://ik.imagekit.io/seacademy/Photos/Module_5/M5_C4_L2_8.png",
          "caption": ""
        },
        "intro": "Next up",
        "title": "Module 4: Financing Just Energy Transition",
        "nextLessonId": "4.0.0",
        "cta": "Start learning"
      }
    }
  ]
}