{
  "id": "3.0.0",
  "segments": [
    {
      "template_id": "module_cover",
      "colorscheme": "light",
      "content": {
        "id": "module_cover",
        "image": {
          "src": "https://ik.imagekit.io/seacademy/Photos/Module_5/M5_C3_L1_7.png",
          "caption": ""
        },
        "intro": {
          "label": "Module",
          "number": "3"
        },
        "title": "JUST\nENERGY\nTRANSITION",
        "cta": "Scroll, tab or use your keyboard to move ahead "
      }
    },
    {
      "template_id": "text",
      "colorscheme": "dark",
      "content": {
        "id": "text",
        "content": {
          "text_elements": [
            {
              "template_id": "subtitle",
              "content": {
                "text": "Describe the origins and principles of a just energy transition and its role in advancing sustainable development and justice across energy systems."
              }
            },
            {
              "template_id": "subtitle",
              "content": {
                "text": "Module Overview"
              }
            },
            {
              "template_id": "paragraph_large",
              "content": {
                "text": "Module 3 examines the Just Energy Transition, focusing on the shift to a low-carbon economy while ensuring its benefits are widely shared, leaving no one behind. It addresses the environmental and social challenges of transitioning from a carbon-based economy to renewable energy, with an emphasis on protecting vulnerable populations and ensuring fairness for the global south.\r\nThe module explores the shift from fossil fuels to sustainable energy, particularly within decentralised systems, and highlights the transformative potential of community-led initiatives. It underscores that social, economic, and environmental justice are central to the transition, recognising that a one-size-fits-all approach is not feasible.\r\nInclusive processes that consider local and regional contexts are promoted, with a critical analysis of the role of extractive industries in shaping energy landscapes. The module highlights the need for tailored approaches, acknowledging that paths to a just transition differ across local realities. Beyond environmental concerns, it also focuses on worker retraining, social safety nets, and economic diversification, ensuring the well-being of workers and affected communities remains at the heart of the transition to sustainable energy."
              }
            }
          ]
        }
      }
    },
    {
      "template_id": "photo-full-height",
      "colorscheme": "dark",
      "content": {
        "id": "photo-full-height",
        "image": {
          "imageUrl": "https://ik.imagekit.io/seacademy/Photos/Module_5/M5_C3_L2_3.png"
        }
      }
    },
    {
      "template_id": "learning_objectives",
      "colorscheme": "dark",
      "content": {
        "id": "learning_objectives",
        "title": "Learning Objectives",
        "intro": "of  CHAPTER 1 on INTRODUCTION TO THE ENERGY TRANSITION LANDSCAPE\u00a0\u00a0\n",
        "cards": [
          {
            "image": {
              "src": "M3_intro_4",
              "caption": "image caption",
              "url": null
            },
            "title": "Recognize the importance of tailored energy transition strategies that address regional disparities and empower communities through skills development, retraining, and social equity initiatives.",
            "description": ""
          },
          {
            "image": {
              "src": "M3_intro_3",
              "caption": "image caption",
              "url": null
            },
            "title": "Describe the origins and principles of a just energy transition and its role in advancing sustainable development and justice across energy systems.",
            "description": ""
          },
          {
            "image": {
              "src": "src",
              "caption": "image caption",
              "url": null
            },
            "title": "Assess the environmental and social impacts of renewable energy deployment, and propose strategies to promote responsible resource extraction, protect ecosystems, and support sustainable development.",
            "description": ""
          },
          {
            "image": {
              "src": "M3_intro_6",
              "caption": "image caption",
              "url": null
            },
            "title": "Assess the environmental and social impacts of renewable energy deployment, and propose strategies to promote responsible resource extraction, protect ecosystems, and support sustainable development.",
            "description": ""
          }
        ]
      }
    },
    {
      "template_id": "connection_next",
      "colorscheme": "dark",
      "content": {
        "id": "connection_next",
        "image": {
          "src": "https://ik.imagekit.io/seacademy/Photos/Module_5/M5_C4_L4_5.png",
          "caption": ""
        },
        "intro": "Next up",
        "title": "Chapter 1: Introduction to the Energy Transition Landscape",
        "cta": "Start learning"
      }
    }
  ]
}