{
  "id": "3.1.2",
  "segments": [
    {
      "template_id": "lesson_cover",
      "colorscheme": "dark",
      "content": {
        "image": {
          "src": "https://ik.imagekit.io/seacademy/Photos/Module_5/M5_C4_L1_17.png",
          "caption": ""
        },
        "intro": {
          "label": "Lesson",
          "number": "2"
        },
        "title": "UNPACKING THE CONCEPT OF A JUST ENERGY TRANSITION",
        "cta": null
      }
    },
    {
      "template_id": "text",
      "colorscheme": "light",
      "content": {
        "text_elements": [
          {
            "template_id": "subtitle",
            "content": {
              "text": "Lesson 2 Overview"
            }
          },
          {
            "template_id": "paragraph_large",
            "content": {
              "text": "The concept of a just energy transition is multifaceted, with no single, universally accepted definition. Its interpretation varies across different social, economic, and political contexts. At its core, a just transition seeks to balance the urgent need to reduce carbon emissions with the responsibility to ensure that both the benefits and burdens of this shift are distributed equitably. This lesson will explore how a just transition goes beyond technical solutions and policy frameworks—it is about addressing deep-rooted socio-economic disparities, fostering participatory governance, and empowering all stakeholders as active agents of change. It emphasizes equal access to the benefits of the transition, such as clean energy and energy security, ensuring they are not limited to certain regions or privileged groups but are shared across all of society."
            }
          }
        ]
      }
    },
    {
      "template_id": "lesson_part_cover",
      "colorscheme": "dark",
      "content": {
        "image": {
          "src": "https://ik.imagekit.io/seacademy/Photos/Module_5/M5_C2_L2_7.png",
          "caption": ""
        },
        "intro": "M3: Just Energy Transition | chapter 1 | Lesson 2 | Part 1",
        "title": "PART 1 Origins of the Just Transition Concept",
        "cta": null
      }
    },
    {
      "template_id": "text",
      "colorscheme": "light",
      "content": {
        "text_elements": [
          {
            "template_id": "paragraph_small",
            "content": {
              "text": "The concept of a just transition originated in the 1980s through advocacy by global trade unions, which sought to safeguard workers displaced by environmental regulations, exemplified by initiatives like the \"Superfund for Workers\" to support fossil fuel industry employees. According to the International Labour Organization (ILO, 2024) , a just transition involves greening the economy in a manner that maximizes fairness and inclusivity for all stakeholders. Equity must be integrated into policies and strategies, with inclusivity serving as a guiding principle to engage every community, worker, and social group in decision-making processes (Sovacool et al., 2017). This approach aims to generate decent work opportunities, leaving no one behind in the process. However, contemporary scholarship has expanded this framework beyond labor-centric concerns to integrate climate, energy, and environmental justice, ensuring inclusivity for historically marginalized groups, Indigenous communities, and regions disproportionately impacted by both climate change and transition policies."
            }
          }
        ]
      }
    },
    {
      "template_id": "text",
      "colorscheme": "light",
      "content": {
        "text_elements": [
          {
            "template_id": "paragraph_large",
            "content": {
              "text": "Raphael Heffron, a leading scholar in this field, argues that a just transition requires a \"triumvirate of justice tenets\": distributional equity (fair resource allocation), procedural fairness (inclusive decision-making), and restorative measures (addressing historical harms) (Heffron & de Fontenelle, 2024). This approach moves beyond the ILO’s traditional focus on labor rights to emphasize multisectoral equity, aligning with the Paris Agreement’s call for holistic climate action. For instance, Heffron’s work highlights the need to repurpose fossil fuel infrastructure while ensuring communities dependent on extractive industries receive retraining, renewable job opportunities, and participatory governance. Critically, the transition must reconcile global climate goals with localized realities. Poorly contextualized policies risk exacerbating inequalities, particularly in the Global South, where energy demand grows alongside entrenched poverty (McCauley & Heffron, 2018). Effective strategies involve decentralizing decision-making to engage local stakeholders—governments, businesses, Indigenous leaders, and civil society—in designing context-specific solutions, such as community-owned solar microgrids or gender-inclusive green job programs. By prioritizing restorative justice and participatory frameworks, the transition can transcend tokenistic inclusivity, ensuring environmental sustainability and socio-economic equity are mutually reinforcing"
            }
          }
        ]
      }
    },
    {
      "template_id": "photo-vertical",
      "colorscheme": "dark",
      "content": {
        "image": {
          "src": "https://ik.imagekit.io/seacademy/Photos/Module_5/M5_C2_L1_17.png",
          "caption": ""
        }
      }
    },
    {
      "template_id": "lesson_part_cover",
      "colorscheme": "dark",
      "content": {
        "image": {
          "src": "https://ik.imagekit.io/seacademy/Photos/Module_5/M5_C4_L2_8.png",
          "caption": ""
        },
        "intro": "M3: Just Energy Transition | chapter 1 | Lesson 2 | Part 2",
        "title": "PART 2 Environmental, Climate and Energy Justice",
        "cta": null
      }
    },
    {
      "template_id": "photo-vertical",
      "colorscheme": "dark",
      "content": {
        "image": {
          "src": "https://ik.imagekit.io/seacademy/Photos/Module_5/M5_C3_Intro_5.png",
          "caption": ""
        }
      }
    },
    {
      "template_id": "text",
      "colorscheme": "light",
      "content": {
        "text_elements": [
          {
            "template_id": "subtitle",
            "content": {
              "text": "UNPACKING THE CONCEPT OF A JUST ENERGY TRANSITION"
            }
          },
          {
            "template_id": "paragraph_large",
            "content": {
              "text": "Environmental Justice is equally crucial in this context. Traditionally, it has focused on ensuring fair treatment and involvement of people from all backgrounds in shaping environmental policies and laws. However, given today's global challenges, especially climate change, the scope of environmental justice has broadened to emphasize the protection of human rights. Climate change disproportionately affects women, children, and marginalized communities, making environmental justice essential to addressing these deepening inequalities."
            }
          }
        ]
      }
    },
    {
      "template_id": "photo-vertical",
      "colorscheme": "dark",
      "content": {
        "image": {
          "src": "https://ik.imagekit.io/seacademy/Photos/Module_5/M5_C2_Intro_2.png",
          "caption": ""
        }
      }
    },
    {
      "template_id": "photo-vertical",
      "colorscheme": "dark",
      "content": {
        "image": {
          "src": "https://ik.imagekit.io/seacademy/Photos/Module_5/M5_C4_L2_8.png",
          "caption": ""
        }
      }
    },
    {
      "template_id": "lesson_part_cover",
      "colorscheme": "dark",
      "content": {
        "image": {
          "src": "https://ik.imagekit.io/seacademy/Photos/Module_5/M5_C2_L1_10.png",
          "caption": ""
        },
        "intro": "M3: Just Energy Transition | chapter 1 | Lesson 2 | Part 3",
        "title": "PART 3 Global Principles, Local Solutions",
        "cta": null
      }
    },
    {
      "template_id": "photo-vertical",
      "colorscheme": "dark",
      "content": {
        "image": {
          "src": "https://ik.imagekit.io/seacademy/Photos/Module_5/M5_C4_L1_13.png",
          "caption": ""
        }
      }
    },
    {
      "template_id": "photo-vertical",
      "colorscheme": "dark",
      "content": {
        "image": {
          "src": "https://ik.imagekit.io/seacademy/Photos/Module_5/M5_C4_L1_4.png",
          "caption": ""
        }
      }
    },
    {
      "template_id": "text",
      "colorscheme": "light",
      "content": {
        "text_elements": [
          {
            "template_id": "paragraph_large",
            "content": {
              "text": "Recognizing the interconnected nature of social, economic, and environmental factors is crucial. The urgency of addressing climate change is intertwined with the need for socio-economic development and environmental preservation. Hence, a holistic approach is essential to navigate the complex challenges associated with the transition. Global energy challenges extend beyond the energy sector, impacting various policy areas and exacerbating societal fragility. In this context, achieving a just energy transition through effective, accountable, and inclusive energy governance is crucial for addressing immediate national development priorities, environmental concerns, safeguarding human rights, and preserving social stability."
            }
          }
        ]
      }
    },
    {
      "template_id": "key_takeaways",
      "colorscheme": "dark",
      "content": {
        "title": "KEY TAKEAWAYS",
        "intro": "If you only have space to remember 3 things:",
        "cards": [
          {
            "image": {
              "src": "https://ik.imagekit.io/seacademy/Photos/Module_5/M5_C2_L2_18.png",
              "caption": "image caption",
              "url": null
            },
            "title": "The \"just transition\" framework ensures fairness, equity, and inclusivity in the shift to sustainable energy systems.",
            "description": "Rooted in principles of environmental, climate, and energy justice, the concept has evolved from protecting workers to addressing historical injustices faced by marginalized communities, ensuring no one is left behind in the energy transition."
          },
          {
            "image": {
              "src": "https://ik.imagekit.io/seacademy/Photos/Module_5/M5_C3_L2_12.png",
              "caption": "image caption",
              "url": null
            },
            "title": "A localized vision is essential for a just transition, addressing the intersection of climate crises and systemic inequalities.",
            "description": "Recognizing the unique challenges and historical contexts of each region, a just transition must be tailored to local needs, fostering equitable solutions that align with global sustainability goals while addressing escalating inequalities."
          },
          {
            "image": {
              "src": "https://ik.imagekit.io/seacademy/Photos/Module_5/M5_C1_L1_3.png",
              "caption": "image caption",
              "url": null
            },
            "title": "The 8 principles of Just Energy Transformation provide a framework for implementing just transition policies.",
            "description": "Developed by AJET, these principles offer a shared foundation for just transition strategies, adaptable to national and local contexts, ensuring cohesive and inclusive approaches to energy system transformation worldwide."
          }
        ]
      }
    },
    {
      "template_id": "connection_next",
      "colorscheme": "dark",
      "content": {
        "image": {
          "src": "https://ik.imagekit.io/seacademy/Photos/Module_5/M5_C1_L2_13.png",
          "caption": ""
        },
        "intro": "Return to",
        "title": "Lesson 3 on Key Challenges in the Global South",
        "nextLessonId": "3.1.3",
        "cta": "Next Up"
      }
    }
  ]
}