{
  "id": "3.1.0",
  "segments": [
    {
      "template_id": "chapter_cover",
      "colorscheme": "dark",
      "content": {
        "id": "chapter_cover",
        "image": {
          "src": "https://ik.imagekit.io/seacademy/Photos/Module_5/M5_C3_Outro_3.png",
          "caption": ""
        },
        "intro": {
          "label": "1",
          "number": "chapter"
        },
        "title": "INTRODUCTION TO THE ENERGY TRANSITION LANDSCAPE\u00a0\n",
        "cta": "Scroll, tab or use your keyboard to move ahead "
      }
    },
    {
      "template_id": "text",
      "colorscheme": "light",
      "content": {
        "id": "text",
        "content": {
          "text_elements": [
            {
              "template_id": "subtitle",
              "content": {
                "text": "Chapter 1 Overview"
              }
            },
            {
              "template_id": "subtitle",
              "content": {
                "text": "Module 3 - JUST ENERGY TRANSITION"
              }
            },
            {
              "template_id": "paragraph_large",
              "content": {
                "text": "As climate change intensifies and reshapes our world, we need an energy revolution for a \u2018just energy transition\u2019. But what does this term truly mean beyond emission reduction? A just energy transition is more than a climate imperative; it is a moral and social responsibility that demands our attention. \nThis transition must holistically address climate mitigation and adaptation, ensuring that the social and gender dimensions are central to the process. The real challenge lies as much in how we decarbonize as in determining who benefits from this transformation and who bears its costs.\r\nFirst chapter of this module explores the concept of a just energy transition in the context of other energy transitions. It also reviews the concept's roots, potential and main challenges. Further on in this lesson, you will have the opportunity to explore this concept as it works in practice."
              }
            }
          ]
        }
      }
    },
    {
      "template_id": "list_of_lessons",
      "colorscheme": "dark",
      "content": {
        "id": "list_of_lessons",
        "title": "What's next in this chapter?",
        "lessons": [
          {
            "cta": "Go to the lesson",
            "image": {
              "src": "src",
              "caption": "image caption",
              "url": null
            },
            "title": "1.1 The energy transition in context",
            "progress": "completed"
          },
          {
            "cta": "Go to the lesson",
            "image": {
              "src": "src",
              "caption": "image caption",
              "url": null
            },
            "title": "1.2 Unpacking the concept of a just energy transition",
            "progress": "completed"
          },
          {
            "cta": "Go to the lesson",
            "image": {
              "src": "src",
              "caption": "image caption",
              "url": null
            },
            "title": "1.3 Key challenges in the global south",
            "progress": "not_started"
          }
        ]
      }
    },
    {
      "template_id": "connection_next",
      "colorscheme": "dark",
      "content": {
        "id": "connection_next",
        "image": {
          "src": "https://ik.imagekit.io/seacademy/Photos/Module_5/M5_C2_L1_9.png",
          "caption": ""
        },
        "intro": "Next up",
        "title": "Lesson 1 on The energy transition in context\n",
        "cta": "Start learning"
      }
    }
  ]
}