{
  "id": "3.1.1",
  "segments": [
    {
      "template_id": "lesson_cover",
      "colorscheme": "dark",
      "content": {
        "image": {
          "src": "https://ik.imagekit.io/seacademy/Photos/Module_5/M5_C4_L1_4.png",
          "caption": ""
        },
        "intro": {
          "label": "Lesson",
          "number": "1"
        },
        "title": "THE ENERGY TRANSITION IN CONTEXT",
        "cta": null
      }
    },
    {
      "template_id": "lesson_cover",
      "colorscheme": "dark",
      "content": {
        "image": {
          "src": "https://ik.imagekit.io/seacademy/Photos/Module_5/M5_C2_L1_1.png",
          "caption": ""
        },
        "intro": {
          "label": "Lesson",
          "number": "1"
        },
        "title": "THE ENERGY TRANSITION IN CONTEXT",
        "cta": null
      }
    },
    {
      "template_id": "text",
      "colorscheme": "light",
      "content": {
        "text_elements": [
          {
            "template_id": "subtitle",
            "content": {
              "text": "Lesson 1 Overview"
            }
          },
          {
            "template_id": "paragraph_large",
            "content": {
              "text": "The current global energy transition marks a pivotal departure from historical shifts, driven not merely by technological advancement but by the existential urgency of climate change. Unlike past transitions—such as the move from biomass to fossil fuels during the Industrial Revolution—today’s shift demands rapid decarbonization, systemic societal transformation, and a reimagining of economic growth paradigms. At its heart, this transition is defined by the imperative to limit global warming to 1.5°C under the Paris Agreement, requiring unprecedented collaboration, innovation, and equity across nations. This lesson explores how the modern energy transition diverges from its predecessors, emphasizing climate mitigation, net-zero frameworks, and the integration of policy and technology. It examines the role of international mechanisms like Nationally Determined Contributions (NDCs) and the challenges of bridging gaps between pledges and implementation. Through insights from the IPCC and IEA, the lesson underscores the tension between urgent climate action and slow progress, particularly in balancing the responsibilities of developed and developing nations under the principle of common but differentiated responsibilities."
            }
          }
        ]
      }
    },
    {
      "template_id": "lesson_part_cover",
      "colorscheme": "dark",
      "content": {
        "image": {
          "src": "https://ik.imagekit.io/seacademy/Photos/Module_5/M5_C3_Intro_2.png",
          "caption": ""
        },
        "intro": "M1: Just Energy Transition | chapter 1 | Lesson 1 | Part 1",
        "title": "Part 1: Another energy transition.... but the context -and concept- has evolved",
        "cta": null
      }
    },
    {
      "template_id": "text",
      "colorscheme": "light",
      "content": {
        "text_elements": [
          {
            "template_id": "paragraph_large",
            "content": {
              "text": "The world has gone through energy transitions before. For example, the industrial revolution's shift from the prevailing wood and biomass energy sources to coal, oil, and more recently, natural gas. Historically, transitions have marked pivotal moments in societal development and global economic systems - they represent significant structural shifts in both supply and consumption patterns. However, the present energy transition presents some important differences from the previous."
            }
          }
        ]
      }
    },
    {
      "template_id": "photo-vertical",
      "colorscheme": "dark",
      "content": {
        "image": {
          "src": "https://ik.imagekit.io/seacademy/Photos/Module_5/M5_C4_L3_3.png",
          "caption": ""
        }
      }
    },
    {
      "template_id": "lesson_part_cover",
      "colorscheme": "dark",
      "content": {
        "image": {
          "src": "https://ik.imagekit.io/seacademy/Photos/Module_5/M5_C2_L1_17.png",
          "caption": ""
        },
        "intro": "Chapter 1: INTRODUCTION TO THE ENERGY TRANSITION LANDSCAPE",
        "title": "Part 2: The Paris Agreement and Global Decarbonization Efforts",
        "cta": null
      }
    },
    {
      "template_id": "photo-vertical",
      "colorscheme": "dark",
      "content": {
        "image": {
          "src": "https://ik.imagekit.io/seacademy/Photos/Module_5/M5_C3_L1_7.png",
          "caption": ""
        }
      }
    },
    {
      "template_id": "text",
      "colorscheme": "light",
      "content": {
        "text_elements": [
          {
            "template_id": "paragraph_large",
            "content": {
              "text": "The impacts of a warming planet are more evident than ever. The Intergovernmental Panel on Climate Change (IPCC)—a United Nations body tasked with assessing climate science—warns in its Sixth Assessment Report that failing to drastically reduce greenhouse gas (GHG) emissions will severely harm human health, biodiversity, and lead to irreversible ecosystem losses much sooner than anticipated. The path forward is clear: we must immediately and drastically cut emissions while accelerating the transition to a clean energy economy. In 2015, the world united under the Paris Agreement, a legally binding international treaty adopted at COP21. Its goal is to limit global warming to “well below 2°C,” ideally 1.5°C, compared to pre-industrial levels. To achieve this, countries commit to reaching global peaking of GHG emissions as soon as possible and achieving climate neutrality by 2050. Key tools for meeting these targets are Nationally Determined Contributions (NDCs) and Long-Term Strategies (LTS). NDCs are 5-year national climate action plans, while LTS outline 20- to 30-year roadmaps for systemic transformations. These frameworks prioritize scaling up renewable energy (RE) and energy efficiency (EE)—cornerstones of the energy transition—by setting binding targets for solar, wind, and other clean technologies, alongside reducing energy demand through innovation and policy."
            }
          }
        ]
      }
    },
    {
      "template_id": "photo-vertical",
      "colorscheme": "dark",
      "content": {
        "image": {
          "src": "https://ik.imagekit.io/seacademy/Photos/Module_5/M5_Outro_2.png",
          "caption": ""
        }
      }
    },
    {
      "template_id": "key_takeaways",
      "colorscheme": "dark",
      "content": {
        "title": "KEY TAKEAWAYS",
        "intro": "If you only have space to remember 3 things:",
        "cards": [
          {
            "image": {
              "src": "https://ik.imagekit.io/seacademy/Photos/Module_5/M5_C2_L1_6.png",
              "caption": "image caption",
              "url": null
            },
            "title": "The renewable energy transition is driven by climate urgency, unlike past energy shifts.",
            "description": "Unlike previous transitions, the move to renewables is fueled by the imperative to mitigate climate change and act swiftly. This urgency demands rapid adoption of clean energy technologies and policies to reduce carbon emissions and avoid catastrophic environmental impacts."
          },
          {
            "image": {
              "src": "https://ik.imagekit.io/seacademy/Photos/Module_5/M5_Outro_2.png",
              "caption": "image caption",
              "url": null
            },
            "title": "A just energy transition prioritizes social inclusion and equity.",
            "description": "Ensuring fairness and creating opportunities for vulnerable groups is central to the just energy transition. By addressing social inequalities and preventing marginalized communities from being left behind, the transition aims to build a more inclusive and equitable energy future."
          },
          {
            "image": {
              "src": "https://ik.imagekit.io/seacademy/Photos/Module_5/M5_C3_Intro_6.png",
              "caption": "image caption",
              "url": null
            },
            "title": "The just energy transition requires a paradigm shift in governance and risk perception.",
            "description": "Transitioning to renewables necessitates rethinking governance structures and adopting holistic, systemic approaches. Emphasizing the risks of fossil fuel dependency and embracing interconnected energy systems will enable more effective and integrated solutions for a sustainable future."
          }
        ]
      }
    },
    {
      "template_id": "connection_next",
      "colorscheme": "dark",
      "content": {
        "image": {
          "src": "https://ik.imagekit.io/seacademy/Photos/Module_5/M5_C4_L2_13.png",
          "caption": ""
        },
        "intro": "Return to",
        "title": "Lesson 2 on Unpacking the Concept of a Just Energy Transition",
        "nextLessonId": "3.1.2",
        "cta": "Next Up"
      }
    }
  ]
}