{
  "id": "3.1.-1",
  "segments": [
    {
      "template_id": "chapter_outro",
      "colorscheme": "dark",
      "content": {
        "intro": "This concludes",
        "title": "Title of the scenario",
        "subtitle": "Module 3 - JUST ENERGY TRANSITION",
        "body": "Thank you for joining us for the first chapter of the Just Energy Transition Module. We invite you to interact with the closing scenario, and to reflect on how you can take action to move these ideas from ambitions into action",
        "nextBlock": {
          "intro": "Interactive Scenario",
          "title": "Title of the scenario",
          "cta": "You have a meeting with the minister of energy to discuss data-driven policy. Are you ready?",
          "button_cta": "Launch the interactive scenario",
          "image": {
            "src": "https://ik.imagekit.io/seacademy/Photos/Module_5/M5_C3_L2_3.png",
            "caption": "image caption",
            "url": null
          },
          "nextBlockId": "1.1.5"
        }
      }
    },
    {
      "template_id": "connection_next",
      "colorscheme": "dark",
      "content": {
        "image": {
          "src": "https://ik.imagekit.io/seacademy/Photos/Module_5/M5_C2_L2_3.png",
          "caption": ""
        },
        "intro": "Next up",
        "title": "Ensuring a Just Transition for Workers and Affected Communities",
        "nextLessonId": "3.2.0",
        "cta": "Start learning"
      }
    }
  ]
}