{
  "id": "3.2.-1",
  "segments": [
    {
      "template_id": "photo-vertical",
      "colorscheme": "dark",
      "content": {
        "id": "photo-vertical",
        "image": {
          "src": "https://ik.imagekit.io/seacademy/Photos/Module_5/M5_C4_L1_18.png",
          "caption": ""
        }
      }
    },
    {
      "template_id": "text",
      "colorscheme": "light",
      "content": {
        "id": "text",
        "content": {
          "text_elements": [
            {
              "template_id": "subtitle",
              "content": {
                "text": "CLOSING MESSAGE"
              }
            },
            {
              "template_id": "paragraph_large",
              "content": {
                "text": "As we conclude this chapter, it is evident that the path to universal energy access is fraught with significant challenges that demand urgent and targeted responses. The exploration of the global energy divide reveals stark disparities, from urban-rural gaps to the unique hurdles faced by vulnerable populations in crisis-affected regions. While progress has been made in electricity access and clean cooking solutions, substantial gaps remain, particularly for those in remote and low-income areas. The insights gained throughout this chapter underscore the necessity for tailored, innovative and context-specific approaches that prioritize the specific needs of unserved and marginalized communities. Addressing these barriers\u2014whether through improved infrastructure, strategic allocation of investments, or comprehensive measurement frameworks\u2014will be essential in achieving sustainable energy access for all."
              }
            }
          ]
        }
      }
    },
    {
      "template_id": "photo-vertical",
      "colorscheme": "dark",
      "content": {
        "id": "photo-vertical",
        "image": {
          "src": "https://ik.imagekit.io/seacademy/Photos/Module_5/M5_C1_Outro_2.png",
          "caption": ""
        }
      }
    },
    {
      "template_id": "connection_next",
      "colorscheme": "dark",
      "content": {
        "id": "connection_next",
        "image": {
          "src": "https://ik.imagekit.io/seacademy/Photos/Module_5/M5_C1_L2_12.png",
          "caption": ""
        },
        "intro": "Next up",
        "title": "Chapter 3: A JET that preserves nature and catalyses economic growth",
        "cta": "Start learning"
      }
    }
  ]
}