{
  "id": "3.2.3",
  "segments": [
    {
      "template_id": "lesson_cover",
      "colorscheme": "dark",
      "content": {
        "image": {
          "src": "https://ik.imagekit.io/seacademy/Photos/Module_5/M5_C1_Outro_2.png",
          "caption": ""
        },
        "intro": {
          "label": "Lesson",
          "number": "3"
        },
        "title": "SOCIAL SAFETY NETS AND INCOME SUPPORT",
        "cta": null
      }
    },
    {
      "template_id": "text",
      "colorscheme": "dark",
      "content": {
        "text_elements": [
          {
            "template_id": "paragraph_small",
            "content": {
              "text": "Challenges comprise potential impacts on employment, livelihoods and affordability, and concerns around engaging communities in decision-making. With the right policies, programmes and financing strategies, however, transition could catalyse inclusive and sustainable development that prioritizes new employment opportunities, social protection and resilience, poverty reduction and environmental sustainability."
            }
          },
          {
            "template_id": "paragraph_small",
            "content": {
              "text": "LESSON OVERVIEW"
            }
          }
        ]
      }
    },
    {
      "template_id": "text",
      "colorscheme": "light",
      "content": {
        "text_elements": [
          {
            "template_id": "paragraph_large",
            "content": {
              "text": "Social safety nets and income support measures are essential components in ensuring that workers impacted by the energy transition receive adequate financial security. With the global shift towards sustainable energy, it becomes increasingly crucial to safeguard the livelihoods of those affected by these changes. This is where the concept of social safety nets becomes paramount. Amidst the energy transition, social safety nets gain even greater significance, particularly for workers whose jobs may be displaced or affected by the shift in energy technologies. These measures help alleviate the financial impact of transitions, providing a safety net for workers as they navigate changes in their employment status. By ensuring access to essential services such as energy, education, nutrition, and housing, social safety nets contribute to a more equitable and inclusive transition process."
            }
          }
        ]
      }
    },
    {
      "template_id": "text",
      "colorscheme": "light",
      "content": {
        "text_elements": [
          {
            "template_id": "paragraph_large",
            "content": {
              "text": "Additionally, integrating a gender lens into policies and financing schemes will be crucial to aligning investments with social and environmental safeguards. This calls for assessing policies and investment schemes for equal reach to female and male populations, such as loans at beneficial rates for micro-, small and medium-sized enterprises to invest in efficient or renewable energy technologies. Measures may be needed to correct gender-related disadvantages in access. A comprehensive gender approach to maximizing women’s economic empowerment, access to clean energy technologies and leadership in clean energy governance should be considered."
            }
          }
        ]
      }
    },
    {
      "template_id": "lesson_part_cover",
      "colorscheme": "dark",
      "content": {
        "image": {
          "src": "https://ik.imagekit.io/seacademy/Photos/Module_5/M5_C3_L2_3.png",
          "caption": ""
        },
        "intro": "M3: Just Energy Transition | chapter 2 | Lesson 3 | Part 1",
        "title": "PART 1 Energy safety nets (ESNs)",
        "cta": null
      }
    },
    {
      "template_id": "text",
      "colorscheme": "dark",
      "content": {
        "text_elements": [
          {
            "template_id": "paragraph_small",
            "content": {
              "text": "As part of a just energy system transformation, ensuring increased energy access for all members of society is paramount. ESNs play a crucial role in facilitating this access, particularly for marginalized populations. ESNs encompass various strategies aimed at both establishing energy connections and managing ongoing energy consumption. While providing assistance for electricity connections or introducing clean cooking technologies is a crucial first step, it is essential to ensure affordability and accessibility for the most vulnerable individuals."
            }
          }
        ]
      }
    },
    {
      "template_id": "photo-vertical",
      "colorscheme": "dark",
      "content": {
        "image": {
          "src": "https://ik.imagekit.io/seacademy/Photos/Module_5/M5_C1_L2_3.png",
          "caption": ""
        }
      }
    },
    {
      "template_id": "text",
      "colorscheme": "dark",
      "content": {
        "text_elements": [
          {
            "template_id": "paragraph_small",
            "content": {
              "text": "ESNs serve as mechanisms to prevent households and social groups from slipping into energy poverty. They can take different forms, ranging from making physical access to electricity or clean fuels affordable through connections, to ensuring that the unit price of energy remains within reach for consumption. By offering targeted assistance to those in need, ESNs play a critical role in facilitating access to affordable, reliable, sustainable, and modern energy. In doing so, they contribute to broader social and economic development goals, aligning with efforts to achieve SDGs."
            }
          }
        ]
      }
    },
    {
      "template_id": "text",
      "colorscheme": "light",
      "content": {
        "text_elements": [
          {
            "template_id": "paragraph_large",
            "content": {
              "text": "To effectively implement ESNs, policymakers must consider a range of factors. This includes defining the target demographic for an ESN and shaping the criteria used to assess household eligibility. Different criteria may apply depending on whether the focus is on supporting consumption or facilitating energy connections. Policymakers must determine whether support necessitates one or multiple targeting strategies and ESN mechanisms. Accurate household energy consumption data are vital for determining appropriate subsidy levels and benefits. Policymakers require robust evidence on energy consumption patterns to develop tailored and effective ESN programs. Enhanced quantitative research, improved data gathering techniques, and thorough analysis of household energy consumption and expenditure are imperative for informing energy and social protection policies. ESNs must align with the institutional, geographic, and economic context of the country to be effective. Social assistance and ESN initiatives should continually evolve to adapt to shifting social and economic landscapes. Additionally, gender dynamics in energy management within households should be considered, with ESNs designed to promote women's empowerment in energy management."
            }
          }
        ]
      }
    },
    {
      "template_id": "text",
      "colorscheme": "light",
      "content": {
        "text_elements": [
          {
            "template_id": "paragraph_large",
            "content": {
              "text": "The success of ESNs hinges on unwavering political commitment. However, changes in government can lead to the discontinuation of programs and disruptions in measures supporting energy access, underscoring the need for strong policy commitments at the highest levels to achieve universal access to affordable, reliable, sustainable, and modern energy. Equally important is the cost-effectiveness of ESNs. Implementing these programs efficiently ensures that resources are utilized optimally, maximizing benefits for disadvantaged populations. Integrating ESNs with existing social assistance mechanisms can enhance efficiency by leveraging existing delivery systems and data, improving targeting and reducing administrative costs. Incorporating both robust political support and efficient design is essential for the effective implementation of ESNs, ensuring that they reach those most in need while maintaining fiscal responsibility."
            }
          }
        ]
      }
    },
    {
      "template_id": "lesson_part_cover",
      "colorscheme": "dark",
      "content": {
        "image": {
          "src": "https://ik.imagekit.io/seacademy/Photos/Module_5/M5_C2_L1_15.png",
          "caption": ""
        },
        "intro": "M3: Just Energy Transition | chapter 2 | Lesson 3 | Part 2",
        "title": "PART 2 Poverty alleviation and social stability",
        "cta": null
      }
    },
    {
      "template_id": "photo-vertical",
      "colorscheme": "dark",
      "content": {
        "image": {
          "src": "https://ik.imagekit.io/seacademy/Photos/Module_5/M5_C3_L3_9.png",
          "caption": ""
        }
      }
    },
    {
      "template_id": "text",
      "colorscheme": "light",
      "content": {
        "text_elements": [
          {
            "template_id": "paragraph_large",
            "content": {
              "text": "Social safety nets and income support programs contribute to poverty reduction by ensuring a basic standard of living for vulnerable populations during energy transitions. Research results support the assertion that social safety nets and income support programs play a crucial role in poverty alleviation during energy transitions. Studies have consistently shown that targeted energy subsidies effectively mitigate the impact of rising energy costs on vulnerable populations. For instance, a study by IEA found that well-designed energy subsidies contribute to enhanced energy access for low-income households while supporting the transition to cleaner energy sources. Similarly, income support programs have demonstrated their effectiveness in stabilizing the economic well-being of individuals during times of transition. Research by ILO highlights the importance of income support in preventing the exacerbation of inequalities and reducing the risk of social unrest during periods of economic change. This research underscores the role of income support as a vital tool in addressing poverty-related challenges associated with energy transitions."
            }
          }
        ]
      }
    },
    {
      "template_id": "text",
      "colorscheme": "light",
      "content": {
        "text_elements": [
          {
            "template_id": "paragraph_large",
            "content": {
              "text": "Furthermore, social safety nets have been shown to address the immediate needs of vulnerable populations, as evidenced by studies examining the impact of cash transfers and targeted assistance programs. Research by the World Bank emphasizes that effective social safety nets contribute to poverty reduction by ensuring a basic standard of living for vulnerable populations facing economic hardships during the energy transition. By preventing income disparities and addressing unemployment, these programs contribute to social stability and reduce the risk of social unrest. Social stability during energy transitions is a crucial outcome facilitated by the strategic implementation of social safety nets and income support programs. The Organization for Economic Co-operation and Development (OECD) emphasizes the stabilizing role of social safety nets by mitigating income inequality during economic transitions driven by the changing energy landscape. These programs act as a safeguard not only for individual financial well-being but also for maintaining a more equitable distribution of resources within society, thereby promoting social stability."
            }
          }
        ]
      }
    },
    {
      "template_id": "text",
      "colorscheme": "light",
      "content": {
        "text_elements": [
          {
            "template_id": "paragraph_large",
            "content": {
              "text": "Studies exploring the connection between unemployment and social unrest underline the impact of income support programs in mitigating the negative social consequences of job displacement. Research conducted by the International Monetary Fund (IMF) suggests that targeted income support reduces the social implications of unemployment, including crime rates and political instability. This research underscores the vital link between income support programs and social stability, particularly during times of economic transition (IMF, 2024) Moreover, investigations into the social outcomes of income disparities highlight the potential for social instability when economic inequalities persist. Income inequality is associated with various social issues, including heightened crime rates, reduced social trust, and increased levels of social unrest. In the context of the energy transition, income support programs emerge as essential tools for preventing and alleviating the adverse social consequences linked to income disparities. For instance, Uruguay’s National Social Emergency Response Plan (PANES) targeted the poorest 20 percent of households and helped many at risk to increase their income and improve their employment opportunities."
            }
          }
        ]
      }
    },
    {
      "template_id": "text",
      "colorscheme": "light",
      "content": {
        "text_elements": [
          {
            "template_id": "paragraph_large",
            "content": {
              "text": "As the world shifts towards cleaner energy sources, workers from fossil fuel industries, including coal mining, will face job displacement. Income support programs can play a crucial role in ensuring these workers and their communities remain stable during this transition. By providing financial assistance and retraining opportunities, these programs help mitigate the social unrest that can arise from economic disruptions."
            }
          }
        ]
      }
    },
    {
      "template_id": "lesson_subpart_cover",
      "colorscheme": "dark",
      "content": {
        "image": {
          "src": "https://ik.imagekit.io/seacademy/Photos/Module_5/M5_C3_L2_1.png",
          "caption": ""
        },
        "intro": "WORKER RETRAINING AND EMPLOYMENT DISPARITIES",
        "title": "Fossil Fuel Subsidy Reform in Latin America and the Caribbean",
        "cta": null
      }
    },
    {
      "template_id": "text",
      "colorscheme": "light",
      "content": {
        "text_elements": [
          {
            "template_id": "paragraph_large",
            "content": {
              "text": "In Latin America and the Caribbean, high fossil fuel subsidies hinder a sustainable energy transition. While aimed at protecting vulnerable populations from price shocks, these subsidies create inefficient market signals that delay the adoption of clean technologies. During the energy crisis, governments introduced additional price support measures, keeping household energy costs at 3-10% of monthly income despite inflation. However, this raised fossil fuel subsidies from 1.3% of GDP in 2021 to 1.7% in 2022, well above the global average (IEA, 2023)"
            }
          }
        ]
      }
    },
    {
      "template_id": "text",
      "colorscheme": "dark",
      "content": {
        "text_elements": [
          {
            "template_id": "paragraph_small",
            "content": {
              "text": "Reforming subsidies is challenging, as it risks impacting low-income consumers, though wealthier households benefit more from current schemes. Successful reforms would reduce fiscal burdens, correct price signals, and redirect support to low-income households, while prioritizing social equity, poverty reduction, and gender equality in the clean energy transition."
            }
          }
        ]
      }
    },
    {
      "template_id": "lesson_part_cover",
      "colorscheme": "dark",
      "content": {
        "image": {
          "src": "https://ik.imagekit.io/seacademy/Photos/Module_5/M5_C3_L1_5.png",
          "caption": ""
        },
        "intro": "M3: Just Energy Transition | chapter 2 | Lesson 3 | Part 3",
        "title": "PART 3 Targeting disadvantaged individuals and communities",
        "cta": null
      }
    },
    {
      "template_id": "photo-vertical",
      "colorscheme": "dark",
      "content": {
        "image": {
          "src": "https://ik.imagekit.io/seacademy/Photos/Module_5/M5_C3_L2_3.png",
          "caption": ""
        }
      }
    },
    {
      "template_id": "text",
      "colorscheme": "light",
      "content": {
        "text_elements": [
          {
            "template_id": "paragraph_large",
            "content": {
              "text": "Targeted energy subsidies ensure that the transition to cleaner energy sources does not disproportionately burden low-income communities, fostering inclusivity in the energy transition process. The implementation of targeted energy subsidies is grounded in the recognition that low-income communities or individuals often face heightened challenges in adapting to cleaner but potentially more expensive energy sources. As utility bills increase, these vulnerable populations face increasing energy burdens, often having to make difficult tradeoffs between paying for food, medicine, and energy. Appropriate support mechanisms for such populations in the form of equitable tariff designs and targeted incentives for energy efficiency upgrades and clean energy technologies are essential for ensuring a just transition. It is necessary for these energy subsidies to be targeted because if they are not, richer households benefit disproportionately from them, given they consume more transport fuels and electricity. Currently, most energy subsidies in the world are indeed regressive in nature, meaning that often more than 50% of the total benefit is received by the wealthiest segments of the population. Research does consistently underscore the importance of targeted subsidies in fostering inclusivity."
            }
          }
        ]
      }
    },
    {
      "template_id": "text",
      "colorscheme": "light",
      "content": {
        "text_elements": [
          {
            "template_id": "paragraph_large",
            "content": {
              "text": "Well-designed energy subsidies contribute to enhanced energy access for low-income households while supporting the overall transition to cleaner energy sources. One of the primary ways in which targeted energy subsidies foster inclusivity is by ensuring that the costs associated with the adoption of cleaner energy technologies do not disproportionately impact those with limited financial resources. By providing financial relief or discounts on cleaner energy alternatives, subsidies make it more feasible for low-income communities to participate actively in the transition process. This not only addresses immediate affordability concerns but also contributes to the broader goal of reducing energy poverty. Moreover, targeted energy subsidies play a role in leveling the playing field and preventing the widening of existing socio-economic disparities. Without such measures, the transition to cleaner energy sources might inadvertently exacerbate inequalities, as higher costs associated with new technologies could further marginalize low-income communities. The subsidies, therefore, act as a means of social justice, ensuring that the benefits of the energy transition are distributed equitably."
            }
          }
        ]
      }
    },
    {
      "template_id": "key_takeaways",
      "colorscheme": "dark",
      "content": {
        "title": "KEY TAKEAWAYS",
        "intro": "If you only have space to remember 3 things:",
        "cards": [
          {
            "image": {
              "src": "https://ik.imagekit.io/seacademy/Photos/Module_5/M5_C4_L3_11.png",
              "caption": "image caption",
              "url": null
            },
            "title": "Social Safety Nets as Catalysts for Inclusive Energy Transitions",
            "description": "Social safety nets and income support programs are not just reactive measures but proactive tools to ensure that vulnerable populations are not left behind in the energy transition. By addressing immediate financial insecurities and enabling access to clean energy, these programs can transform energy transitions into opportunities for inclusive development, particularly when designed with gender-sensitive and community-specific considerations."
          },
          {
            "image": {
              "src": "https://ik.imagekit.io/seacademy/Photos/Module_5/M5_C2_L3_6.png",
              "caption": "image caption",
              "url": null
            },
            "title": "Energy Safety Nets (ESNs) as Dynamic Tools for Equitable Energy Access",
            "description": "ESNs go beyond traditional subsidies by addressing both the initial costs of energy access and ongoing affordability challenges. Their success hinges on adaptive policy frameworks, accurate household energy data, and strong political will. When tailored to local contexts, ESNs can empower marginalized groups, particularly women, to take active roles in energy management and decision-making."
          },
          {
            "image": {
              "src": "https://ik.imagekit.io/seacademy/Photos/Module_5/M5_C2_Outro_1.png",
              "caption": "image caption",
              "url": null
            },
            "title": "Targeted Subsidies as Mechanisms for Reducing Structural Inequities",
            "description": "Targeted energy subsidies are essential for dismantling structural barriers that prevent low-income communities from participating in the clean energy transition. By ensuring that subsidies are precisely directed to those most in need, policymakers can prevent regressive outcomes and foster a more equitable distribution of energy transition benefits, thereby reducing socio-economic disparities and enhancing social cohesion."
          }
        ]
      }
    },
    {
      "template_id": "connection_next",
      "colorscheme": "dark",
      "content": {
        "image": {
          "src": "https://ik.imagekit.io/seacademy/Photos/Module_5/M5_C3_Outro_2.png",
          "caption": ""
        },
        "intro": "Return to",
        "title": "Chapter: Geospatial Data in Electrification planning and policy",
        "nextLessonId": "3.2.-1",
        "cta": "Back"
      }
    }
  ]
}