{
  "id": "3.2.0",
  "segments": [
    {
      "template_id": "chapter_cover",
      "colorscheme": "dark",
      "content": {
        "image": {
          "src": "https://ik.imagekit.io/seacademy/Photos/Module_5/M5_C3_L3_5.png",
          "caption": ""
        },
        "intro": {
          "label": "Chapter",
          "number": "2"
        },
        "title": "INTRODUCTION TO THE ENERGY TRANSITION LANDSCAPE",
        "cta": "Scroll, tab or use your keyboard to move ahead"
      }
    },
    {
      "template_id": "text",
      "colorscheme": "light",
      "content": {
        "text_elements": [
          {
            "template_id": "subtitle",
            "content": {
              "text": "Chapter 2 Overview"
            }
          },
          {
            "template_id": "subtitle",
            "content": {
              "text": "Module 3 - JUST ENERGY TRANSITION"
            }
          },
          {
            "template_id": "paragraph_large",
            "content": {
              "text": "This chapter focuses on the essential strategies for supporting workers and communities during the transition to a sustainable energy future. It highlights the need for worker retraining, social safety nets, and community-led initiatives to address the socio-economic impacts of moving away from extractive industries. The chapter emphasizes the importance of participatory decision-making, particularly for Indigenous communities, and the ethical challenges tied to renewable energy projects, such as land acquisition and labor rights. Through case studies and examples, it advocates for equitable benefit distribution and inclusive policies to ensure a just and fair energy transition for all stakeholders."
            }
          }
        ]
      }
    },
    {
      "template_id": "list_of_lessons",
      "colorscheme": "dark",
      "content": {
        "title": "What's next in this chapter?",
        "lessons": [
          {
            "cta": "Go to the lesson",
            "image": {
              "src": "https://ik.imagekit.io/seacademy/Photos/Module_5/M5_C4_Intro_7.png",
              "caption": "image caption",
              "url": null
            },
            "title": "Human rights and socio-economic impacts",
            "progress": "completed"
          },
          {
            "cta": "Go to the lesson",
            "image": {
              "src": "https://ik.imagekit.io/seacademy/Photos/Module_5/M5_C4_L2_2.png",
              "caption": "image caption",
              "url": null
            },
            "title": "Worker Retraining and Employment Disparities",
            "progress": "completed"
          },
          {
            "cta": "Go to the lesson",
            "image": {
              "src": "https://ik.imagekit.io/seacademy/Photos/Module_5/M5_C2_L1_16.png",
              "caption": "image caption",
              "url": null
            },
            "title": "Social Safety Nets and Income Support",
            "progress": "not_started"
          },
          {
            "cta": "Go to the lesson",
            "image": {
              "src": "https://ik.imagekit.io/seacademy/Photos/Module_5/M5_C4_L4_5.png",
              "caption": "image caption",
              "url": null
            },
            "title": "Community-led sustainable energy projects and community-based solutions",
            "progress": "not_started"
          }
        ]
      }
    },
    {
      "template_id": "connection_next",
      "colorscheme": "dark",
      "content": {
        "image": {
          "src": "https://ik.imagekit.io/seacademy/Photos/Module_5/M5_C3_L3_13.png",
          "caption": ""
        },
        "intro": "Next up",
        "title": "Lesson 1 on Human rights and socio-economic impacts",
        "nextLessonId": "3.2.1",
        "cta": "Start learning"
      }
    }
  ]
}