{
  "id": "3.3.3",
  "segments": [
    {
      "template_id": "lesson_cover",
      "colorscheme": "dark",
      "content": {
        "id": "lesson_cover",
        "image": {
          "src": "https://ik.imagekit.io/seacademy/Photos/Module_5/M5_C3_L3_2.png",
          "caption": ""
        },
        "intro": {
          "label": "Lesson",
          "number": "3"
        },
        "title": "ADVANCING\nTHE VALUE CHAIN",
        "cta": null
      }
    },
    {
      "template_id": "text",
      "colorscheme": "dark",
      "content": {
        "id": "text",
        "content": {
          "text_elements": [
            {
              "template_id": "paragraph_small",
              "content": {
                "text": "In developing countries, advancing the energy and critical mineral value chain presents both challenges and opportunities. The transition to cleaner energy systems can impact jobs, livelihoods, and affordability while raising concerns about community participation in decision-making. However, with well-designed policies, targeted programs, and effective financing strategies, countries can leverage this transition to drive inclusive and sustainable development\u2014creating new job opportunities, strengthening social protection, reducing poverty, and promoting environmental sustainability."
              }
            }
          ]
        }
      }
    },
    {
      "template_id": "text",
      "colorscheme": "light",
      "content": {
        "id": "text",
        "content": {
          "text_elements": [
            {
              "template_id": "paragraph_large",
              "content": {
                "text": "In the global push for decarbonization, advancing clean technology value chains\u2014from critical mineral extraction to final product manufacturing\u2014offers transformative opportunities for developing countries. Beyond refining raw minerals (e.g., lithium, cobalt), nations can ascend the value chain by localizing production of battery components, solar panels, or electric vehicle (EV) assembly, enhancing both economic resilience and their role in closing the global decarbonization gap.\r\nThis transition requires policies that incentivize technology transfer, workforce training, and partnerships with global firms\u2014ensuring developing economies are not just suppliers but innovators and competitors in the clean energy era."
              }
            }
          ]
        }
      }
    },
    {
      "template_id": "text",
      "colorscheme": "light",
      "content": {
        "id": "text",
        "content": {
          "text_elements": [
            {
              "template_id": "paragraph_large",
              "content": {
                "text": "Regional cooperation plays a crucial role in helping countries capture more value from their mineral production. Rather than negotiating individually with foreign companies, coordinated regional approaches can ensure more favourable conditions for mineral-rich nations.\nAdditionally, by pooling mineral supplies across regions, countries can better support the development of downstream industries, benefiting most from these shared resources."
              }
            }
          ]
        }
      }
    },
    {
      "template_id": "lesson_part_cover",
      "colorscheme": "dark",
      "content": {
        "id": "lesson_part_cover",
        "image": {
          "src": "https://ik.imagekit.io/seacademy/Photos/Module_5/M5_C1_L1_2.png",
          "caption": ""
        },
        "intro": "M3: Just Energy Transition | chapter 3 | Lesson 3 | Part 1",
        "title": "PART 1 \nFrom lithium extraction to the electric vehicle ",
        "cta": null
      }
    },
    {
      "template_id": "photo-vertical",
      "colorscheme": "dark",
      "content": {
        "id": "photo-vertical",
        "image": {
          "src": "https://ik.imagekit.io/seacademy/Photos/Module_5/M5_C2_L1_4.png",
          "caption": ""
        }
      }
    },
    {
      "template_id": "text",
      "colorscheme": "light",
      "content": {
        "id": "text",
        "content": {
          "text_elements": [
            {
              "template_id": "paragraph_large",
              "content": {
                "text": "The journey of lithium from its extraction to its use in electric vehicles (EVs) is intricate, underscoring the complexity of the battery value chain. At the heart of a battery are two poles\u2014an anode and a cathode\u2014separated by electrolytes that enable ion movement during charging and discharging. Cathode compositions vary, utilizing different ratios of lithium and other minerals based on capacity, voltage, and technology. For example, NMC batteries contain cobalt, nickel, and manganese, while LFP batteries use iron and phosphates. These components undergo chemical processing to form lithium oxide, the active material in the cathode.\nThe lithium battery production process spans multiple stages, each with distinct technologies, requirements, and market structures. The following Figure illustrates these stages and highlights the roles of various countries and regions along the value chain. Latin America and the Caribbean (LAC) hold 60% of the world\u2019s lithium resources, primarily within the \"lithium triangle\" of Argentina, Bolivia, and Chile. Despite this, LAC countries contribute only 32% of global lithium production, even though they possess 52% of the world\u2019s reserves."
              }
            }
          ]
        }
      }
    },
    {
      "template_id": "photo-full-height",
      "colorscheme": "dark",
      "content": {
        "id": "photo-full-height",
        "image": {
          "imageUrl": "https://ik.imagekit.io/seacademy/Photos/Module_5/M5_C2_L2_6.png"
        }
      }
    },
    {
      "template_id": "text",
      "colorscheme": "light",
      "content": {
        "id": "text",
        "content": {
          "text_elements": [
            {
              "template_id": "paragraph_large",
              "content": {
                "text": "In 2022, the global cathode material market reached $21 billion, with projections for significant growth in the coming decade. China and Asia dominate cathode production, accounting for 93% of global output in 2019. Vertical integration is becoming more common, with battery manufacturing increasingly aligned with EV production to reduce transportation costs and risks. This trend toward integrated operations, especially near EV consumption hubs, is driven by cost efficiency and the need for stable mineral supplies.\nLithium carbonate production for batteries requires substantial investment, and demand is expected to grow rapidly as the global energy transition accelerates. However, managing the socio-environmental impacts of lithium extraction and production requires coordinated efforts between public and private entities, modern and transparent institutions, and strong corporate social responsibility practices.\nLatin American countries must strengthen public-private and international partnerships to attract investment and develop their upstream value chains. Consolidating these partnerships is essential to leveraging lithium resources for economic development while positioning the region in new segments of the value chain."
              }
            }
          ]
        }
      }
    },
    {
      "template_id": "photo-vertical",
      "colorscheme": "dark",
      "content": {
        "id": "photo-vertical",
        "image": {
          "src": "https://ik.imagekit.io/seacademy/Photos/Module_5/M5_C3_L2_9.png",
          "caption": ""
        }
      }
    },
    {
      "template_id": "text",
      "colorscheme": "light",
      "content": {
        "id": "text",
        "content": {
          "text_elements": [
            {
              "template_id": "paragraph_large",
              "content": {
                "text": "Long-term strategic plans, aligned with local and international regulations (such as the Escaz\u00fa Agreement), are necessary to guide investment and ensure shared value creation.\nWhile there is no one-size-fits-all approach, cross-border knowledge exchange is key to progress. As LAC countries work to build local industrial capacity for battery production, opportunities exist to develop intermediate product manufacturing and integrate specialized local suppliers, thereby adding value to lithium production.\nThe expansion of the lithium value chain in LAC is expected to align with rising demand for EVs and electrification. Local expertise in the automotive sector will be crucial for developing the lithium refining and cathode production industries, which can spur job creation and technological innovation. Countries such as Colombia, Chile, Panama, and Peru are already exploring electromobility strategies, including building centralized charging infrastructures as a first step in expanding EV adoption."
              }
            }
          ]
        }
      }
    },
    {
      "template_id": "text",
      "colorscheme": "light",
      "content": {
        "id": "text",
        "content": {
          "text_elements": [
            {
              "template_id": "paragraph_large",
              "content": {
                "text": "The emerging battery recycling industry also offers significant potential for LAC, particularly as government support grows. By recycling electronic waste to recover critical materials, the region can improve waste management while reducing socio-environmental impacts. Circular business models will be essential for strengthening the sustainability and resilience of local economies.\nHowever, to fully capitalize on the global energy transition, LAC must adopt a holistic approach that enhances production, industries, value chains, and consumption patterns. This requires coordinated action from both the public and private sectors, supported by effective governance and urgent collaboration, particularly in the strategic development of lithium resources within global supply chains."
              }
            }
          ]
        }
      }
    },
    {
      "template_id": "lesson_subpart_cover",
      "colorscheme": "dark",
      "content": {
        "id": "lesson_subpart_cover",
        "image": {
          "src": "https://ik.imagekit.io/seacademy/Photos/Module_5/M5_C1_Outro_3.png",
          "caption": ""
        },
        "intro": "M3: Just Energy Transition | chapter 3 | Lesson 3 | Part 1 ",
        "title": "Case Study RBAS:\nRENEWABLE ENERGY MANUFACTURING INITIATIVE",
        "cta": null
      }
    },
    {
      "template_id": "text",
      "colorscheme": "light",
      "content": {
        "id": "text",
        "content": {
          "text_elements": [
            {
              "template_id": "paragraph_large",
              "content": {
                "text": "North Africa holds a potential for renewable energy development due to its abundant solar resources, increasing energy demands, and the region's strategic location. This makes it an ideal candidate for becoming a hub of renewable energy manufacturing.  \nLaunched during Abu Dhabi Sustainability Week 2023, the REMI program enhances the renewable energy sector in Africa and Southeast Asia through south-south cooperation . The initiative aims to accelerate the creation of green manufacturing capacity, support job creation and boost economic growth while meeting increasing energy demands.\nNorth African countries, particularly Algeria, Egypt, Morocco, and Tunisia, are pivotal to this initiative due to their significant renewable energy potential and existing infrastructure."
              }
            }
          ]
        }
      }
    },
    {
      "template_id": "text",
      "colorscheme": "light",
      "content": {
        "id": "text",
        "content": {
          "text_elements": [
            {
              "template_id": "paragraph_large",
              "content": {
                "text": "In North Africa, REMI promotes local value chains for essential technologies such as solar PV-cell manufacturing and cobalt NMC battery refining . The initiative seeks to reduce the reliance on imported technologies, thereby supporting sustainable economic growth and contribute to the country\u2019s climate mitigation efforts, with Morocco expected to bolster solar PV and battery components. Given Morocco\u2019s strong infrastructure and favourable policies, it is well positioned to become a key player in the renewable energy market. By 2030, the initiative expects that 8 to 14 million energy transition jobs in Africa could be created.\nDespite existing fiscal incentives like tax breaks and import duty exemptions that lower setup costs for renewable energy facilities, North African countries face several challenges. One significant barrier is the need for skilled labour and more robust infrastructure. The availability of these necessary production factors is crucial for high-value manufacturing. Building the necessary capabilities has been driven by training programs and the establishment of learning centres and research institutions, such as the Regional Centre for Renewable Energy and Energy Efficiency (RCREEE) in Egypt and the Research Institute for Solar Energy and Renewable Energies (IRESEN) in Morocco."
              }
            }
          ]
        }
      }
    },
    {
      "template_id": "text",
      "colorscheme": "light",
      "content": {
        "id": "text",
        "content": {
          "text_elements": [
            {
              "template_id": "paragraph_large",
              "content": {
                "text": "Another challenge is the lag in regulatory development. There is a need for stronger and more consistent policies and regulatory frameworks to support renewable energy sectors . Local content requirements (LCRs), which are rules ensuring a portion of the materials or labour used in manufacturing is sourced locally, play a crucial role in nurturing domestic industries. For instance, 50% of the CSP solar field in the Kuraymat project in Egypt was manufactured locally. These LCRs help integrate local supply chains in developing renewable energy products."
              }
            }
          ]
        }
      }
    },
    {
      "template_id": "photo-vertical",
      "colorscheme": "dark",
      "content": {
        "id": "photo-vertical",
        "image": {
          "src": "https://ik.imagekit.io/seacademy/Photos/Module_5/M5_C1_L1_4.png",
          "caption": ""
        }
      }
    },
    {
      "template_id": "text",
      "colorscheme": "light",
      "content": {
        "id": "text",
        "content": {
          "text_elements": [
            {
              "template_id": "paragraph_large",
              "content": {
                "text": "To address these gaps and barriers, REMI has implemented several actionable strategies. To overcome the challenge of skilled labour shortages, REMI supports technical schools and worker exchange programs to scale up training and career development opportunities for engineers and technicians in North Africa. By strengthening institutions like RCREEE and IRESEN, the initiative ensures that adequate training and education are available to develop a skilled workforce. \nFurthermore, REMI assists in the creation of strong business cases for green manufacturers, identifying optimal operating models, and providing tailored advocacy and policy support to attract green manufacturing investments. Another strategy is providing end-to-end grant support for green manufacturing projects, from planning and financing to operations and sales. These pilot projects aim to demonstrate the viability of local manufacturing of solar PV, batteries, and e-mobility solutions. By ensuring that a portion of materials or labour is sourced locally through LCRs, the program nurtures domestic industries and integrates local supply chains in developing renewable energy products."
              }
            }
          ]
        }
      }
    },
    {
      "template_id": "text",
      "colorscheme": "light",
      "content": {
        "id": "text",
        "content": {
          "text_elements": [
            {
              "template_id": "paragraph_large",
              "content": {
                "text": "By adopting successful models from other countries, North African nations can enhance their renewable energy manufacturing capabilities by adopting successful models from other countries . For example, Morocco can implement favourable regulations to strengthen supply chains, spur local demand, and explore export opportunities.\r\n\nReferences:\nhttps://www.seforall.org/programmes/un-energy/South-South-Cooperation/aremi\nAfrica Renewable Energy Manufacturing OPPORTUNITY AND ADVANCEMENT Report, SE4All\nhttps://www.seforall.org/system/files/2023-10/Africa%20REMI%20overview.pdf\nhttps://www.seforall.org/press-releases/new-africa-renewable-energy-manufacturing-initiative-will-help-unleash-12-terawatts"
              }
            }
          ]
        }
      }
    },
    {
      "template_id": "key_takeaways",
      "colorscheme": "dark",
      "content": {
        "id": "key_takeaways",
        "title": "KEY TAKEAWAYS",
        "intro": "If you only have space to remember 3 things:",
        "cards": [
          {
            "image": {
              "src": "src",
              "caption": "image caption",
              "url": null
            },
            "title": "Developing Countries Can Leverage Critical Minerals for Higher-Value Economic Activities",
            "description": "The energy transition offers developing nations the opportunity to move beyond raw material exports and engage in higher-value activities like mineral processing and battery production. By advancing their position in the value chain, countries can reduce input costs for local infrastructure, drive economic development, and create more resilient economies."
          },
          {
            "image": {
              "src": "nature",
              "caption": "image caption",
              "url": null
            },
            "title": "Regional Collaboration and Strategic Partnerships are Key to Value Chain Advancement",
            "description": "Coordinated regional approaches, rather than individual negotiations with foreign companies, can help mineral-rich countries capture more value from their resources. By pooling mineral supplies and fostering cross-border knowledge exchange, regions can develop downstream industries, attract investment, and integrate into global supply chains.  "
          },
          {
            "image": {
              "src": "src",
              "caption": "image caption",
              "url": null
            },
            "title": "Localized Manufacturing and Circular Economies Enhance Sustainability and Resilience ",
            "description": "Initiatives like Morocco\u2019s Renewable Energy Manufacturing Initiative (REMI) demonstrate the potential for localized manufacturing of renewable energy technologies, such as solar PV and battery components. By reducing reliance on imports and integrating local supply chains, countries can create jobs, boost economic growth, and enhance sustainability. Additionally, the emerging battery recycling industry offers opportunities to improve waste management, reduce socio-environmental impacts, and strengthen circular economies."
          }
        ]
      }
    },
    {
      "template_id": "connection_next",
      "colorscheme": "dark",
      "content": {
        "id": "connection_next",
        "image": {
          "src": "https://ik.imagekit.io/seacademy/Photos/Module_5/M5_C1_Intro_2.png",
          "caption": ""
        },
        "intro": "Return to",
        "title": "Chapter: \u2028Geospatial Data in Electrification planning and policy",
        "cta": "Back"
      }
    }
  ]
}