{
  "id": "3.3.2",
  "segments": [
    {
      "template_id": "photo-vertical",
      "colorscheme": "dark",
      "content": {
        "image": {
          "src": "https://ik.imagekit.io/seacademy/Photos/Module_5/M5_C3_L2_13.png",
          "caption": ""
        }
      }
    },
    {
      "template_id": "text",
      "colorscheme": "light",
      "content": {
        "text_elements": [
          {
            "template_id": "subtitle",
            "content": {
              "text": "Habitats"
            }
          },
          {
            "template_id": "paragraph_large",
            "content": {
              "text": "Wind projects can disrupt habitats and contribute to soil erosion and drying through construction activities, operational effects, and changes in land use. Recent researches show that wind turbines can significantly reduce soil moisture within wind farms. This drought effect varies by season and wind direction (Wang et al., 2023.) The soil-drying effect is particularly pronounced in grassland areas, where it may impact local ecosystems and vegetation health. Mitigation measures include careful site selection to avoid sensitive habitats, the use of erosion control practices like replanting vegetation around turbines, and the implementation of buffer zones to protect wildlife corridors. A deeper understanding of seasonal and directional soil impacts is essential to help manage these effects on grassland ecosystems, along with ongoing monitoring to adapt management strategies as needed."
            }
          }
        ]
      }
    },
    {
      "template_id": "text",
      "colorscheme": "light",
      "content": {
        "text_elements": [
          {
            "template_id": "subtitle",
            "content": {
              "text": "Birds"
            }
          },
          {
            "template_id": "paragraph_large",
            "content": {
              "text": "Wind turbines can pose a collision risk to migrating birds, especially during peak migration seasons when billions of birds fill the skies. The spinning blades can be particularly hazardous in areas of high winds, where migratory routes converge. Researchers have proposed various solutions to mitigate this issue. One effective method involves improving blade visibility by painting them black or with black and white stripes, significantly reducing bird fatalities. Using artificial intelligence to detect approaching birds and powering down turbines to prevent collisions is another innovative approach. By implementing these strategies and carefully situating wind farms to avoid high-risk areas for bird collisions, the impact of wind energy development on migrating birds can be minimized while still harnessing the benefits of RE."
            }
          }
        ]
      }
    },
    {
      "template_id": "text",
      "colorscheme": "light",
      "content": {
        "text_elements": [
          {
            "template_id": "subtitle",
            "content": {
              "text": "Local Climate"
            }
          },
          {
            "template_id": "paragraph_large",
            "content": {
              "text": "The proliferation of wind power installations has prompted concerns about local climate variations, exemplified by instances such as droughts reported in Inner Mongolia (Liu et al., 2024). Studies carried out in wind-rich regions like the San Gorgonio wind zone indicate that large turbines can influence local temperatures. Although the severity of these effects necessitates further observation, simulations suggest that they are predominantly regional rather than global in scope. Environmental engineers have also raised concerns about turbulence around turbines and its potential contribution to long-distance climate changes. Continuous monitoring and advanced research are essential in this regard."
            }
          }
        ]
      }
    },
    {
      "template_id": "text",
      "colorscheme": "light",
      "content": {
        "text_elements": [
          {
            "template_id": "subtitle",
            "content": {
              "text": "Wellbeing"
            }
          },
          {
            "template_id": "paragraph_large",
            "content": {
              "text": "The proximity of wind turbines to residential areas can result in various adverse effects on human life, notably disturbances arising from noise levels and visual impacts, including the dominant presence of large structures on the landscape, may contribute to a sense of intrusion and aesthetic dissatisfaction. An additional concern is shadow flicker, which occurs when rotating turbine blades cast intermittent shadows on nearby properties. This flickering effect can cause discomfort, distraction, and in some cases, stress for residents. Prolonged exposure to shadow flicker may impact mental well-being, especially for individuals sensitive to visual stimuli. Technological solutions, such as software that limits turbine operation during peak shadow flicker times, can further reduce these impacts. Strategic landscaping, including the planting of trees or installation of visual barriers, can also help mitigate visual intrusion, fostering a more balanced coexistence between wind energy infrastructure and local communities."
            }
          }
        ]
      }
    },
    {
      "template_id": "text",
      "colorscheme": "light",
      "content": {
        "text_elements": [
          {
            "template_id": "subtitle",
            "content": {
              "text": "Noise"
            }
          },
          {
            "template_id": "paragraph_large",
            "content": {
              "text": "The noise generated by wind turbines, categorized into aerodynamic and mechanical types, has sparked debate. While the impact of mechanical noise lacks definitive evidence, its low-frequency nature may disrupt human lives. Research conducted by Miller and Keith (2018) has established a correlation between wind turbine sound pressure levels and adverse effects on nearby residents, potentially leading to sleep disorders and hearing loss. Furthermore, the low-frequency aerodynamic noise from wind turbines may pose health risks, including harm to the vestibular system. Proposed mitigation measures include situating turbines at least 2 km away from residential areas or optimizing house construction to minimize interference"
            }
          }
        ]
      }
    },
    {
      "template_id": "lesson_part_cover",
      "colorscheme": "dark",
      "content": {
        "image": {
          "src": "https://ik.imagekit.io/seacademy/Photos/Module_5/M5_C4_Intro_6.png",
          "caption": ""
        },
        "intro": "M3: Just Energy Transition | chapter 3 | Lesson 2 | Part 2",
        "title": "PART 2 Impacts of Solar Power",
        "cta": null
      }
    },
    {
      "template_id": "photo-vertical",
      "colorscheme": "dark",
      "content": {
        "image": {
          "src": "https://ik.imagekit.io/seacademy/Photos/Module_5/M5_C2_Outro_3.png",
          "caption": ""
        }
      }
    },
    {
      "template_id": "text",
      "colorscheme": "dark",
      "content": {
        "text_elements": [
          {
            "template_id": "paragraph_small",
            "content": {
              "text": "The environmental impact of solar energy includes several factors, primarily land use and greenhouse gas emissions from the manufacturing and transportation of panels. Additionally, the use of hazardous materials in production processes contributes to solar power environmental footprint."
            }
          }
        ]
      }
    },
    {
      "template_id": "text",
      "colorscheme": "light",
      "content": {
        "text_elements": [
          {
            "template_id": "subtitle",
            "content": {
              "text": "Land use"
            }
          },
          {
            "template_id": "subtitle",
            "content": {
              "text": "Hazardous material"
            }
          },
          {
            "template_id": "paragraph_large",
            "content": {
              "text": "Solar power generation requires large areas of land for solar panel installations, potentially leading to habitat destruction and loss of biodiversity. Reports indicate that solar systems, including PV and Concentrated Solar Power (CSP), have high energy land-use intensity compared to other energy technologies, with projected substantial land requirements for future growth (Van de Ven et al., 2021) The potential land requirements and related land use change emissions of solar energy. Innovative approaches like dual-angle solar arrays may mitigate land use impact."
            }
          },
          {
            "template_id": "paragraph_large",
            "content": {
              "text": "The Photo Voltaics (PV) manufacturing process akin to most clean energy technology involves hazardous materials like acids and chemicals, posing risks to workers and potential environmental threats if not handled and disposed of properly. Additionally, thin-film PV cells contain more toxic materials, emphasizing the importance of proper management to avoid environmental and health hazards (National Renewable Energy Laboratory, 2012)."
            }
          }
        ]
      }
    },
    {
      "template_id": "text",
      "colorscheme": "light",
      "content": {
        "text_elements": [
          {
            "template_id": "subtitle",
            "content": {
              "text": "GHG emissions"
            }
          },
          {
            "template_id": "subtitle",
            "content": {
              "text": "Water consumption"
            }
          },
          {
            "template_id": "paragraph_large",
            "content": {
              "text": "Emissions primarily arise from the energy-intensive processes involved in extracting and refining raw materials, such as silicon, and producing photovoltaic cells. Transporting panels from manufacturing sites to installation locations further adds to the carbon footprint, especially for projects in remote areas. However, advancements in manufacturing efficiency and the adoption of cleaner energy sources for production are gradually reducing these emissions, enhancing the overall sustainability of solar power."
            }
          },
          {
            "template_id": "paragraph_large",
            "content": {
              "text": "Water usage varies depending on plant design and cooling technology, with CSP plants requiring significant amounts of water for cooling, albeit with alternatives like dry cooling to reduce consumption (Tawalbeh et al., 2020)."
            }
          }
        ]
      }
    },
    {
      "template_id": "lesson_part_cover",
      "colorscheme": "dark",
      "content": {
        "image": {
          "src": "https://ik.imagekit.io/seacademy/Photos/Module_5/M5_C1_L1_12.png",
          "caption": ""
        },
        "intro": "M3: Just Energy Transition | chapter 3 | Lesson 2 | Part 3",
        "title": "PART 3 Impacts of Hydropower",
        "cta": null
      }
    },
    {
      "template_id": "photo-vertical",
      "colorscheme": "dark",
      "content": {
        "image": {
          "src": "https://ik.imagekit.io/seacademy/Photos/Module_5/M5_C3_L2_14.png",
          "caption": ""
        }
      }
    },
    {
      "template_id": "text",
      "colorscheme": "light",
      "content": {
        "text_elements": [
          {
            "template_id": "subtitle",
            "content": {
              "text": "Ecosystems"
            }
          },
          {
            "template_id": "paragraph_large",
            "content": {
              "text": "One prominent consequence is the alteration of natural river systems, where blocking or diverting river flows disrupts vital migration routes for fish. This interruption poses a severe threat to fish populations, hindering their ability to reach breeding grounds and leading to a decline in overall numbers. Despite attempts to mitigate these effects using fish ladders, these solutions often fall short of adequately supporting fish migrations. Moreover, the damming of rivers frequently results in diminished downstream water and sediment flows, depriving wildlife of essential habitats and nutrients. This disruption not only threatens the biodiversity of river ecosystems but also undermines the well-being of downstream animal populations reliant on these resources (Augustine et al., 2012)"
            }
          }
        ]
      }
    },
    {
      "template_id": "text",
      "colorscheme": "light",
      "content": {
        "text_elements": [
          {
            "template_id": "subtitle",
            "content": {
              "text": "Indirect GHG emissions"
            }
          },
          {
            "template_id": "paragraph_large",
            "content": {
              "text": "Reservoirs act as carbon sinks, trapping organic matter that decomposes and releases greenhouse gases such as carbon dioxide and methane into the water. While hydroelectric plants themselves do not directly emit greenhouse gases during operation, the life-cycle emissions associated with reservoir creation can be substantial, particularly in tropical areas or temperate peatlands where decomposition rates are higher. This underscores the importance of carefully considering the environmental ramifications of hydropower projects and adopting site-specific mitigation strategies to minimize their ecological footprint (Source: National Academy of Sciences. 2010)"
            }
          }
        ]
      }
    },
    {
      "template_id": "key_takeaways",
      "colorscheme": "dark",
      "content": {
        "title": "KEY TAKEAWAYS",
        "intro": "If you only have space to remember 3 things:",
        "cards": [
          {
            "image": {
              "src": "https://ik.imagekit.io/seacademy/Photos/Module_5/M5_C3_L1_11.png",
              "caption": "image caption",
              "url": null
            },
            "title": "Lifecycle GHG Assessments Reveal the True Environmental Footprint of Energy Technologies",
            "description": "While renewable energy sources like wind and solar have significantly lower lifecycle greenhouse gas emissions compared to fossil fuels, a comprehensive evaluation must consider the entire supply chain—from extraction and manufacturing to disposal. This ensures that the transition to renewables does not inadvertently introduce new environmental challenges."
          },
          {
            "image": {
              "src": "https://ik.imagekit.io/seacademy/Photos/Module_5/M5_C3_L2_12.png",
              "caption": "image caption",
              "url": null
            },
            "title": "Renewable Energy Deployment Must Address Localized Environmental and Social Impacts",
            "description": "The deployment of renewable energy technologies, such as wind turbines and solar farms, can lead to localized environmental disruptions, including habitat destruction, noise pollution, and changes in local climate patterns. Mitigation strategies, such as optimizing turbine placement, improving blade visibility, and using dual-angle solar arrays, are essential to minimize these impacts while maximizing the benefits of clean energy."
          },
          {
            "image": {
              "src": "https://ik.imagekit.io/seacademy/Photos/Module_5/M5_C4_L3_6.png",
              "caption": "image caption",
              "url": null
            },
            "title": "Hydropower’s Ecological Trade-offs Require Site-Specific Mitigation Strategies",
            "description": "Large-scale hydropower projects, while low in direct emissions, can significantly alter river ecosystems, disrupt fish migration, and release indirect greenhouse gases from reservoirs. Site-specific mitigation measures, such as improved fish passage systems and careful reservoir management, are crucial to balancing the ecological trade-offs and ensuring that hydropower remains a sustainable energy option."
          }
        ]
      }
    },
    {
      "template_id": "connection_next",
      "colorscheme": "dark",
      "content": {
        "image": {
          "src": "https://ik.imagekit.io/seacademy/Photos/Module_5/M5_C4_L1_6.png",
          "caption": ""
        },
        "intro": "Return to",
        "title": "Chapter: Geospatial Data in Electrification planning and policy",
        "nextLessonId": "3.3.3",
        "cta": "Back"
      }
    }
  ]
}