{
  "id": "3.3.0",
  "segments": [
    {
      "template_id": "chapter_cover",
      "colorscheme": "dark",
      "content": {
        "id": "chapter_cover",
        "image": {
          "src": "https://ik.imagekit.io/seacademy/Photos/Module_5/M5_Intro_8.png",
          "caption": ""
        },
        "intro": {
          "label": "3",
          "number": "chapter"
        },
        "title": "A JET THAT PRESERVES NATURE AND CATALYZES ECONOMIC GROWTH\r\u00a0\n",
        "cta": "Scroll, tab or use your keyboard to move ahead "
      }
    },
    {
      "template_id": "text",
      "colorscheme": "light",
      "content": {
        "id": "text",
        "content": {
          "text_elements": [
            {
              "template_id": "subtitle",
              "content": {
                "text": "CHAPTER 3 OVERVIEW"
              }
            },
            {
              "template_id": "subtitle",
              "content": {
                "text": "Module 3 - JUST ENERGY TRANSITION"
              }
            },
            {
              "template_id": "paragraph_large",
              "content": {
                "text": "This chapter examines the pivotal role of critical minerals in the global energy transition, highlighting their importance for renewable energy technologies such as wind turbines, solar panels, and electric vehicles. It explores the challenges and opportunities associated with the rising demand for minerals like lithium, cobalt, and rare earth elements, emphasizing the need for sustainable and responsible extraction practices.\nThe chapter also addresses the geographic concentration of mineral resources, the environmental and social risks of mining, and the importance of international cooperation to ensure equitable and sustainable development. Through case studies and data-driven insights, it underscores the necessity of balancing economic growth with environmental integrity and social well-being to achieve a just energy transition."
              }
            }
          ]
        }
      }
    },
    {
      "template_id": "list_of_lessons",
      "colorscheme": "dark",
      "content": {
        "id": "list_of_lessons",
        "title": "What's next in this chapter?",
        "lessons": [
          {
            "cta": "Go to the lesson",
            "image": {
              "src": "src",
              "caption": "image caption",
              "url": null
            },
            "title": "3.1 Critical Minerals and Materials\n",
            "progress": "completed"
          },
          {
            "cta": "Go to the lesson",
            "image": {
              "src": "src",
              "caption": "image caption",
              "url": null
            },
            "title": "3.2 Environmental Concerns of Clean Energy Technology Deployment",
            "progress": "completed"
          },
          {
            "cta": "Go to the lesson",
            "image": {
              "src": "src",
              "caption": "image caption",
              "url": null
            },
            "title": "3.3 Advancing the Value Chain",
            "progress": "not_started"
          }
        ]
      }
    },
    {
      "template_id": "connection_next",
      "colorscheme": "dark",
      "content": {
        "id": "connection_next",
        "image": {
          "src": "https://ik.imagekit.io/seacademy/Photos/Module_5/M5_C2_L1_4.png",
          "caption": ""
        },
        "intro": "Next up",
        "title": "Lesson 1 on\u2028Critical minerals and materials\n",
        "cta": "Start learning"
      }
    }
  ]
}