{
  "id": "3.4.2",
  "segments": [
    {
      "template_id": "lesson_cover",
      "colorscheme": "dark",
      "content": {
        "image": {
          "src": "https://ik.imagekit.io/seacademy/Photos/Module_5/M5_C4_L1_4.png",
          "caption": ""
        },
        "intro": {
          "label": "Lesson",
          "number": "2"
        },
        "title": "COMMUNITY-LED SUSTAINABLE ENERGY PROJECTS AND COMMUNITY-BASED SOLUTIONS",
        "cta": null
      }
    },
    {
      "template_id": "text",
      "colorscheme": "dark",
      "content": {
        "text_elements": [
          {
            "template_id": "paragraph_small",
            "content": {
              "text": "Community-led sustainable energy projects serve as powerful tools for empowering local communities worldwide, exemplifying the transformative potential of grassroots initiatives in shaping a more just energy system. These initiatives not only deploy renewable technologies and enhance energy efficiency but also foster social cohesion, economic development, and environmental stewardship. By prioritizing community engagement, these projects go beyond simply generating clean energy; they are about building trust and collaboration within communities while addressing historical societal inequalities in energy systems."
            }
          }
        ]
      }
    },
    {
      "template_id": "photo-vertical",
      "colorscheme": "dark",
      "content": {
        "image": {
          "src": "https://ik.imagekit.io/seacademy/Photos/Module_5/M5_C1_L1_14.png",
          "caption": ""
        }
      }
    },
    {
      "template_id": "photo-vertical",
      "colorscheme": "dark",
      "content": {
        "image": {
          "src": "https://ik.imagekit.io/seacademy/Photos/Module_5/M5_C1_L1_1.png",
          "caption": ""
        }
      }
    },
    {
      "template_id": "text",
      "colorscheme": "dark",
      "content": {
        "text_elements": [
          {
            "template_id": "paragraph_small",
            "content": {
              "text": "The battery resource initiative in northern Perth, Australia, demonstrates how community-based energy projects can enhance collective savings and reduce grid stress. Ongoing efforts to map similar initiatives and their benefits are being carried out under the IEA’s Digital Demand-Driven Electricity Networks Initiative (3DEN) as part of broader efforts to improve demand-side flexibility in clean energy transitions."
            }
          }
        ]
      }
    },
    {
      "template_id": "photo-vertical",
      "colorscheme": "dark",
      "content": {
        "image": {
          "src": "https://ik.imagekit.io/seacademy/Photos/Module_5/M5_C2_L1_17.png",
          "caption": ""
        }
      }
    },
    {
      "template_id": "text",
      "colorscheme": "light",
      "content": {
        "text_elements": [
          {
            "template_id": "paragraph_large",
            "content": {
              "text": "Policy support and regulatory reforms are essential for scaling up community-led energy projects and ensuring their widespread adoption. Initiatives such as the European Parliament's funding for advisory services and technical assistance for community initiatives demonstrate steps in the right direction. Additionally, sharing best practices globally can empower communities to access local, clean, and affordable energy solutions, thereby enhancing energy efficiency and community benefits through local generation and sharing, which can alleviate pressure on power systems and mitigate carbon emissions."
            }
          }
        ]
      }
    },
    {
      "template_id": "lesson_subpart_cover",
      "colorscheme": "dark",
      "content": {
        "image": {
          "src": "https://ik.imagekit.io/seacademy/Photos/Module_5/M5_C1_Intro_2.png",
          "caption": ""
        },
        "intro": "M1: Just Energy Transition | chapter 1 | Lesson 1 | Part 1 | A",
        "title": "Case Study CARIBBEAN SIDS: THE MOUNTAIN HYDROELECTRIC COOPERATIVE",
        "cta": null
      }
    },
    {
      "template_id": "text",
      "colorscheme": "light",
      "content": {
        "text_elements": [
          {
            "template_id": "paragraph_large",
            "content": {
              "text": "The Cooperativa Hidroeléctrica de la Montaña in Puerto Rico’s Cordillera Central mountain range has 3 projects that are complementary to one another and are a social investment to improve the living conditions of the residents. These three projects were created to address the extended electricity outages, triggering a humanitarian crisis due to the aftermath of Hurricane Maria which intensified the lack of access to health, food, and water facilities. First, the Hydro Energy Reborn project consists of acquiring, resorting, and generating electricity through existing hydroelectric plants. Second, the Community Resilience through Photovoltaic Energy project focuses on forgotten and ignored citizens who were without power for more than one year. As a community resilience program, it ensures that residents of the most remote areas have access to electricity after the next natural disaster and, under normal conditions, cost-effective electricity with a fixed price. Lastly, the Microgrid of the Mountain project better serves the energy needs of the people of Cordillera Central with cost-effective and resilient electric power from renewable sources by providing residents with greater energy resilience to natural disasters."
            }
          }
        ]
      }
    },
    {
      "template_id": "text",
      "colorscheme": "light",
      "content": {
        "text_elements": [
          {
            "template_id": "paragraph_large",
            "content": {
              "text": "At the core of this initiative is the promotion of energy democracy, where communities in the Cordillera Central are empowered to own and control their renewable energy assets. This ensures that they receive affordable, resilient energy while actively participating in the decision-making processes that shape their energy future. By addressing the inequities caused by unreliable electricity, the initiative supports the economic development of the region, creating both direct and indirect job opportunities for local residents. This approach aligns with the principles of a just energy transition, which prioritizes community involvement, equity, and long-term sustainability, ensuring that the benefits of the energy transition are shared fairly and inclusively. There are key lessons learned from these projects: the Hydro Energy Reborn project and the Community Resilience through Photovoltaic Energy project focus on governance and community, while the Microgrid of the Mountain project demonstrates how best to utilize existing resources. In the Hydro Energy Reborn project, collaborative governance was crucial; the scope of the initiative improved when municipalities came together and participated in sharing responsibilities. The benefits emerged from utilizing the electricity generated within the community, which kept control of those resources in the hands of the residents."
            }
          }
        ]
      }
    },
    {
      "template_id": "photo-vertical",
      "colorscheme": "dark",
      "content": {
        "image": {
          "src": "https://ik.imagekit.io/seacademy/Photos/Module_5/M5_C3_Intro_4.png",
          "caption": ""
        }
      }
    },
    {
      "template_id": "text",
      "colorscheme": "light",
      "content": {
        "text_elements": [
          {
            "template_id": "paragraph_large",
            "content": {
              "text": "The empowerment of communities, as well as the ownership and control over energy assets, proved critical for ensuring community resilience and fostering energy democracy. By retaining ownership and including leasing arrangements in the Community Resilience through Photovoltaic Energy project, residents were shielded from volatile energy costs and had a vested interest in the long-term success of the project. These projects integrated local expertise and knowledge, harnessing local talent. The initiatives utilized resources and involved community members in decision-making processes, ensuring that the solutions were tailored to the specific needs and priorities of those communities. As the projects matured, it became clear that there was a strong need for political leaders representing the residents in the service area to come together to help accelerate the development of the projects. Fostering these partnerships is a way to overcome institutional barriers and achieve greater impact. Lastly, the Microgrid of the Mountain project exemplified the potential of leveraging existing resources for community resilience by revitalizing underused hydroelectric plants. This approach would result in little to no negative impact on the environment or the initial investment because these hydroelectric plants are already built. All that remains is to optimize and maximize the existing resources."
            }
          }
        ]
      }
    },
    {
      "template_id": "text",
      "colorscheme": "light",
      "content": {
        "text_elements": [
          {
            "template_id": "paragraph_large",
            "content": {
              "text": "The successes and strong base of these projects underscore their potential to be replicated. The collaborative model of the projects and integration of multiple municipalities can be applied to regions where regional connectivity is not optimized. Utilization of existing infrastructure demonstrates the potential for the same repurposing of neglected resources in many more countries. The successes and strong base of these projects underscore their potential to be replicated. The collaborative model of the Hydro Energy Reborn project and the Community Resilience through Photovoltaic Energy project, along with the integration of multiple municipalities, can be applied to regions where regional connectivity is not optimized. This approach emphasizes energy justice by ensuring that marginalized communities have a voice in decision-making and ownership of energy resources. The utilization of existing infrastructure, as demonstrated in the Microgrid of the Mountain project, showcases the potential for repurposing neglected resources, promoting environmental sustainability, and enhancing energy equity. By fostering community resilience and prioritizing local needs, these projects illustrate how similar initiatives can be implemented in many more countries to advance energy democracy and ensure that everyone benefits from accessible, reliable, and affordable energy.."
            }
          }
        ]
      }
    },
    {
      "template_id": "key_takeaways",
      "colorscheme": "dark",
      "content": {
        "title": "KEY TAKEAWAYS",
        "intro": "If you only have space to remember 3 things:",
        "cards": [
          {
            "image": {
              "src": "https://ik.imagekit.io/seacademy/Photos/Module_5/M5_C4_Outro_1.png",
              "caption": "image caption",
              "url": null
            },
            "title": "Community-Led Energy Projects as Catalysts for Systemic Change",
            "description": "Community-led sustainable energy initiatives not only provide clean energy but also foster social cohesion, economic development, and environmental stewardship by empowering communities to own and manage their energy resources. This approach shifts the paradigm from top-down energy systems to decentralized, participatory models that prioritize local needs and resilience."
          },
          {
            "image": {
              "src": "https://ik.imagekit.io/seacademy/Photos/Module_5/M5_Intro_7.png",
              "caption": "image caption",
              "url": null
            },
            "title": "Policy and Regulatory Frameworks are Key to Scaling Community Energy Solutions",
            "description": "The success of community-led energy projects hinges on supportive policy environments and regulatory reforms. Initiatives like the European Parliament’s funding for advisory services and technical assistance highlight the importance of institutional backing. By sharing best practices and providing financial and technical support, policymakers can enable the replication of successful models, ensuring that community energy projects can scale and thrive in diverse contexts."
          },
          {
            "image": {
              "src": "https://ik.imagekit.io/seacademy/Photos/Module_5/M5_C4_Intro_2.png",
              "caption": "image caption",
              "url": null
            },
            "title": "Leveraging Existing Infrastructure for Sustainable Energy Transitions",
            "description": "Projects like the Microgrid of the Mountain in Puerto Rico illustrate the potential of repurposing underutilized infrastructure, such as old hydroelectric plants, to enhance energy resilience and sustainability. This approach minimizes environmental impact and capital investment while maximizing local resource utilization. By integrating local expertise and fostering collaborative governance, such initiatives can serve as blueprints for other regions seeking to optimize existing assets for community-driven energy solutions."
          }
        ]
      }
    },
    {
      "template_id": "connection_next",
      "colorscheme": "dark",
      "content": {
        "image": {
          "src": "https://ik.imagekit.io/seacademy/Photos/Module_5/M5_C2_L2_13.png",
          "caption": ""
        },
        "intro": "Return to",
        "title": "Chapter: Geospatial Data in Electrification planning and policy",
        "nextLessonId": "3.4.3",
        "cta": "Back"
      }
    }
  ]
}