{
  "id": "3.4.0",
  "segments": [
    {
      "template_id": "chapter_cover",
      "colorscheme": "dark",
      "content": {
        "image": {
          "src": "https://ik.imagekit.io/seacademy/Photos/Module_5/M5_C4_Intro_6.png",
          "caption": ""
        },
        "intro": {
          "label": "Chapter",
          "number": "4"
        },
        "title": "STRATEGIC GOVERNANCE AND PARTNERSHIP MODELS FOR JUST ENERGY TRANSITIONS",
        "cta": "Scroll, tab or use your keyboard to move ahead"
      }
    },
    {
      "template_id": "text",
      "colorscheme": "light",
      "content": {
        "text_elements": [
          {
            "template_id": "subtitle",
            "content": {
              "text": "CHAPTER 4 OVERVIEW"
            }
          },
          {
            "template_id": "subtitle",
            "content": {
              "text": "Module 3 - JUST ENERGY TRANSITION"
            }
          },
          {
            "template_id": "paragraph_large",
            "content": {
              "text": "This chapter explores the critical role of governance and strategic partnerships in driving a just energy transition. It emphasizes the need for comprehensive, integrated approaches that address the social, economic, and environmental dimensions of the transition, ensuring no one is left behind. Key themes include the importance of proactive planning, strategic foresight, and the transformation of physical infrastructure to enhance resilience and equity. The chapter also highlights the role of Just Energy Transition Partnerships (JETPs) as innovative financing mechanisms to support developing countries in shifting from fossil fuels to clean energy. Case studies, such as Zimbabwe’s employment impact modeling, illustrate how data-driven assessments and inclusive stakeholder engagement can inform effective policy development. The chapter underscores the necessity of transparency, equity, and international cooperation to achieve sustainable and just energy transitions."
            }
          }
        ]
      }
    },
    {
      "template_id": "list_of_lessons",
      "colorscheme": "dark",
      "content": {
        "title": "What's next in this chapter?",
        "lessons": [
          {
            "cta": "Go to the lesson",
            "image": {
              "src": "https://ik.imagekit.io/seacademy/Photos/Module_5/M5_C2_L3_3.png",
              "caption": "image caption",
              "url": null
            },
            "title": "4.1 Governance Strategies for a Just Energy Transition",
            "progress": "completed"
          },
          {
            "cta": "Go to the lesson",
            "image": {
              "src": "https://ik.imagekit.io/seacademy/Photos/Module_5/M5_C4_L3_9.png",
              "caption": "image caption",
              "url": null
            },
            "title": "4.2 Community-Led Sustainable Energy Projects and Community-Based Solutions",
            "progress": "completed"
          },
          {
            "cta": "Go to the lesson",
            "image": {
              "src": "https://ik.imagekit.io/seacademy/Photos/Module_5/M5_C2_L3_4.png",
              "caption": "image caption",
              "url": null
            },
            "title": "4.3 Just Energy Transition Partnerships (JET-P)",
            "progress": "not_started"
          }
        ]
      }
    },
    {
      "template_id": "connection_next",
      "colorscheme": "dark",
      "content": {
        "image": {
          "src": "https://ik.imagekit.io/seacademy/Photos/Module_5/M5_C2_L1_1.png",
          "caption": ""
        },
        "intro": "Next up",
        "title": "Lesson 1 on Governance Strategies for a Just Energy Transition",
        "nextLessonId": "3.4.1",
        "cta": "Start learning"
      }
    }
  ]
}