{
  "id": "4.0.0",
  "segments": [
    {
      "template_id": "module_cover",
      "content": {
        "image": {
          "src": "https://coolermed.com/wp-content/uploads/2023/02/what-is-sustainable-energy-how-to-apply-it-to-medical-use.jpg",
          "caption": ""
        },
        "module": {
          "label": "Module",
          "Number": "4"
        },
        "title": "Module 4 Introduction",
        "cta": "Scroll, tab or use your keyboard to move ahead"
      },
      "colorscheme": "light"
    },
    {
      "template_id": "text",
      "colorscheme": "light",
      "content": {
        "text_elements": [
          {
            "template_id": "subtitle",
            "content": {
              "text": "Module Overview"
            }
          },
          {
            "template_id": "subtitle_small",
            "content": {
              "text": "Labore eius sit dolorem."
            }
          },
          {
            "template_id": "paragraph_large",
            "content": {
              "text": "Dolorem quaerat dolorem porro consectetur aliquam quisquam quisquam. Labore amet sit voluptatem numquam numquam numquam non. Dolore sed etincidunt numquam tempora tempora quaerat. Ut quaerat voluptatem neque etincidunt numquam tempora. Est adipisci non tempora sit porro aliquam. Velit quaerat modi etincidunt numquam aliquam aliquam."
            }
          }
        ]
      }
    },
    {
      "template_id": "learning_objectives",
      "content": {
        "title": "Learning Objectives",
        "intro": "Quisquam quaerat dolor porro amet ut modi.",
        "objectives": [
          {
            "image": {
              "src": "https://www.undp.org/sites/g/files/zskgke326/files/2023-05/1525381088_0.jpg",
              "caption": ""
            },
            "title": "Ut ipsum quisquam quisquam dolorem porro consectetur etincidunt.",
            "description": "Modi tempora dolore sit modi voluptatem non. Velit amet eius ut non quiquia aliquam dolor. Numquam adipisci non est tempora quiquia non voluptatem. Tempora magnam etincidunt ipsum porro quaerat quiqui"
          },
          {
            "image": {
              "src": "https://www.healthtechdigital.com/wp-content/uploads/Artificial-Intelligence-in-renewable-energy-market-Study-shows-important-fields-of-application.-min.jpg",
              "caption": ""
            },
            "title": "Quaerat dolore est consectetur.",
            "description": "Quiquia adipisci aliquam etincidunt. Consectetur velit etincidunt voluptatem. Labore modi neque sed. Modi labore dolor eius dolor ipsum etincidunt. Dolorem velit etincidunt dolor ut eius quaerat. Cons"
          },
          {
            "image": {
              "src": "https://www.powerengineeringint.com/wp-content/uploads/2024/04/renewable-energy_cybersecurity.jpg",
              "caption": ""
            },
            "title": "Neque velit modi amet velit sit ipsum etincidunt.",
            "description": "Modi dolorem etincidunt quisquam. Dolorem adipisci voluptatem dolor. Non sed velit dolorem non. Dolorem amet sed voluptatem etincidunt quiquia. Ipsum neque consectetur porro adipisci aliquam. Voluptat"
          },
          {
            "image": {
              "src": "https://iea.imgix.net/5860051d-c92e-4fea-8a90-12bf5334dbef/Renewables_2023_shutterstock_1527609272.jpg",
              "caption": ""
            },
            "title": "Numquam quisquam voluptatem dolore tempora.",
            "description": "Etincidunt dolorem non ut dolorem ipsum dolorem dolore. Dolorem sed quisquam voluptatem. Labore sit dolorem numquam sit. Dolorem dolor quaerat porro magnam numquam. Velit sit labore quiquia magnam qua"
          },
          {
            "image": {
              "src": "https://elements-resized.envatousercontent.com/elements-video-cover-images/3254f24d-2426-43ae-b55d-aedc5cd25fea/video_preview/video_preview_0000.jpg?w=1400&cf_fit=cover&q=85&format=auto&s=8801a0bc8becf7ebb4baee10701611ef4b9f3f6939ca660e3a0b90514b7cf8d2",
              "caption": ""
            },
            "title": "Numquam labore tempora ut numquam.",
            "description": "Velit neque tempora dolorem neque modi labore. Modi sit amet sed ipsum quiquia est. Magnam numquam voluptatem ut consectetur. Eius quaerat dolorem eius quaerat labore aliquam. Est dolore quiquia velit"
          },
          {
            "image": {
              "src": "https://www.resusenergy.lk/images/Resus_Enegry_Images/Project_Images/mahiyagnanaya/dji_0008.jpg",
              "caption": ""
            },
            "title": "Est est est eius.",
            "description": "Dolorem tempora etincidunt sit velit. Neque amet adipisci consectetur dolor quiquia neque labore. Magnam etincidunt consectetur neque sed neque quiquia neque. Numquam quisquam ipsum porro neque numqua"
          }
        ]
      },
      "colorscheme": "light"
    },
    {
      "template_id": "connection_next",
      "content": {
        "image": {
          "src": "https://csis-website-prod.s3.amazonaws.com/s3fs-public/2024-01/AdobeStock_40869586_Crop1.jpg?VersionId=1HVO4O4gG312NydD1v8CElYVGjfLOYtH",
          "caption": ""
        },
        "intro": "Next up",
        "title": "Chapter 1 Introduction",
        "cta": "Start learning",
        "nextLessonId": "4.1.0"
      }
    }
  ]
}