{
  "id": "4.1.1",
  "segments": [
    {
      "template_id": "lesson_cover",
      "content": {
        "image": {
          "src": "https://live.staticflickr.com/3775/10838225595_b7d942e452_h.jpg",
          "caption": ""
        },
        "lesson": {
          "label": "Lesson",
          "Number": "1"
        },
        "intro": "M4: Sustainable Energy Finance | Chapter 1 | Lesson 1",
        "title": "Fundamentals of Sustainable Energy Financing"
      },
      "colorscheme": "dark"
    },
    {
      "template_id": "text",
      "colorscheme": "dark",
      "content": {
        "text_elements": [
          {
            "template_id": "subtitle",
            "content": {
              "text": "Lesson Overview"
            }
          },
          {
            "template_id": "subtitle_small",
            "content": {
              "text": "Voluptatem quisquam aliquam eius est dolor amet."
            }
          },
          {
            "template_id": "paragraph_large",
            "content": {
              "text": "Eius adipisci eius est. Amet labore voluptatem aliquam quaerat ut neque. Porro velit porro neque neque neque quiquia. Ut ut non etincidunt dolor ut ipsum ut. Velit sit amet voluptatem quaerat porro. Amet velit etincidunt etincidunt quisquam. Modi quaerat eius numquam ipsum. Velit neque ipsum consectetur quisquam. Aliquam velit neque neque dolorem. Dolor ipsum adipisci amet."
            }
          }
        ]
      }
    },
    {
      "template_id": "key_concepts",
      "color_scheme": "dark",
      "content": {
        "title": "Key Concepts",
        "intro": "Lorem ipsum",
        "concepts": [
          {
            "title": "Quisquam consectetur",
            "body": "Dolor sit consectetur aliquam tempora. Dolorem quisquam labore dolorem quiquia dolore dolorem magnam. Quiquia consectetur sed numquam. Labore dolorem sit modi magnam modi sit. Porro quiquia neque quaerat. Numquam quaerat modi ipsum quisquam aliquam v",
            "source": "-International Development Organization"
          },
          {
            "title": "Numquam modi ut quiq",
            "body": "Non porro neque eius etincidunt sed. Modi numquam neque amet. Quisquam quisquam labore aliquam amet voluptatem voluptatem dolor. Labore adipisci consectetur quaerat velit eius quaerat. Porro ipsum neque quiquia est ipsum numquam. Neque numquam etinci",
            "source": ""
          },
          {
            "title": "Adipisci eius consec",
            "body": "Porro adipisci quisquam labore labore. Dolorem sed numquam dolorem ipsum porro. Consectetur numquam etincidunt ipsum modi neque. Sed aliquam eius modi ut. Dolore ipsum ipsum dolor dolor voluptatem magnam. Ut quaerat consectetur aliquam ut porro. Ut a",
            "source": ""
          }
        ]
      },
      "colorscheme": "dark"
    },
    {
      "template_id": "photo_full_height",
      "colorscheme": "dark",
      "content": {
        "image": {
          "src": "https://live.staticflickr.com/3775/10838225595_b7d942e452_h.jpg",
          "caption": ""
        }
      }
    },
    {
      "template_id": "text",
      "colorscheme": "dark",
      "content": {
        "text_elements": [
          {
            "template_id": "subtitle",
            "content": {
              "text": "Dolor dolor voluptatem quiquia aliquam"
            }
          },
          {
            "template_id": "paragraph_medium",
            "content": {
              "text": "Non ipsum sit consectetur dolorem ut neque magnam. Tempora neque consectetur non. Neque labore aliquam est velit voluptatem sed. Neque adipisci porro tempora neque. Tempora magnam amet quisquam dolore numquam. Ut ut ut modi. Numquam quisquam consectetur etincidunt tempora adipisci magnam quisquam."
            }
          }
        ]
      }
    },
    {
      "template_id": "key_takeaways",
      "content": {
        "title": "Key Takeaways",
        "intro": "Sit etincidunt quisquam numquam neque adipisci velit velit.",
        "takeaways": [
          {
            "image": {
              "src": "https://web14.bernama.com/storage/photos/830db0b0eb59429f4a6f5618134452c963f433bee8a98",
              "caption": ""
            },
            "title": "Dolorem...",
            "description": "Quisquam labore tempora dolorem eius est. Quisquam ut est amet ut ipsum adipisci dolore. Eius adipisci eius sit porro dolor quaerat. Eius dolor dolorem dolor dolorem dolorem. Consectetur quisquam consectetur ut est numquam. Magnam dolorem est sit modi quaerat quiquia. Quisquam labore magnam sed voluptatem dolorem aliquam. Ipsum adipisci dolor non tempora sed magnam dolorem. Quaerat etincidunt ipsum dolore dolore tempora etincidunt. Quaerat numquam sed dolorem est quiquia eius sed."
          },
          {
            "image": {
              "src": "https://www.energy.gov/sites/default/files/styles/full_article_width/public/2023-11/GRIP%20Blog%20Posting%20Clean%20Energy%20Solar%20Panels.jpg?itok=5KDc3kxK",
              "caption": ""
            },
            "title": "Tempora...",
            "description": "Modi non etincidunt porro sit non voluptatem. Tempora porro dolore dolore labore. Voluptatem non quisquam labore voluptatem. Ut aliquam amet neque amet. Aliquam adipisci velit modi. Adipisci sit neque adipisci sit tempora eius. Etincidunt modi sit dolore dolore quaerat quisquam quisquam."
          },
          {
            "image": {
              "src": "https://elementum-esg.co.uk/wp-content/uploads/2024/04/energy-sources.png",
              "caption": ""
            },
            "title": "Quaerat...",
            "description": "Modi consectetur quisquam quaerat adipisci numquam adipisci quisquam. Sit modi sed ut non. Quiquia voluptatem ut magnam sit dolorem dolor. Tempora consectetur non amet magnam non labore adipisci. Modi amet dolore sed numquam. Consectetur dolore eius neque etincidunt amet. Quisquam tempora quiquia tempora quisquam adipisci quaerat. Ut ipsum ut ipsum modi sed numquam modi. Eius ut tempora porro ipsum sit amet numquam. Numquam dolor dolorem ipsum amet est labore."
          }
        ]
      },
      "colorscheme": "dark"
    },
    {
      "template_id": "key_resources",
      "content": {
        "title": "Key Resources",
        "resources": [
          {
            "image": {
              "src": "https://cdn.prod.website-files.com/6487341142c5367c3cefe169/670703187e5c652197eacf42_Energy.png",
              "caption": ""
            },
            "text": "Quisquam...",
            "cta": "Click to download",
            "href": "https://www.undp.org/publications/undps-energy-strategy"
          },
          {
            "image": {
              "src": "https://www.undp.org/sites/g/files/zskgke326/files/2023-05/1525381088_0.jpg",
              "caption": ""
            },
            "text": "Neque...",
            "cta": "Click to download",
            "href": "https://www.undp.org/publications/undps-energy-strategy"
          },
          {
            "image": {
              "src": "https://csis-website-prod.s3.amazonaws.com/s3fs-public/2024-01/AdobeStock_40869586_Crop1.jpg?VersionId=1HVO4O4gG312NydD1v8CElYVGjfLOYtH",
              "caption": ""
            },
            "text": "Neque...",
            "cta": "Click to download",
            "href": "https://www.undp.org/publications/undps-energy-strategy"
          }
        ],
        "intro": "Eius ipsum numquam numquam numquam tempora sit ut."
      },
      "colorscheme": "light"
    },
    {
      "template_id": "connection_next",
      "content": {
        "image": {
          "src": "https://www.healthtechdigital.com/wp-content/uploads/Artificial-Intelligence-in-renewable-energy-market-Study-shows-important-fields-of-application.-min.jpg",
          "caption": ""
        },
        "intro": "Next up",
        "title": "The Global Energy Investment Landscape of Energy Investments",
        "cta": "Start learning",
        "nextLessonId": "4.1.2"
      }
    }
  ]
}