{
  "id": "4.1.2",
  "segments": [
    {
      "template_id": "lesson_cover",
      "content": {
        "image": {
          "src": "https://imgs.mongabay.com/wp-content/uploads/sites/20/2025/02/18142934/29572133848_45af12a4bb_k-e1737653671184.jpg",
          "caption": ""
        },
        "lesson": {
          "label": "Lesson",
          "Number": "2"
        },
        "intro": "M4: Sustainable Energy Finance | Chapter 1 | Lesson 2",
        "title": "The Global Energy Investment Landscape of Energy Investments"
      },
      "colorscheme": "dark"
    },
    {
      "template_id": "text",
      "colorscheme": "dark",
      "content": {
        "text_elements": [
          {
            "template_id": "subtitle",
            "content": {
              "text": "Lesson Overview"
            }
          },
          {
            "template_id": "subtitle_small",
            "content": {
              "text": "Voluptatem sed sed quaerat."
            }
          },
          {
            "template_id": "paragraph_large",
            "content": {
              "text": "Eius labore sed quiquia sed dolorem ut. Etincidunt velit amet sit adipisci numquam dolorem. Velit tempora velit dolore dolore. Eius dolorem ut porro dolorem ut tempora. Dolore consectetur sit numquam labore."
            }
          }
        ]
      }
    },
    {
      "template_id": "key_concepts",
      "color_scheme": "dark",
      "content": {
        "title": "Key Concepts",
        "intro": "Lorem ipsum",
        "concepts": [
          {
            "title": "Velit ipsum modi mod",
            "body": "Eius velit quiquia velit non. Quiquia quaerat modi quiquia est tempora tempora dolor. Dolorem consectetur non amet. Etincidunt ipsum voluptatem modi porro dolore amet modi. Sed est tempora adipisci modi. Tempora sed sed adipisci velit. Quisquam porro",
            "source": "-International Development Organization"
          },
          {
            "title": "Ipsum modi tempora q",
            "body": "Porro magnam neque aliquam amet amet dolor ipsum. Voluptatem voluptatem numquam tempora dolor consectetur dolore. Ut dolore porro ut dolorem. Velit dolore consectetur voluptatem quiquia sed velit labore. Etincidunt tempora modi magnam. Porro adipisci",
            "source": ""
          },
          {
            "title": "Neque dolor eius non",
            "body": "Etincidunt dolorem voluptatem velit etincidunt adipisci quaerat. Modi ut sed voluptatem. Aliquam numquam voluptatem quiquia ut sit consectetur dolore. Neque quisquam sed eius quaerat consectetur etincidunt. Non consectetur amet sit neque. Porro ipsum",
            "source": ""
          }
        ]
      },
      "colorscheme": "dark"
    },
    {
      "template_id": "photo_full_height",
      "colorscheme": "dark",
      "content": {
        "image": {
          "src": "https://imgs.mongabay.com/wp-content/uploads/sites/20/2025/02/18142934/29572133848_45af12a4bb_k-e1737653671184.jpg",
          "caption": ""
        }
      }
    },
    {
      "template_id": "text",
      "colorscheme": "dark",
      "content": {
        "text_elements": [
          {
            "template_id": "subtitle",
            "content": {
              "text": "Etincidunt quiquia numquam quaerat quiquia"
            }
          },
          {
            "template_id": "paragraph_medium",
            "content": {
              "text": "Magnam labore ipsum porro amet. Labore numquam sit sed sed ipsum voluptatem est. Velit numquam tempora voluptatem modi tempora tempora aliquam. Voluptatem magnam dolore etincidunt numquam. Quiquia sed labore magnam sed est neque dolor. Adipisci velit magnam non non modi. Dolorem sed amet dolorem."
            }
          }
        ]
      }
    },
    {
      "template_id": "key_takeaways",
      "content": {
        "title": "Key Takeaways",
        "intro": "Est velit numquam ipsum.",
        "takeaways": [
          {
            "image": {
              "src": "https://iea.imgix.net/5860051d-c92e-4fea-8a90-12bf5334dbef/Renewables_2023_shutterstock_1527609272.jpg",
              "caption": ""
            },
            "title": "Voluptatem...",
            "description": "Magnam dolor dolorem magnam dolorem. Dolorem velit modi numquam. Modi labore amet sed adipisci dolor quiquia modi. Velit non dolor ipsum. Ipsum ipsum eius dolore ut sit. Dolor eius est quiquia voluptatem quaerat ut. Est non quiquia dolor voluptatem. Sed dolor voluptatem adipisci ipsum dolor velit magnam. Amet amet dolor quiquia."
          },
          {
            "image": {
              "src": "https://www.powerengineeringint.com/wp-content/uploads/2024/04/renewable-energy_cybersecurity.jpg",
              "caption": ""
            },
            "title": "Sit...",
            "description": "Neque non quisquam magnam amet. Non quiquia porro ipsum sit sed. Magnam tempora neque dolor dolorem labore quaerat. Labore non numquam ut aliquam consectetur non tempora. Voluptatem non sed est. Aliquam quaerat voluptatem ut dolor. Sed etincidunt dolorem numquam adipisci adipisci tempora labore. Adipisci ipsum dolore est amet dolor. Tempora consectetur eius quiquia sit porro etincidunt porro."
          },
          {
            "image": {
              "src": "https://cdn.prod.website-files.com/6487341142c5367c3cefe169/670703187e5c652197eacf42_Energy.png",
              "caption": ""
            },
            "title": "Etincidunt...",
            "description": "Magnam etincidunt dolor sit dolore labore modi eius. Etincidunt adipisci labore dolore modi velit magnam amet. Labore non neque neque eius. Consectetur consectetur est ipsum sit labore amet numquam. Consectetur magnam quisquam eius. Porro etincidunt aliquam adipisci numquam tempora etincidunt quisquam. Sed dolore non adipisci eius. Non tempora magnam magnam amet quiquia numquam sed. Dolore numquam porro dolor."
          }
        ]
      },
      "colorscheme": "dark"
    },
    {
      "template_id": "key_resources",
      "content": {
        "title": "Key Resources",
        "resources": [
          {
            "image": {
              "src": "https://www.energy.gov/sites/default/files/styles/full_article_width/public/2023-11/GRIP%20Blog%20Posting%20Clean%20Energy%20Solar%20Panels.jpg?itok=5KDc3kxK",
              "caption": ""
            },
            "text": "Quaerat...",
            "cta": "Click to download",
            "href": "https://www.undp.org/publications/undps-energy-strategy"
          },
          {
            "image": {
              "src": "https://live.staticflickr.com/5504/14454539704_b8910261c0_b.jpg",
              "caption": ""
            },
            "text": "Neque...",
            "cta": "Click to download",
            "href": "https://www.undp.org/publications/undps-energy-strategy"
          },
          {
            "image": {
              "src": "https://www.undp.org/sites/g/files/zskgke326/files/2023-05/1525381088_0.jpg",
              "caption": ""
            },
            "text": "Modi...",
            "cta": "Click to download",
            "href": "https://www.undp.org/publications/undps-energy-strategy"
          }
        ],
        "intro": "Quiquia ut modi eius quisquam sit sit."
      },
      "colorscheme": "dark"
    },
    {
      "template_id": "connection_next",
      "content": {
        "image": {
          "src": "https://www.energy.gov/sites/default/files/styles/full_article_width/public/2023-11/GRIP%20Blog%20Posting%20Clean%20Energy%20Solar%20Panels.jpg?itok=5KDc3kxK",
          "caption": ""
        },
        "intro": "Next up",
        "title": "An Overview of Sustainable Energy Market Dynamics",
        "cta": "Start learning",
        "nextLessonId": "4.1.3"
      }
    }
  ]
}