{
  "id": "4.1.0",
  "segments": [
    {
      "template_id": "chapter_cover",
      "content": {
        "image": {
          "src": "https://iea.imgix.net/5860051d-c92e-4fea-8a90-12bf5334dbef/Renewables_2023_shutterstock_1527609272.jpg",
          "caption": ""
        },
        "chapter": {
          "label": "Chapter",
          "Number": "1"
        },
        "intro": "Just Energy Transition | chapter 1",
        "title": "Chapter 1 Introduction",
        "cta": "Scroll, tab or use your keyboard to move ahead",
        "subtitle": "M4: Sustainable Energy Finance | Chapter 1"
      },
      "colorscheme": "dark"
    },
    {
      "template_id": "text",
      "colorscheme": "dark",
      "content": {
        "text_elements": [
          {
            "template_id": "subtitle",
            "content": {
              "text": "Chapter Overview"
            }
          },
          {
            "template_id": "subtitle_small",
            "content": {
              "text": "Non non amet quisquam ipsum magnam."
            }
          },
          {
            "template_id": "paragraph_large",
            "content": {
              "text": "Numquam porro quaerat quisquam dolor consectetur. Porro non porro est. Eius labore tempora dolor velit dolore ut quisquam. Magnam ipsum neque quisquam. Quaerat ipsum neque voluptatem neque. Ipsum quisquam dolore sit ipsum. Consectetur eius quisquam quiquia magnam dolore est. Sit labore sed dolorem modi eius adipisci tempora. Adipisci porro labore consectetur."
            }
          }
        ]
      }
    },
    {
      "template_id": "list_of_lessons",
      "content": {
        "title": "What's next in this chapter?",
        "lessons": [
          {
            "cta": "Go to the lesson",
            "description": "Non quaerat voluptatem quisquam modi voluptatem aliquam etincidunt.",
            "lessonId": "4.1.1",
            "image": {
              "src": "https://live.staticflickr.com/1552/26342931015_38814fbfac_b.jpg",
              "caption": ""
            },
            "title": "Fundamentals of Sustainable Energy Financing",
            "type": "Lesson",
            "progress": "not_started"
          },
          {
            "cta": "Go to the lesson",
            "description": "Magnam dolor labore consectetur labore.",
            "lessonId": "4.1.2",
            "image": {
              "src": "https://www.undp.org/sites/g/files/zskgke326/files/2023-05/1525381088_0.jpg",
              "caption": ""
            },
            "title": "The Global Energy Investment Landscape of Energy Investments",
            "type": "Lesson",
            "progress": "in_progress"
          },
          {
            "cta": "Go to the lesson",
            "description": "Magnam eius velit neque tempora eius.",
            "lessonId": "4.1.3",
            "image": {
              "src": "https://coolermed.com/wp-content/uploads/2023/02/what-is-sustainable-energy-how-to-apply-it-to-medical-use.jpg",
              "caption": ""
            },
            "title": "An Overview of Sustainable Energy Market Dynamics",
            "type": "Lesson",
            "progress": "not_started"
          }
        ]
      },
      "colorscheme": "dark"
    },
    {
      "template_id": "connection_next",
      "content": {
        "image": {
          "src": "https://cdn.prod.website-files.com/6487341142c5367c3cefe169/670703187e5c652197eacf42_Energy.png",
          "caption": ""
        },
        "intro": "Next up",
        "title": "Fundamentals of Sustainable Energy Financing",
        "cta": "Start learning",
        "nextLessonId": "4.1.1"
      }
    }
  ]
}