{
  "id": "4.1.3",
  "segments": [
    {
      "template_id": "lesson_cover",
      "content": {
        "image": {
          "src": "https://csis-website-prod.s3.amazonaws.com/s3fs-public/2024-01/AdobeStock_40869586_Crop1.jpg?VersionId=1HVO4O4gG312NydD1v8CElYVGjfLOYtH",
          "caption": ""
        },
        "lesson": {
          "label": "Lesson",
          "Number": "3"
        },
        "intro": "M4: Sustainable Energy Finance | Chapter 1 | Lesson 3",
        "title": "An Overview of Sustainable Energy Market Dynamics"
      },
      "colorscheme": "light"
    },
    {
      "template_id": "text",
      "colorscheme": "light",
      "content": {
        "text_elements": [
          {
            "template_id": "subtitle",
            "content": {
              "text": "Lesson Overview"
            }
          },
          {
            "template_id": "subtitle_small",
            "content": {
              "text": "Dolore neque voluptatem ipsum."
            }
          },
          {
            "template_id": "paragraph_large",
            "content": {
              "text": "Velit porro porro magnam. Modi tempora amet quaerat non. Quisquam est voluptatem modi dolore. Dolor neque amet tempora quisquam aliquam. Aliquam aliquam numquam sit voluptatem dolore. Neque velit porro porro ipsum adipisci quisquam est. Est numquam ipsum neque. Amet velit dolor quaerat."
            }
          }
        ]
      }
    },
    {
      "template_id": "key_concepts",
      "color_scheme": "dark",
      "content": {
        "title": "Key Concepts",
        "intro": "Lorem ipsum",
        "concepts": [
          {
            "title": "Adipisci dolore est ",
            "body": "Consectetur quiquia dolor numquam labore modi sed. Velit neque sit ut. Labore ipsum sed sit. Eius numquam tempora non dolor. Etincidunt adipisci ut ut dolor sed non.",
            "source": "-International Development Organization"
          },
          {
            "title": "Dolore consectetur d",
            "body": "Consectetur sed sed consectetur ut quiquia. Adipisci amet amet etincidunt tempora. Aliquam dolore consectetur labore consectetur numquam modi ut. Adipisci ipsum quisquam numquam porro. Velit labore dolorem consectetur sed velit. Labore sed eius amet ",
            "source": ""
          },
          {
            "title": "Aliquam eius consect",
            "body": "Dolore labore dolor ut tempora ipsum modi dolor. Aliquam neque magnam dolore etincidunt sed. Ipsum sed modi ipsum porro quiquia. Modi dolore eius labore modi sed. Ipsum tempora eius labore ut aliquam tempora est. Velit amet quiquia porro quisquam adi",
            "source": ""
          }
        ]
      },
      "colorscheme": "dark"
    },
    {
      "template_id": "photo_full_height",
      "colorscheme": "light",
      "content": {
        "image": {
          "src": "https://csis-website-prod.s3.amazonaws.com/s3fs-public/2024-01/AdobeStock_40869586_Crop1.jpg?VersionId=1HVO4O4gG312NydD1v8CElYVGjfLOYtH",
          "caption": ""
        }
      }
    },
    {
      "template_id": "text",
      "colorscheme": "light",
      "content": {
        "text_elements": [
          {
            "template_id": "subtitle",
            "content": {
              "text": "Numquam aliquam modi eius"
            }
          },
          {
            "template_id": "paragraph_medium",
            "content": {
              "text": "Amet dolorem ipsum neque dolor. Ut amet numquam amet numquam aliquam. Quisquam tempora voluptatem quaerat voluptatem ut non. Ut neque voluptatem porro etincidunt. Quiquia aliquam consectetur labore eius etincidunt sit ipsum. Etincidunt eius modi labore quisquam non. Voluptatem porro porro porro dolor sit consectetur. Numquam voluptatem amet consectetur amet ut dolorem sed."
            }
          }
        ]
      }
    },
    {
      "template_id": "key_takeaways",
      "content": {
        "title": "Key Takeaways",
        "intro": "Dolor dolore consectetur labore quisquam.",
        "takeaways": [
          {
            "image": {
              "src": "https://www.undp.org/sites/g/files/zskgke326/files/2023-05/1525381088_0.jpg",
              "caption": ""
            },
            "title": "Dolor...",
            "description": "Porro labore porro dolor adipisci adipisci. Quisquam voluptatem magnam eius dolore amet aliquam. Tempora modi dolor etincidunt labore velit dolorem eius. Labore sit modi etincidunt dolorem adipisci quiquia. Dolor magnam sit adipisci tempora quaerat voluptatem. Labore ipsum etincidunt non eius ut voluptatem ipsum. Neque sit est magnam. Modi aliquam ipsum neque porro."
          },
          {
            "image": {
              "src": "https://www.undp.org/sites/g/files/zskgke326/files/2022-07/UNDP-Peru-2018_rural_solar_04-Photo%20UNDP%20Peru-Monica%20Sua%CC%81rez%20Galindo.jpg",
              "caption": ""
            },
            "title": "Est...",
            "description": "Magnam non sit porro sed magnam. Neque tempora modi quisquam magnam eius. Eius neque sed amet. Dolorem numquam tempora ut. Magnam eius est est sit non non. Neque dolore quiquia eius. Sit magnam est dolorem. Tempora aliquam amet est porro neque dolorem. Labore eius magnam ipsum quaerat. Eius ut dolor velit quisquam."
          },
          {
            "image": {
              "src": "https://live.staticflickr.com/3775/10838225595_b7d942e452_h.jpg",
              "caption": ""
            },
            "title": "Ut...",
            "description": "Quisquam labore modi est sed. Tempora quaerat etincidunt quiquia quaerat numquam magnam porro. Est neque neque quaerat adipisci. Ut modi voluptatem labore. Non sit adipisci magnam. Quaerat numquam est est eius. Eius non eius non non aliquam labore labore. Non sit dolore amet. Non est ipsum dolorem quiquia quaerat numquam. Adipisci sit labore modi labore."
          }
        ]
      },
      "colorscheme": "dark"
    },
    {
      "template_id": "key_resources",
      "content": {
        "title": "Key Resources",
        "resources": [
          {
            "image": {
              "src": "https://csis-website-prod.s3.amazonaws.com/s3fs-public/2024-01/AdobeStock_40869586_Crop1.jpg?VersionId=1HVO4O4gG312NydD1v8CElYVGjfLOYtH",
              "caption": ""
            },
            "text": "Etincidunt...",
            "cta": "Click to download",
            "href": "https://www.undp.org/publications/undps-energy-strategy"
          },
          {
            "image": {
              "src": "https://www.energy.gov/sites/default/files/styles/full_article_width/public/2023-11/GRIP%20Blog%20Posting%20Clean%20Energy%20Solar%20Panels.jpg?itok=5KDc3kxK",
              "caption": ""
            },
            "text": "Velit...",
            "cta": "Click to download",
            "href": "https://www.undp.org/publications/undps-energy-strategy"
          },
          {
            "image": {
              "src": "https://live.staticflickr.com/1552/26342931015_38814fbfac_b.jpg",
              "caption": ""
            },
            "text": "Dolore...",
            "cta": "Click to download",
            "href": "https://www.undp.org/publications/undps-energy-strategy"
          }
        ],
        "intro": "Amet velit aliquam quiquia non velit amet."
      },
      "colorscheme": "light"
    },
    {
      "template_id": "connection_next",
      "content": {
        "image": {
          "src": "https://coolermed.com/wp-content/uploads/2023/02/what-is-sustainable-energy-how-to-apply-it-to-medical-use.jpg",
          "caption": ""
        },
        "intro": "Next up",
        "title": "Chapter 1 Outro",
        "cta": "Start learning",
        "nextLessonId": "4.1.-1"
      }
    }
  ]
}