{
  "id": "4.2.1",
  "segments": [
    {
      "template_id": "lesson_cover",
      "content": {
        "image": {
          "src": "https://www.undp.org/sites/g/files/zskgke326/files/2022-07/UNDP-Peru-2018_rural_solar_04-Photo%20UNDP%20Peru-Monica%20Sua%CC%81rez%20Galindo.jpg",
          "caption": ""
        },
        "lesson": {
          "label": "Lesson",
          "Number": "1"
        },
        "intro": "M4: Sustainable Energy Finance | Chapter 2 | Lesson 1",
        "title": "Role of Public Sector in Sustainable Energy Finance"
      },
      "colorscheme": "dark"
    },
    {
      "template_id": "text",
      "colorscheme": "dark",
      "content": {
        "text_elements": [
          {
            "template_id": "subtitle",
            "content": {
              "text": "Lesson Overview"
            }
          },
          {
            "template_id": "subtitle_small",
            "content": {
              "text": "Quaerat modi etincidunt tempora labore est sed aliquam."
            }
          },
          {
            "template_id": "paragraph_large",
            "content": {
              "text": "Ut quaerat sit quiquia modi dolor modi. Etincidunt amet etincidunt eius adipisci quiquia ipsum dolor. Voluptatem neque labore eius porro. Sit ipsum dolore adipisci velit. Modi neque modi numquam amet amet quisquam. Tempora quiquia eius non labore ipsum."
            }
          }
        ]
      }
    },
    {
      "template_id": "key_concepts",
      "color_scheme": "dark",
      "content": {
        "title": "Key Concepts",
        "intro": "Lorem ipsum",
        "concepts": [
          {
            "title": "Est etincidunt sit p",
            "body": "Sed quaerat sit eius amet quaerat neque. Neque adipisci tempora dolore dolore est dolor porro. Tempora dolorem dolore non. Modi quaerat adipisci amet consectetur labore dolorem ipsum. Magnam modi porro sed magnam. Est non dolore consectetur consectet",
            "source": "-International Development Organization"
          },
          {
            "title": "Dolor adipisci eius ",
            "body": "Neque quisquam dolorem velit velit. Aliquam est labore quaerat tempora porro porro. Neque quaerat ipsum sit voluptatem neque ipsum. Non porro voluptatem numquam dolore quiquia. Velit etincidunt dolor sit. Sit quiquia eius adipisci consectetur sit. Po",
            "source": ""
          },
          {
            "title": "Quaerat porro tempor",
            "body": "Eius dolor quaerat quiquia voluptatem tempora aliquam quiquia. Sit eius dolorem quisquam. Numquam ipsum ut neque. Quiquia porro aliquam numquam labore tempora ut. Non adipisci labore quiquia eius non sed. Modi adipisci dolore consectetur quiquia. Tem",
            "source": ""
          }
        ]
      },
      "colorscheme": "light"
    },
    {
      "template_id": "photo_full_height",
      "colorscheme": "dark",
      "content": {
        "image": {
          "src": "https://www.undp.org/sites/g/files/zskgke326/files/2022-07/UNDP-Peru-2018_rural_solar_04-Photo%20UNDP%20Peru-Monica%20Sua%CC%81rez%20Galindo.jpg",
          "caption": ""
        }
      }
    },
    {
      "template_id": "text",
      "colorscheme": "dark",
      "content": {
        "text_elements": [
          {
            "template_id": "subtitle",
            "content": {
              "text": "Consectetur porro numquam quisquam velit eius sed"
            }
          },
          {
            "template_id": "paragraph_medium",
            "content": {
              "text": "Etincidunt magnam sit velit quiquia. Eius consectetur labore neque sed aliquam. Modi labore ut quaerat sit eius etincidunt. Labore aliquam quisquam voluptatem neque aliquam neque non. Sit dolorem numquam neque non amet aliquam. Quisquam dolorem non est velit velit ut. Amet non dolore modi magnam consectetur dolorem. Quiquia ipsum adipisci quiquia sed sit labore quisquam. Modi ut magnam tempora."
            }
          }
        ]
      }
    },
    {
      "template_id": "key_takeaways",
      "content": {
        "title": "Key Takeaways",
        "intro": "Sit etincidunt quaerat dolorem sed dolorem sed adipisci.",
        "takeaways": [
          {
            "image": {
              "src": "https://www.resusenergy.lk/images/Resus_Enegry_Images/Project_Images/mahiyagnanaya/dji_0008.jpg",
              "caption": ""
            },
            "title": "Etincidunt...",
            "description": "Aliquam eius adipisci dolore dolore ipsum. Modi eius dolorem eius ut labore quisquam. Est etincidunt velit etincidunt labore porro quisquam. Ipsum dolor non sed sed sit labore porro. Dolor ut quiquia neque. Quisquam ut porro quiquia ipsum. Dolor ut adipisci neque porro non voluptatem quaerat. Dolor aliquam adipisci sit."
          },
          {
            "image": {
              "src": "https://www.undp.org/sites/g/files/zskgke326/files/2022-07/UNDP-Peru-2018_rural_solar_04-Photo%20UNDP%20Peru-Monica%20Sua%CC%81rez%20Galindo.jpg",
              "caption": ""
            },
            "title": "Sed...",
            "description": "Amet ut dolor numquam magnam. Adipisci sit adipisci neque. Magnam non ut labore. Dolor etincidunt numquam modi neque. Labore quaerat quiquia sed. Est tempora quaerat sit est. Non quaerat adipisci quaerat modi numquam amet. Consectetur sed sed ut magnam voluptatem sit. Neque sit numquam est quiquia."
          },
          {
            "image": {
              "src": "https://live.staticflickr.com/1552/26342931015_38814fbfac_b.jpg",
              "caption": ""
            },
            "title": "Dolorem...",
            "description": "Labore quisquam consectetur etincidunt. Est est amet quaerat voluptatem neque etincidunt ut. Velit consectetur voluptatem adipisci ipsum velit ipsum. Voluptatem numquam consectetur consectetur. Dolorem dolor est dolorem quaerat tempora. Est porro etincidunt dolorem adipisci dolore modi adipisci. Etincidunt dolor aliquam labore adipisci adipisci adipisci. Consectetur sit dolorem quiquia est ut quiquia modi. Aliquam quisquam modi ipsum."
          }
        ]
      },
      "colorscheme": "light"
    },
    {
      "template_id": "key_resources",
      "content": {
        "title": "Key Resources",
        "resources": [
          {
            "image": {
              "src": "https://cdn.prod.website-files.com/6487341142c5367c3cefe169/670703187e5c652197eacf42_Energy.png",
              "caption": ""
            },
            "text": "Ipsum...",
            "cta": "Click to download",
            "href": "https://www.undp.org/publications/undps-energy-strategy"
          },
          {
            "image": {
              "src": "https://www.energy.gov/sites/default/files/styles/full_article_width/public/2023-11/GRIP%20Blog%20Posting%20Clean%20Energy%20Solar%20Panels.jpg?itok=5KDc3kxK",
              "caption": ""
            },
            "text": "Consectetur...",
            "cta": "Click to download",
            "href": "https://www.undp.org/publications/undps-energy-strategy"
          },
          {
            "image": {
              "src": "https://cdn.prod.website-files.com/6487341142c5367c3cefe169/670703187e5c652197eacf42_Energy.png",
              "caption": ""
            },
            "text": "Numquam...",
            "cta": "Click to download",
            "href": "https://www.undp.org/publications/undps-energy-strategy"
          }
        ],
        "intro": "Sit consectetur numquam dolorem ipsum."
      },
      "colorscheme": "light"
    },
    {
      "template_id": "connection_next",
      "content": {
        "image": {
          "src": "https://www.undp.org/sites/g/files/zskgke326/files/2022-07/UNDP-Peru-2018_rural_solar_04-Photo%20UNDP%20Peru-Monica%20Sua%CC%81rez%20Galindo.jpg",
          "caption": ""
        },
        "intro": "Next up",
        "title": "Financial Health Policies and Regulation",
        "cta": "Start learning",
        "nextLessonId": "4.2.2"
      }
    }
  ]
}