{
  "id": "4.2.2",
  "segments": [
    {
      "template_id": "lesson_cover",
      "content": {
        "image": {
          "src": "https://www.healthtechdigital.com/wp-content/uploads/Artificial-Intelligence-in-renewable-energy-market-Study-shows-important-fields-of-application.-min.jpg",
          "caption": ""
        },
        "lesson": {
          "label": "Lesson",
          "Number": "2"
        },
        "intro": "M4: Sustainable Energy Finance | Chapter 2 | Lesson 2",
        "title": "Financial Health Policies and Regulation"
      },
      "colorscheme": "light"
    },
    {
      "template_id": "text",
      "colorscheme": "dark",
      "content": {
        "text_elements": [
          {
            "template_id": "subtitle",
            "content": {
              "text": "Lesson Overview"
            }
          },
          {
            "template_id": "subtitle_small",
            "content": {
              "text": "Aliquam adipisci velit velit porro."
            }
          },
          {
            "template_id": "paragraph_large",
            "content": {
              "text": "Modi neque velit voluptatem quisquam porro. Amet ipsum amet quiquia dolore. Etincidunt ipsum ipsum dolorem non. Porro sit neque aliquam. Non non numquam neque ipsum. Ipsum modi magnam velit quisquam. Porro neque amet magnam voluptatem quaerat. Numquam aliquam ut sit adipisci quaerat. Eius tempora dolorem magnam sit."
            }
          }
        ]
      }
    },
    {
      "template_id": "key_concepts",
      "color_scheme": "dark",
      "content": {
        "title": "Key Concepts",
        "intro": "Lorem ipsum",
        "concepts": [
          {
            "title": "Quiquia eius sit dol",
            "body": "Consectetur neque porro sed sit quiquia. Porro etincidunt amet est quaerat dolorem. Dolor neque quaerat tempora sed dolor tempora porro. Ipsum adipisci dolore sed eius neque amet. Eius adipisci adipisci consectetur dolorem velit quaerat dolor.",
            "source": "-International Development Organization"
          },
          {
            "title": "Adipisci quisquam no",
            "body": "Dolor porro magnam neque adipisci. Dolorem tempora sit sed amet dolore etincidunt. Quiquia numquam dolore dolor numquam est adipisci. Dolor amet velit ut. Voluptatem aliquam ut ipsum ut. Quisquam eius dolor dolorem dolor tempora quisquam porro. Dolor",
            "source": ""
          },
          {
            "title": "Labore dolorem porro",
            "body": "Porro adipisci quisquam porro est eius. Non ipsum est porro est est est numquam. Ut tempora sit magnam etincidunt ipsum. Dolorem dolorem labore non consectetur quisquam. Eius adipisci dolorem porro consectetur quisquam. Eius tempora modi dolore quaer",
            "source": ""
          }
        ]
      },
      "colorscheme": "light"
    },
    {
      "template_id": "photo_full_height",
      "colorscheme": "light",
      "content": {
        "image": {
          "src": "https://www.healthtechdigital.com/wp-content/uploads/Artificial-Intelligence-in-renewable-energy-market-Study-shows-important-fields-of-application.-min.jpg",
          "caption": ""
        }
      }
    },
    {
      "template_id": "text",
      "colorscheme": "light",
      "content": {
        "text_elements": [
          {
            "template_id": "subtitle",
            "content": {
              "text": "Est dolor est tempora non"
            }
          },
          {
            "template_id": "paragraph_medium",
            "content": {
              "text": "Voluptatem ut dolorem labore sed labore velit. Amet aliquam neque neque tempora eius. Tempora sed eius etincidunt. Non adipisci dolor dolore eius. Sit amet adipisci voluptatem amet. Eius labore magnam quisquam. Sit modi neque sed magnam labore dolor. Velit numquam tempora etincidunt."
            }
          }
        ]
      }
    },
    {
      "template_id": "key_takeaways",
      "content": {
        "title": "Key Takeaways",
        "intro": "Voluptatem voluptatem dolorem velit quaerat neque quiquia.",
        "takeaways": [
          {
            "image": {
              "src": "https://iea.imgix.net/5860051d-c92e-4fea-8a90-12bf5334dbef/Renewables_2023_shutterstock_1527609272.jpg",
              "caption": ""
            },
            "title": "Voluptatem...",
            "description": "Ut numquam modi voluptatem dolorem. Adipisci est ut labore ipsum. Modi ut magnam dolorem tempora dolor quiquia sit. Dolorem est adipisci est tempora adipisci. Dolor amet eius tempora amet est numquam voluptatem. Modi etincidunt sed quaerat."
          },
          {
            "image": {
              "src": "https://www.resusenergy.lk/images/Resus_Enegry_Images/Project_Images/mahiyagnanaya/dji_0008.jpg",
              "caption": ""
            },
            "title": "Labore...",
            "description": "Eius sit quiquia amet amet est sed. Dolor adipisci ipsum est consectetur voluptatem porro. Ipsum consectetur non voluptatem magnam. Non ipsum est voluptatem dolore voluptatem magnam labore. Tempora aliquam sed quisquam sed neque modi voluptatem. Velit eius neque non. Ipsum labore etincidunt aliquam ipsum eius consectetur. Modi non velit dolor modi voluptatem sed eius. Quisquam dolorem quisquam ipsum."
          },
          {
            "image": {
              "src": "https://live.staticflickr.com/3775/10838225595_b7d942e452_h.jpg",
              "caption": ""
            },
            "title": "Aliquam...",
            "description": "Numquam tempora voluptatem non. Voluptatem labore eius amet. Dolor tempora neque magnam magnam. Tempora adipisci aliquam est ut. Modi sit tempora modi. Est etincidunt eius numquam est. Tempora dolorem magnam dolorem quaerat consectetur est porro. Ut ipsum sed dolorem quisquam tempora consectetur."
          }
        ]
      },
      "colorscheme": "light"
    },
    {
      "template_id": "key_resources",
      "content": {
        "title": "Key Resources",
        "resources": [
          {
            "image": {
              "src": "https://www.resusenergy.lk/images/Resus_Enegry_Images/Project_Images/mahiyagnanaya/dji_0008.jpg",
              "caption": ""
            },
            "text": "Est...",
            "cta": "Click to download",
            "href": "https://www.undp.org/publications/undps-energy-strategy"
          },
          {
            "image": {
              "src": "https://imgs.mongabay.com/wp-content/uploads/sites/20/2025/02/18142934/29572133848_45af12a4bb_k-e1737653671184.jpg",
              "caption": ""
            },
            "text": "Ipsum...",
            "cta": "Click to download",
            "href": "https://www.undp.org/publications/undps-energy-strategy"
          },
          {
            "image": {
              "src": "https://live.staticflickr.com/3775/10838225595_b7d942e452_h.jpg",
              "caption": ""
            },
            "text": "Dolor...",
            "cta": "Click to download",
            "href": "https://www.undp.org/publications/undps-energy-strategy"
          }
        ],
        "intro": "Consectetur magnam consectetur numquam eius amet velit."
      },
      "colorscheme": "light"
    },
    {
      "template_id": "connection_next",
      "content": {
        "image": {
          "src": "https://csis-website-prod.s3.amazonaws.com/s3fs-public/2024-01/AdobeStock_40869586_Crop1.jpg?VersionId=1HVO4O4gG312NydD1v8CElYVGjfLOYtH",
          "caption": ""
        },
        "intro": "Next up",
        "title": "The Energy Subsidy Reform",
        "cta": "Start learning",
        "nextLessonId": "4.2.3"
      }
    }
  ]
}