{
  "id": "4.2.3",
  "segments": [
    {
      "template_id": "lesson_cover",
      "content": {
        "image": {
          "src": "https://live.staticflickr.com/5504/14454539704_b8910261c0_b.jpg",
          "caption": ""
        },
        "lesson": {
          "label": "Lesson",
          "Number": "3"
        },
        "intro": "M4: Sustainable Energy Finance | Chapter 2 | Lesson 3",
        "title": "The Energy Subsidy Reform"
      },
      "colorscheme": "light"
    },
    {
      "template_id": "text",
      "colorscheme": "light",
      "content": {
        "text_elements": [
          {
            "template_id": "subtitle",
            "content": {
              "text": "Lesson Overview"
            }
          },
          {
            "template_id": "subtitle_small",
            "content": {
              "text": "Etincidunt dolor velit labore ipsum ut."
            }
          },
          {
            "template_id": "paragraph_large",
            "content": {
              "text": "Dolorem voluptatem numquam etincidunt. Labore sit magnam sed quisquam labore. Ut dolore dolorem etincidunt est. Quaerat non dolorem est amet numquam tempora eius. Neque quisquam sed ut. Sit adipisci numquam dolorem porro numquam. Dolorem numquam aliquam etincidunt."
            }
          }
        ]
      }
    },
    {
      "template_id": "key_concepts",
      "color_scheme": "dark",
      "content": {
        "title": "Key Concepts",
        "intro": "Lorem ipsum",
        "concepts": [
          {
            "title": "Dolore labore neque ",
            "body": "Quaerat aliquam etincidunt dolorem. Amet ipsum velit modi. Quaerat etincidunt quiquia quisquam quiquia numquam ipsum. Quiquia est quisquam dolor quiquia. Est modi voluptatem tempora sit voluptatem. Sed neque etincidunt porro quisquam aliquam sit. Dol",
            "source": "-International Development Organization"
          },
          {
            "title": "Sit quiquia aliquam ",
            "body": "Aliquam modi dolore ipsum numquam magnam. Porro sit quiquia sed. Modi adipisci est modi magnam numquam quiquia etincidunt. Non etincidunt est labore labore modi ut eius. Numquam quaerat porro amet numquam non. Labore quaerat porro dolore. Dolor magna",
            "source": ""
          },
          {
            "title": "Velit dolorem modi n",
            "body": "Quisquam quiquia modi eius magnam est. Ut ipsum dolore est velit. Est adipisci porro voluptatem modi aliquam. Eius ut numquam tempora quisquam. Quiquia ipsum labore dolore consectetur eius. Labore neque tempora dolorem sed tempora. Quiquia porro numq",
            "source": ""
          }
        ]
      },
      "colorscheme": "dark"
    },
    {
      "template_id": "photo_full_height",
      "colorscheme": "light",
      "content": {
        "image": {
          "src": "https://live.staticflickr.com/5504/14454539704_b8910261c0_b.jpg",
          "caption": ""
        }
      }
    },
    {
      "template_id": "text",
      "colorscheme": "light",
      "content": {
        "text_elements": [
          {
            "template_id": "subtitle",
            "content": {
              "text": "Dolorem ut dolorem ut"
            }
          },
          {
            "template_id": "paragraph_medium",
            "content": {
              "text": "Dolor dolor sed consectetur velit. Sed porro labore quisquam. Dolorem est sed dolorem porro modi. Magnam eius consectetur quaerat numquam dolore. Dolorem porro velit ipsum. Numquam quisquam non est labore. Consectetur numquam amet dolorem amet."
            }
          }
        ]
      }
    },
    {
      "template_id": "key_takeaways",
      "content": {
        "title": "Key Takeaways",
        "intro": "Dolorem tempora dolore sed adipisci eius.",
        "takeaways": [
          {
            "image": {
              "src": "https://coolermed.com/wp-content/uploads/2023/02/what-is-sustainable-energy-how-to-apply-it-to-medical-use.jpg",
              "caption": ""
            },
            "title": "Sed...",
            "description": "Quisquam est amet sed amet modi. Amet dolor dolore porro magnam dolorem magnam aliquam. Modi sit ut modi modi neque modi. Quaerat quiquia non neque est. Est sed numquam dolore quiquia magnam. Eius tempora non quaerat non neque consectetur."
          },
          {
            "image": {
              "src": "https://live.staticflickr.com/5504/14454539704_b8910261c0_b.jpg",
              "caption": ""
            },
            "title": "Modi...",
            "description": "Ut dolorem aliquam velit. Sit ut dolor dolore consectetur porro. Modi adipisci amet dolore consectetur sit. Quaerat velit quaerat quaerat est voluptatem consectetur consectetur. Non dolore ut ut est."
          },
          {
            "image": {
              "src": "https://live.staticflickr.com/3775/10838225595_b7d942e452_h.jpg",
              "caption": ""
            },
            "title": "Porro...",
            "description": "Ut ut dolore sit quisquam porro eius. Porro etincidunt quiquia consectetur ut. Dolore non etincidunt dolor dolore labore. Adipisci quiquia labore dolore etincidunt quiquia modi amet. Aliquam consectetur consectetur sed amet labore eius non."
          }
        ]
      },
      "colorscheme": "light"
    },
    {
      "template_id": "key_resources",
      "content": {
        "title": "Key Resources",
        "resources": [
          {
            "image": {
              "src": "https://iea.imgix.net/5860051d-c92e-4fea-8a90-12bf5334dbef/Renewables_2023_shutterstock_1527609272.jpg",
              "caption": ""
            },
            "text": "Consectetur...",
            "cta": "Click to download",
            "href": "https://www.undp.org/publications/undps-energy-strategy"
          },
          {
            "image": {
              "src": "https://www.undp.org/sites/g/files/zskgke326/files/2022-07/UNDP-Peru-2018_rural_solar_04-Photo%20UNDP%20Peru-Monica%20Sua%CC%81rez%20Galindo.jpg",
              "caption": ""
            },
            "text": "Quiquia...",
            "cta": "Click to download",
            "href": "https://www.undp.org/publications/undps-energy-strategy"
          },
          {
            "image": {
              "src": "https://imgs.mongabay.com/wp-content/uploads/sites/20/2025/02/18142934/29572133848_45af12a4bb_k-e1737653671184.jpg",
              "caption": ""
            },
            "text": "Porro...",
            "cta": "Click to download",
            "href": "https://www.undp.org/publications/undps-energy-strategy"
          }
        ],
        "intro": "Dolorem porro sit quaerat eius est."
      },
      "colorscheme": "dark"
    },
    {
      "template_id": "connection_next",
      "content": {
        "image": {
          "src": "https://iea.imgix.net/5860051d-c92e-4fea-8a90-12bf5334dbef/Renewables_2023_shutterstock_1527609272.jpg",
          "caption": ""
        },
        "intro": "Next up",
        "title": "Chapter 2 Outro",
        "cta": "Start learning",
        "nextLessonId": "4.2.-1"
      }
    }
  ]
}