{
  "id": "4.2.0",
  "segments": [
    {
      "template_id": "chapter_cover",
      "content": {
        "image": {
          "src": "https://cdn.prod.website-files.com/6487341142c5367c3cefe169/670703187e5c652197eacf42_Energy.png",
          "caption": ""
        },
        "chapter": {
          "label": "Chapter",
          "Number": "2"
        },
        "intro": "Just Energy Transition | chapter 1",
        "title": "Chapter 2 Introduction",
        "cta": "Scroll, tab or use your keyboard to move ahead",
        "subtitle": "M4: Sustainable Energy Finance | Chapter 2"
      },
      "colorscheme": "dark"
    },
    {
      "template_id": "text",
      "colorscheme": "light",
      "content": {
        "text_elements": [
          {
            "template_id": "subtitle",
            "content": {
              "text": "Chapter Overview"
            }
          },
          {
            "template_id": "subtitle_small",
            "content": {
              "text": "Dolore voluptatem modi labore quaerat voluptatem."
            }
          },
          {
            "template_id": "paragraph_large",
            "content": {
              "text": "Sed est aliquam ut tempora est. Quaerat quaerat modi dolorem numquam consectetur numquam labore. Tempora numquam sit dolorem labore amet tempora. Modi porro modi porro non eius amet voluptatem. Labore magnam sit eius. Etincidunt quaerat dolor amet quisquam quaerat quaerat non. Magnam dolore dolorem amet quisquam sit. Adipisci numquam non dolore etincidunt dolor. Magnam magnam magnam ut aliquam dolorem sit. Magnam ut dolor ipsum aliquam dolorem."
            }
          }
        ]
      }
    },
    {
      "template_id": "list_of_lessons",
      "content": {
        "title": "What's next in this chapter?",
        "lessons": [
          {
            "cta": "Go to the lesson",
            "description": "Neque velit neque neque quisquam est velit quisquam.",
            "lessonId": "4.2.1",
            "image": {
              "src": "https://www.powerengineeringint.com/wp-content/uploads/2024/04/renewable-energy_cybersecurity.jpg",
              "caption": ""
            },
            "title": "Role of Public Sector in Sustainable Energy Finance",
            "type": "Lesson",
            "progress": "in_progress"
          },
          {
            "cta": "Go to the lesson",
            "description": "Sit quiquia neque velit amet dolor neque est.",
            "lessonId": "4.2.2",
            "image": {
              "src": "https://elements-resized.envatousercontent.com/elements-video-cover-images/3254f24d-2426-43ae-b55d-aedc5cd25fea/video_preview/video_preview_0000.jpg?w=1400&cf_fit=cover&q=85&format=auto&s=8801a0bc8becf7ebb4baee10701611ef4b9f3f6939ca660e3a0b90514b7cf8d2",
              "caption": ""
            },
            "title": "Financial Health Policies and Regulation",
            "type": "Lesson",
            "progress": "in_progress"
          },
          {
            "cta": "Go to the lesson",
            "description": "Quaerat numquam porro porro.",
            "lessonId": "4.2.3",
            "image": {
              "src": "https://live.staticflickr.com/5504/14454539704_b8910261c0_b.jpg",
              "caption": ""
            },
            "title": "The Energy Subsidy Reform",
            "type": "Lesson",
            "progress": "in_progress"
          }
        ]
      },
      "colorscheme": "light"
    },
    {
      "template_id": "connection_next",
      "content": {
        "image": {
          "src": "https://www.undp.org/sites/g/files/zskgke326/files/2023-05/1525381088_0.jpg",
          "caption": ""
        },
        "intro": "Next up",
        "title": "Role of Public Sector in Sustainable Energy Finance",
        "cta": "Start learning",
        "nextLessonId": "4.2.1"
      }
    }
  ]
}