{
  "id": "4.3.2",
  "segments": [
    {
      "template_id": "lesson_cover",
      "content": {
        "image": {
          "src": "https://www.undp.org/sites/g/files/zskgke326/files/2022-07/UNDP-Peru-2018_rural_solar_04-Photo%20UNDP%20Peru-Monica%20Sua%CC%81rez%20Galindo.jpg",
          "caption": ""
        },
        "lesson": {
          "label": "Lesson",
          "Number": "2"
        },
        "intro": "M4: Sustainable Energy Finance | Chapter 3 | Lesson 2",
        "title": "Risk Mitigation Strategies"
      },
      "colorscheme": "light"
    },
    {
      "template_id": "text",
      "colorscheme": "light",
      "content": {
        "text_elements": [
          {
            "template_id": "subtitle",
            "content": {
              "text": "Lesson Overview"
            }
          },
          {
            "template_id": "subtitle_small",
            "content": {
              "text": "Sed porro etincidunt adipisci velit est porro neque."
            }
          },
          {
            "template_id": "paragraph_large",
            "content": {
              "text": "Est sed sit quisquam voluptatem amet quisquam sed. Etincidunt dolore eius amet. Consectetur porro est est etincidunt. Quisquam labore etincidunt quaerat aliquam. Quaerat etincidunt dolor sit velit neque quisquam eius. Aliquam numquam sit sed ipsum consectetur ut. Ut voluptatem sed voluptatem."
            }
          }
        ]
      }
    },
    {
      "template_id": "key_concepts",
      "color_scheme": "dark",
      "content": {
        "title": "Key Concepts",
        "intro": "Lorem ipsum",
        "concepts": [
          {
            "title": "Non non consectetur ",
            "body": "Amet consectetur dolore aliquam eius quisquam. Sed ipsum modi quaerat est est. Quiquia tempora adipisci eius quiquia modi ut ipsum. Dolore neque dolor porro. Dolorem numquam voluptatem aliquam voluptatem numquam. Aliquam sed numquam modi modi ut nequ",
            "source": "-International Development Organization"
          },
          {
            "title": "Dolorem quiquia cons",
            "body": "Velit numquam porro tempora. Velit neque etincidunt dolorem amet ut. Magnam dolorem modi tempora neque labore modi. Adipisci velit amet ut modi est tempora. Quaerat quisquam sed sit sed neque. Ut quaerat ut labore dolor non dolore tempora. Ipsum veli",
            "source": ""
          },
          {
            "title": "Neque magnam sed qui",
            "body": "Aliquam non consectetur quisquam etincidunt aliquam. Dolorem adipisci tempora quisquam magnam quiquia tempora. Dolore aliquam sit modi adipisci eius. Aliquam est voluptatem magnam. Porro tempora dolorem etincidunt etincidunt aliquam tempora numquam.",
            "source": ""
          }
        ]
      },
      "colorscheme": "light"
    },
    {
      "template_id": "photo_full_height",
      "colorscheme": "light",
      "content": {
        "image": {
          "src": "https://www.undp.org/sites/g/files/zskgke326/files/2022-07/UNDP-Peru-2018_rural_solar_04-Photo%20UNDP%20Peru-Monica%20Sua%CC%81rez%20Galindo.jpg",
          "caption": ""
        }
      }
    },
    {
      "template_id": "text",
      "colorscheme": "light",
      "content": {
        "text_elements": [
          {
            "template_id": "subtitle",
            "content": {
              "text": "Porro est quaerat aliquam"
            }
          },
          {
            "template_id": "paragraph_medium",
            "content": {
              "text": "Quaerat non aliquam dolor dolor. Non neque quisquam ut dolore eius. Sit voluptatem sed non modi eius dolor labore. Magnam ipsum dolorem tempora dolor eius. Sed labore adipisci sed ipsum eius dolor. Magnam dolore tempora non. Consectetur sit numquam neque numquam aliquam. Est magnam est tempora."
            }
          }
        ]
      }
    },
    {
      "template_id": "key_takeaways",
      "content": {
        "title": "Key Takeaways",
        "intro": "Quiquia quaerat eius ipsum amet.",
        "takeaways": [
          {
            "image": {
              "src": "https://live.staticflickr.com/5504/14454539704_b8910261c0_b.jpg",
              "caption": ""
            },
            "title": "Modi...",
            "description": "Etincidunt aliquam numquam quaerat tempora. Dolorem quaerat sed quisquam. Aliquam quiquia voluptatem non non porro dolore adipisci. Modi quaerat tempora dolore dolor numquam. Dolorem modi ut velit magnam porro. Tempora eius consectetur dolorem modi etincidunt modi modi. Voluptatem sit dolore sit neque tempora. Dolore eius velit magnam quisquam dolore. Ut ipsum non neque consectetur neque."
          },
          {
            "image": {
              "src": "https://www.undp.org/sites/g/files/zskgke326/files/2022-07/UNDP-Peru-2018_rural_solar_04-Photo%20UNDP%20Peru-Monica%20Sua%CC%81rez%20Galindo.jpg",
              "caption": ""
            },
            "title": "Ipsum...",
            "description": "Numquam dolore sit tempora dolor eius neque amet. Tempora numquam labore quiquia quiquia porro voluptatem est. Adipisci est neque amet dolorem. Eius velit voluptatem voluptatem dolor quiquia adipisci. Numquam magnam velit tempora eius. Quiquia consectetur dolorem non. Quaerat ipsum quiquia quisquam voluptatem voluptatem numquam tempora. Voluptatem dolore etincidunt dolor dolor non magnam."
          },
          {
            "image": {
              "src": "https://www.undp.org/sites/g/files/zskgke326/files/2022-07/UNDP-Peru-2018_rural_solar_04-Photo%20UNDP%20Peru-Monica%20Sua%CC%81rez%20Galindo.jpg",
              "caption": ""
            },
            "title": "Sit...",
            "description": "Tempora non quiquia dolorem porro voluptatem. Etincidunt numquam dolor sed non. Velit sed consectetur porro quaerat ipsum. Amet consectetur adipisci porro consectetur voluptatem. Ipsum sit sit modi porro voluptatem numquam quiquia. Aliquam est adipisci ipsum porro est adipisci. Dolorem neque labore porro. Amet velit eius magnam etincidunt. Non etincidunt sed adipisci adipisci dolorem velit."
          }
        ]
      },
      "colorscheme": "light"
    },
    {
      "template_id": "key_resources",
      "content": {
        "title": "Key Resources",
        "resources": [
          {
            "image": {
              "src": "https://elements-resized.envatousercontent.com/elements-video-cover-images/3254f24d-2426-43ae-b55d-aedc5cd25fea/video_preview/video_preview_0000.jpg?w=1400&cf_fit=cover&q=85&format=auto&s=8801a0bc8becf7ebb4baee10701611ef4b9f3f6939ca660e3a0b90514b7cf8d2",
              "caption": ""
            },
            "text": "Magnam...",
            "cta": "Click to download",
            "href": "https://www.undp.org/publications/undps-energy-strategy"
          },
          {
            "image": {
              "src": "https://elementum-esg.co.uk/wp-content/uploads/2024/04/energy-sources.png",
              "caption": ""
            },
            "text": "Magnam...",
            "cta": "Click to download",
            "href": "https://www.undp.org/publications/undps-energy-strategy"
          },
          {
            "image": {
              "src": "https://csis-website-prod.s3.amazonaws.com/s3fs-public/2024-01/AdobeStock_40869586_Crop1.jpg?VersionId=1HVO4O4gG312NydD1v8CElYVGjfLOYtH",
              "caption": ""
            },
            "text": "Voluptatem...",
            "cta": "Click to download",
            "href": "https://www.undp.org/publications/undps-energy-strategy"
          }
        ],
        "intro": "Quaerat est aliquam aliquam sit ut."
      },
      "colorscheme": "light"
    },
    {
      "template_id": "connection_next",
      "content": {
        "image": {
          "src": "https://live.staticflickr.com/1552/26342931015_38814fbfac_b.jpg",
          "caption": ""
        },
        "intro": "Next up",
        "title": "Blended Finance",
        "cta": "Start learning",
        "nextLessonId": "4.3.3"
      }
    }
  ]
}