{
  "id": "4.3.3",
  "segments": [
    {
      "template_id": "lesson_cover",
      "content": {
        "image": {
          "src": "https://imgs.mongabay.com/wp-content/uploads/sites/20/2025/02/18142934/29572133848_45af12a4bb_k-e1737653671184.jpg",
          "caption": ""
        },
        "lesson": {
          "label": "Lesson",
          "Number": "3"
        },
        "intro": "M4: Sustainable Energy Finance | Chapter 3 | Lesson 3",
        "title": "Blended Finance"
      },
      "colorscheme": "dark"
    },
    {
      "template_id": "text",
      "colorscheme": "light",
      "content": {
        "text_elements": [
          {
            "template_id": "subtitle",
            "content": {
              "text": "Lesson Overview"
            }
          },
          {
            "template_id": "subtitle_small",
            "content": {
              "text": "Est non ipsum ut."
            }
          },
          {
            "template_id": "paragraph_large",
            "content": {
              "text": "Ut numquam ut magnam. Non ut labore quaerat ipsum. Adipisci est adipisci velit quaerat quaerat dolor. Non consectetur numquam neque neque. Porro non sit non. Tempora dolor tempora dolorem quisquam numquam dolorem non. Velit sit eius adipisci numquam non sit est. Quisquam modi est numquam. Quisquam magnam quisquam consectetur modi. Eius porro magnam numquam."
            }
          }
        ]
      }
    },
    {
      "template_id": "key_concepts",
      "color_scheme": "dark",
      "content": {
        "title": "Key Concepts",
        "intro": "Lorem ipsum",
        "concepts": [
          {
            "title": "Quisquam porro modi ",
            "body": "Modi ipsum modi quaerat porro. Sit eius neque dolorem. Tempora aliquam neque ut voluptatem quiquia magnam. Non sed magnam dolore. Labore sit dolorem modi quiquia. Dolor porro quaerat modi ipsum.",
            "source": "-International Development Organization"
          },
          {
            "title": "Voluptatem ipsum ut ",
            "body": "Adipisci amet consectetur quiquia porro neque labore. Voluptatem sed etincidunt neque voluptatem modi modi ut. Quiquia numquam tempora voluptatem tempora eius ipsum consectetur. Est sit numquam velit sed est. Est velit sed dolore dolore consectetur t",
            "source": ""
          },
          {
            "title": "Consectetur labore q",
            "body": "Etincidunt dolore ut voluptatem voluptatem velit. Ut magnam quiquia porro velit. Tempora ut neque dolore. Sed quiquia etincidunt consectetur. Voluptatem tempora voluptatem ut magnam labore quiquia. Quisquam quisquam eius est quiquia dolore.",
            "source": ""
          }
        ]
      },
      "colorscheme": "light"
    },
    {
      "template_id": "photo_full_height",
      "colorscheme": "dark",
      "content": {
        "image": {
          "src": "https://imgs.mongabay.com/wp-content/uploads/sites/20/2025/02/18142934/29572133848_45af12a4bb_k-e1737653671184.jpg",
          "caption": ""
        }
      }
    },
    {
      "template_id": "text",
      "colorscheme": "dark",
      "content": {
        "text_elements": [
          {
            "template_id": "subtitle",
            "content": {
              "text": "Numquam modi porro ut ipsum sit"
            }
          },
          {
            "template_id": "paragraph_medium",
            "content": {
              "text": "Aliquam quisquam numquam modi. Adipisci est neque ipsum labore dolorem sed. Neque velit dolorem dolorem dolorem neque dolorem ipsum. Ut modi eius non quiquia quaerat non ipsum. Velit dolorem dolorem eius adipisci numquam. Est dolorem aliquam consectetur labore. Voluptatem quisquam dolorem ipsum. Sed aliquam amet modi aliquam ut non voluptatem. Consectetur ut consectetur modi est numquam ut dolore."
            }
          }
        ]
      }
    },
    {
      "template_id": "key_takeaways",
      "content": {
        "title": "Key Takeaways",
        "intro": "Ipsum quaerat velit quisquam ut.",
        "takeaways": [
          {
            "image": {
              "src": "https://www.energy.gov/sites/default/files/styles/full_article_width/public/2023-11/GRIP%20Blog%20Posting%20Clean%20Energy%20Solar%20Panels.jpg?itok=5KDc3kxK",
              "caption": ""
            },
            "title": "Dolore...",
            "description": "Non etincidunt labore modi aliquam. Magnam ut quiquia consectetur quiquia quiquia magnam consectetur. Dolor porro etincidunt quiquia ipsum modi tempora eius. Eius sit labore quaerat eius tempora dolorem. Est dolore porro labore tempora amet dolore quisquam. Est neque dolor dolor sed etincidunt ipsum ut. Tempora magnam adipisci adipisci velit."
          },
          {
            "image": {
              "src": "https://www.energy.gov/sites/default/files/styles/full_article_width/public/2023-11/GRIP%20Blog%20Posting%20Clean%20Energy%20Solar%20Panels.jpg?itok=5KDc3kxK",
              "caption": ""
            },
            "title": "Magnam...",
            "description": "Aliquam dolorem labore sed voluptatem labore voluptatem. Tempora sit ut dolorem numquam magnam. Sed neque non est. Velit porro magnam dolore dolore. Voluptatem ut velit non modi dolorem consectetur voluptatem. Numquam sit voluptatem est non dolore aliquam est."
          },
          {
            "image": {
              "src": "https://coolermed.com/wp-content/uploads/2023/02/what-is-sustainable-energy-how-to-apply-it-to-medical-use.jpg",
              "caption": ""
            },
            "title": "Velit...",
            "description": "Magnam modi dolore quaerat. Quisquam dolorem dolorem quisquam dolor labore modi. Labore numquam quaerat quiquia sit. Quisquam neque adipisci ut ipsum sed ipsum. Numquam neque tempora aliquam voluptatem magnam velit. Quiquia aliquam tempora quisquam numquam. Consectetur magnam sit modi voluptatem. Quaerat quisquam magnam dolor ipsum est. Aliquam labore dolorem dolorem dolorem. Porro dolor voluptatem non ipsum amet porro."
          }
        ]
      },
      "colorscheme": "dark"
    },
    {
      "template_id": "key_resources",
      "content": {
        "title": "Key Resources",
        "resources": [
          {
            "image": {
              "src": "https://web14.bernama.com/storage/photos/830db0b0eb59429f4a6f5618134452c963f433bee8a98",
              "caption": ""
            },
            "text": "Amet...",
            "cta": "Click to download",
            "href": "https://www.undp.org/publications/undps-energy-strategy"
          },
          {
            "image": {
              "src": "https://www.powerengineeringint.com/wp-content/uploads/2024/04/renewable-energy_cybersecurity.jpg",
              "caption": ""
            },
            "text": "Aliquam...",
            "cta": "Click to download",
            "href": "https://www.undp.org/publications/undps-energy-strategy"
          },
          {
            "image": {
              "src": "https://www.undp.org/sites/g/files/zskgke326/files/2022-07/UNDP-Peru-2018_rural_solar_04-Photo%20UNDP%20Peru-Monica%20Sua%CC%81rez%20Galindo.jpg",
              "caption": ""
            },
            "text": "Eius...",
            "cta": "Click to download",
            "href": "https://www.undp.org/publications/undps-energy-strategy"
          }
        ],
        "intro": "Dolorem magnam quaerat est quiquia velit etincidunt."
      },
      "colorscheme": "light"
    },
    {
      "template_id": "connection_next",
      "content": {
        "image": {
          "src": "https://www.healthtechdigital.com/wp-content/uploads/Artificial-Intelligence-in-renewable-energy-market-Study-shows-important-fields-of-application.-min.jpg",
          "caption": ""
        },
        "intro": "Next up",
        "title": "Chapter 3 Outro",
        "cta": "Start learning",
        "nextLessonId": "4.3.-1"
      }
    }
  ]
}