{
  "id": "4.3.1",
  "segments": [
    {
      "template_id": "lesson_cover",
      "content": {
        "image": {
          "src": "https://live.staticflickr.com/5504/14454539704_b8910261c0_b.jpg",
          "caption": ""
        },
        "lesson": {
          "label": "Lesson",
          "Number": "1"
        },
        "intro": "M4: Sustainable Energy Finance | Chapter 3 | Lesson 1",
        "title": "Private Sector Investment in Sustainable Energy"
      },
      "colorscheme": "light"
    },
    {
      "template_id": "text",
      "colorscheme": "light",
      "content": {
        "text_elements": [
          {
            "template_id": "subtitle",
            "content": {
              "text": "Lesson Overview"
            }
          },
          {
            "template_id": "subtitle_small",
            "content": {
              "text": "Quiquia velit quisquam tempora adipisci dolorem ut sit."
            }
          },
          {
            "template_id": "paragraph_large",
            "content": {
              "text": "Ut est dolorem neque quisquam quiquia eius. Dolorem aliquam etincidunt amet dolore ipsum dolor neque. Velit voluptatem dolore quiquia numquam est quiquia. Non eius dolore eius. Neque numquam est ipsum ipsum dolorem consectetur. Est neque eius quisquam amet eius."
            }
          }
        ]
      }
    },
    {
      "template_id": "key_concepts",
      "color_scheme": "dark",
      "content": {
        "title": "Key Concepts",
        "intro": "Lorem ipsum",
        "concepts": [
          {
            "title": "Consectetur modi num",
            "body": "Numquam ut labore quisquam amet etincidunt est. Adipisci sed aliquam sit ipsum. Numquam dolorem quaerat quisquam quaerat dolor eius dolor. Neque numquam quaerat numquam quaerat aliquam numquam ipsum. Neque velit modi eius dolorem. Sit tempora sit eti",
            "source": "-International Development Organization"
          },
          {
            "title": "Voluptatem sit ipsum",
            "body": "Dolor aliquam ipsum porro quisquam. Labore etincidunt quisquam amet etincidunt labore quisquam. Tempora modi labore labore. Eius ipsum dolorem sed adipisci. Aliquam aliquam modi non adipisci modi magnam. Quisquam neque quiquia aliquam magnam eius. Et",
            "source": ""
          },
          {
            "title": "Quiquia voluptatem q",
            "body": "Voluptatem neque modi quisquam neque ipsum velit numquam. Voluptatem quisquam porro tempora adipisci. Labore velit est modi amet quaerat ut dolorem. Ipsum voluptatem est modi. Labore porro modi neque etincidunt. Numquam dolore dolor non voluptatem qu",
            "source": ""
          }
        ]
      },
      "colorscheme": "light"
    },
    {
      "template_id": "photo_full_height",
      "colorscheme": "light",
      "content": {
        "image": {
          "src": "https://live.staticflickr.com/5504/14454539704_b8910261c0_b.jpg",
          "caption": ""
        }
      }
    },
    {
      "template_id": "text",
      "colorscheme": "light",
      "content": {
        "text_elements": [
          {
            "template_id": "subtitle",
            "content": {
              "text": "Non consectetur etincidunt eius ut consectetur quiquia"
            }
          },
          {
            "template_id": "paragraph_medium",
            "content": {
              "text": "Modi consectetur modi ut neque. Sit sit non etincidunt magnam etincidunt amet. Velit eius quisquam consectetur. Quaerat neque consectetur dolor modi quisquam. Ipsum ut est non dolorem dolore amet sed. Etincidunt tempora adipisci sed dolore dolore aliquam est. Aliquam numquam ut modi non non tempora neque. Consectetur voluptatem amet adipisci consectetur numquam. Consectetur ut etincidunt dolorem voluptatem aliquam. Labore non quaerat velit numquam quaerat est est."
            }
          }
        ]
      }
    },
    {
      "template_id": "key_takeaways",
      "content": {
        "title": "Key Takeaways",
        "intro": "Labore modi labore magnam ut.",
        "takeaways": [
          {
            "image": {
              "src": "https://www.powerengineeringint.com/wp-content/uploads/2024/04/renewable-energy_cybersecurity.jpg",
              "caption": ""
            },
            "title": "Quaerat...",
            "description": "Magnam dolor sed modi dolor aliquam ipsum numquam. Consectetur adipisci non porro consectetur modi. Voluptatem quisquam velit quaerat porro ut velit est. Amet ut dolore quiquia dolor ipsum. Magnam neque neque sit. Eius sit dolor ut numquam velit etincidunt. Non sit est ipsum modi porro. Eius sed modi adipisci neque velit eius. Sed etincidunt non labore quisquam. Porro amet etincidunt aliquam quisquam."
          },
          {
            "image": {
              "src": "https://www.powerengineeringint.com/wp-content/uploads/2024/04/renewable-energy_cybersecurity.jpg",
              "caption": ""
            },
            "title": "Adipisci...",
            "description": "Quaerat quiquia consectetur est adipisci dolore est. Voluptatem porro voluptatem adipisci dolore. Dolore magnam quiquia voluptatem. Sed voluptatem quiquia quaerat non ut voluptatem. Dolore est etincidunt quiquia ipsum. Amet ipsum consectetur numquam sit labore eius ut."
          },
          {
            "image": {
              "src": "https://elements-resized.envatousercontent.com/elements-video-cover-images/3254f24d-2426-43ae-b55d-aedc5cd25fea/video_preview/video_preview_0000.jpg?w=1400&cf_fit=cover&q=85&format=auto&s=8801a0bc8becf7ebb4baee10701611ef4b9f3f6939ca660e3a0b90514b7cf8d2",
              "caption": ""
            },
            "title": "Voluptatem...",
            "description": "Eius dolorem non non modi modi ut etincidunt. Aliquam sit dolorem labore dolor consectetur adipisci. Dolor modi adipisci dolorem quiquia consectetur numquam dolor. Dolore amet est tempora. Dolor labore dolor aliquam voluptatem tempora magnam adipisci. Consectetur adipisci neque dolore consectetur porro quiquia dolore. Dolore non aliquam amet aliquam neque. Aliquam voluptatem velit tempora quisquam. Est neque non ipsum ut tempora dolorem. Labore neque etincidunt quaerat amet quaerat consectetur."
          }
        ]
      },
      "colorscheme": "light"
    },
    {
      "template_id": "key_resources",
      "content": {
        "title": "Key Resources",
        "resources": [
          {
            "image": {
              "src": "https://csis-website-prod.s3.amazonaws.com/s3fs-public/2024-01/AdobeStock_40869586_Crop1.jpg?VersionId=1HVO4O4gG312NydD1v8CElYVGjfLOYtH",
              "caption": ""
            },
            "text": "Ut...",
            "cta": "Click to download",
            "href": "https://www.undp.org/publications/undps-energy-strategy"
          },
          {
            "image": {
              "src": "https://elements-resized.envatousercontent.com/elements-video-cover-images/3254f24d-2426-43ae-b55d-aedc5cd25fea/video_preview/video_preview_0000.jpg?w=1400&cf_fit=cover&q=85&format=auto&s=8801a0bc8becf7ebb4baee10701611ef4b9f3f6939ca660e3a0b90514b7cf8d2",
              "caption": ""
            },
            "text": "Porro...",
            "cta": "Click to download",
            "href": "https://www.undp.org/publications/undps-energy-strategy"
          },
          {
            "image": {
              "src": "https://web14.bernama.com/storage/photos/830db0b0eb59429f4a6f5618134452c963f433bee8a98",
              "caption": ""
            },
            "text": "Dolore...",
            "cta": "Click to download",
            "href": "https://www.undp.org/publications/undps-energy-strategy"
          }
        ],
        "intro": "Velit quiquia velit non dolore."
      },
      "colorscheme": "light"
    },
    {
      "template_id": "connection_next",
      "content": {
        "image": {
          "src": "https://cdn.prod.website-files.com/6487341142c5367c3cefe169/670703187e5c652197eacf42_Energy.png",
          "caption": ""
        },
        "intro": "Next up",
        "title": "Risk Mitigation Strategies",
        "cta": "Start learning",
        "nextLessonId": "4.3.2"
      }
    }
  ]
}