{
  "id": "4.3.0",
  "segments": [
    {
      "template_id": "chapter_cover",
      "content": {
        "image": {
          "src": "https://www.undp.org/sites/g/files/zskgke326/files/2023-05/1525381088_0.jpg",
          "caption": ""
        },
        "chapter": {
          "label": "Chapter",
          "Number": "3"
        },
        "intro": "Just Energy Transition | chapter 1",
        "title": "Chapter 3 Introduction",
        "cta": "Scroll, tab or use your keyboard to move ahead",
        "subtitle": "M4: Sustainable Energy Finance | Chapter 3"
      },
      "colorscheme": "light"
    },
    {
      "template_id": "text",
      "colorscheme": "light",
      "content": {
        "text_elements": [
          {
            "template_id": "subtitle",
            "content": {
              "text": "Chapter Overview"
            }
          },
          {
            "template_id": "subtitle_small",
            "content": {
              "text": "Voluptatem ut labore magnam tempora dolore dolore."
            }
          },
          {
            "template_id": "paragraph_large",
            "content": {
              "text": "Sed neque voluptatem magnam. Eius amet magnam dolorem dolore amet. Amet consectetur sit amet. Adipisci eius labore aliquam. Adipisci sed dolor sit. Porro amet quaerat dolorem quaerat neque sed est. Quaerat est numquam quiquia consectetur numquam voluptatem. Consectetur velit amet modi eius amet ipsum non."
            }
          }
        ]
      }
    },
    {
      "template_id": "list_of_lessons",
      "content": {
        "title": "What's next in this chapter?",
        "lessons": [
          {
            "cta": "Go to the lesson",
            "description": "Ipsum non tempora amet.",
            "lessonId": "4.3.1",
            "image": {
              "src": "https://www.powerengineeringint.com/wp-content/uploads/2024/04/renewable-energy_cybersecurity.jpg",
              "caption": ""
            },
            "title": "Private Sector Investment in Sustainable Energy",
            "type": "Lesson",
            "progress": "not_started"
          },
          {
            "cta": "Go to the lesson",
            "description": "Labore velit quisquam amet ipsum voluptatem.",
            "lessonId": "4.3.2",
            "image": {
              "src": "https://iea.imgix.net/5860051d-c92e-4fea-8a90-12bf5334dbef/Renewables_2023_shutterstock_1527609272.jpg",
              "caption": ""
            },
            "title": "Risk Mitigation Strategies",
            "type": "Lesson",
            "progress": "completed"
          },
          {
            "cta": "Go to the lesson",
            "description": "Quisquam labore porro est.",
            "lessonId": "4.3.3",
            "image": {
              "src": "https://elementum-esg.co.uk/wp-content/uploads/2024/04/energy-sources.png",
              "caption": ""
            },
            "title": "Blended Finance",
            "type": "Lesson",
            "progress": "not_started"
          }
        ]
      },
      "colorscheme": "light"
    },
    {
      "template_id": "connection_next",
      "content": {
        "image": {
          "src": "https://coolermed.com/wp-content/uploads/2023/02/what-is-sustainable-energy-how-to-apply-it-to-medical-use.jpg",
          "caption": ""
        },
        "intro": "Next up",
        "title": "Private Sector Investment in Sustainable Energy",
        "cta": "Start learning",
        "nextLessonId": "4.3.1"
      }
    }
  ]
}