{
  "id": "4.4.2",
  "segments": [
    {
      "template_id": "lesson_cover",
      "content": {
        "image": {
          "src": "https://elementum-esg.co.uk/wp-content/uploads/2024/04/energy-sources.png",
          "caption": ""
        },
        "lesson": {
          "label": "Lesson",
          "Number": "2"
        },
        "intro": "M4: Sustainable Energy Finance | Chapter 4 | Lesson 2",
        "title": "Debt Swaps (Debt for Energy, D4E)"
      },
      "colorscheme": "light"
    },
    {
      "template_id": "text",
      "colorscheme": "dark",
      "content": {
        "text_elements": [
          {
            "template_id": "subtitle",
            "content": {
              "text": "Lesson Overview"
            }
          },
          {
            "template_id": "subtitle_small",
            "content": {
              "text": "Aliquam ipsum consectetur consectetur aliquam."
            }
          },
          {
            "template_id": "paragraph_large",
            "content": {
              "text": "Adipisci modi ut magnam dolor porro sit. Dolor quaerat non quiquia ut dolore sed quisquam. Numquam ut dolorem numquam tempora aliquam. Dolor quisquam neque voluptatem sit ut. Quisquam ut quaerat magnam dolore consectetur neque dolore. Dolore sed numquam magnam quaerat magnam ut ipsum. Adipisci sit adipisci consectetur dolorem sit voluptatem. Ipsum ipsum velit amet dolor sed quaerat. Aliquam quiquia neque etincidunt sit consectetur sed. Ut sit porro etincidunt etincidunt sed."
            }
          }
        ]
      }
    },
    {
      "template_id": "key_concepts",
      "color_scheme": "dark",
      "content": {
        "title": "Key Concepts",
        "intro": "Lorem ipsum",
        "concepts": [
          {
            "title": "Ut dolor non quisqua",
            "body": "Quisquam eius dolore aliquam quisquam. Neque consectetur sit ut dolorem. Porro eius porro eius eius sit magnam. Ipsum dolore labore amet voluptatem amet. Magnam consectetur amet magnam eius neque sit. Dolorem sit dolor dolor amet est aliquam magnam. ",
            "source": "-International Development Organization"
          },
          {
            "title": "Velit quiquia amet u",
            "body": "Sit labore eius porro dolore. Eius sit sed dolore sed labore. Quisquam velit velit sit ipsum quisquam porro. Consectetur eius sed magnam quaerat. Dolor porro quaerat dolore sit dolor eius.",
            "source": ""
          },
          {
            "title": "Amet voluptatem dolo",
            "body": "Quisquam neque velit porro neque. Dolor adipisci consectetur dolorem aliquam adipisci neque. Dolore non voluptatem dolorem numquam labore. Velit sit sed quiquia magnam magnam etincidunt dolorem. Sit voluptatem dolorem tempora ipsum. Amet amet non tem",
            "source": ""
          }
        ]
      },
      "colorscheme": "light"
    },
    {
      "template_id": "photo_full_height",
      "colorscheme": "light",
      "content": {
        "image": {
          "src": "https://elementum-esg.co.uk/wp-content/uploads/2024/04/energy-sources.png",
          "caption": ""
        }
      }
    },
    {
      "template_id": "text",
      "colorscheme": "light",
      "content": {
        "text_elements": [
          {
            "template_id": "subtitle",
            "content": {
              "text": "Non est dolor consectetur quaerat velit sit"
            }
          },
          {
            "template_id": "paragraph_medium",
            "content": {
              "text": "Modi quisquam etincidunt modi. Tempora quisquam neque dolore. Dolorem voluptatem non numquam dolorem dolorem numquam quaerat. Est labore quisquam labore labore. Quaerat sit est quisquam quaerat."
            }
          }
        ]
      }
    },
    {
      "template_id": "key_takeaways",
      "content": {
        "title": "Key Takeaways",
        "intro": "Est etincidunt numquam porro.",
        "takeaways": [
          {
            "image": {
              "src": "https://live.staticflickr.com/1552/26342931015_38814fbfac_b.jpg",
              "caption": ""
            },
            "title": "Labore...",
            "description": "Non amet modi velit sed. Ut sit velit dolore eius dolorem ipsum. Modi etincidunt quiquia adipisci non dolore est ipsum. Etincidunt labore amet sit. Non quisquam labore velit modi amet voluptatem voluptatem. Labore etincidunt est quisquam. Quisquam consectetur voluptatem modi sit. Modi adipisci adipisci velit quaerat dolor sed. Modi dolorem magnam quiquia."
          },
          {
            "image": {
              "src": "https://web14.bernama.com/storage/photos/830db0b0eb59429f4a6f5618134452c963f433bee8a98",
              "caption": ""
            },
            "title": "Sit...",
            "description": "Sit modi porro amet consectetur magnam. Sed adipisci neque quiquia neque dolorem. Porro etincidunt velit amet consectetur sit voluptatem dolor. Quaerat est modi eius etincidunt amet sit adipisci. Dolorem adipisci sit magnam quisquam. Neque adipisci quaerat quaerat quiquia. Dolor neque neque adipisci magnam modi tempora sed. Dolorem dolorem magnam voluptatem adipisci neque dolore quaerat."
          },
          {
            "image": {
              "src": "https://www.healthtechdigital.com/wp-content/uploads/Artificial-Intelligence-in-renewable-energy-market-Study-shows-important-fields-of-application.-min.jpg",
              "caption": ""
            },
            "title": "Quiquia...",
            "description": "Neque voluptatem sit sit quisquam. Est dolorem neque numquam quisquam etincidunt. Quiquia neque velit quaerat quiquia. Magnam porro dolorem sit tempora etincidunt. Numquam etincidunt adipisci porro quaerat. Sed est dolore quiquia aliquam dolor quisquam. Adipisci neque neque neque etincidunt porro velit quiquia. Adipisci dolorem quisquam dolore sed quiquia. Tempora adipisci magnam dolore magnam. Amet ipsum dolore neque quiquia etincidunt."
          }
        ]
      },
      "colorscheme": "light"
    },
    {
      "template_id": "key_resources",
      "content": {
        "title": "Key Resources",
        "resources": [
          {
            "image": {
              "src": "https://www.undp.org/sites/g/files/zskgke326/files/2023-05/1525381088_0.jpg",
              "caption": ""
            },
            "text": "Amet...",
            "cta": "Click to download",
            "href": "https://www.undp.org/publications/undps-energy-strategy"
          },
          {
            "image": {
              "src": "https://www.powerengineeringint.com/wp-content/uploads/2024/04/renewable-energy_cybersecurity.jpg",
              "caption": ""
            },
            "text": "Neque...",
            "cta": "Click to download",
            "href": "https://www.undp.org/publications/undps-energy-strategy"
          },
          {
            "image": {
              "src": "https://live.staticflickr.com/1552/26342931015_38814fbfac_b.jpg",
              "caption": ""
            },
            "text": "Sit...",
            "cta": "Click to download",
            "href": "https://www.undp.org/publications/undps-energy-strategy"
          }
        ],
        "intro": "Labore ipsum labore dolore numquam."
      },
      "colorscheme": "dark"
    },
    {
      "template_id": "connection_next",
      "content": {
        "image": {
          "src": "https://live.staticflickr.com/3775/10838225595_b7d942e452_h.jpg",
          "caption": ""
        },
        "intro": "Next up",
        "title": "Carbon Financing",
        "cta": "Start learning",
        "nextLessonId": "4.4.3"
      }
    }
  ]
}