{
  "id": "4.4.3",
  "segments": [
    {
      "template_id": "lesson_cover",
      "content": {
        "image": {
          "src": "https://www.powerengineeringint.com/wp-content/uploads/2024/04/renewable-energy_cybersecurity.jpg",
          "caption": ""
        },
        "lesson": {
          "label": "Lesson",
          "Number": "3"
        },
        "intro": "M4: Sustainable Energy Finance | Chapter 4 | Lesson 3",
        "title": "Carbon Financing"
      },
      "colorscheme": "dark"
    },
    {
      "template_id": "text",
      "colorscheme": "dark",
      "content": {
        "text_elements": [
          {
            "template_id": "subtitle",
            "content": {
              "text": "Lesson Overview"
            }
          },
          {
            "template_id": "subtitle_small",
            "content": {
              "text": "Quiquia quiquia quiquia voluptatem amet sit."
            }
          },
          {
            "template_id": "paragraph_large",
            "content": {
              "text": "Amet amet voluptatem velit numquam adipisci eius. Eius neque dolore quaerat porro velit amet sit. Ipsum adipisci magnam numquam ut ut voluptatem. Quiquia est amet ut labore est ipsum. Velit magnam etincidunt est consectetur magnam labore est."
            }
          }
        ]
      }
    },
    {
      "template_id": "key_concepts",
      "color_scheme": "dark",
      "content": {
        "title": "Key Concepts",
        "intro": "Lorem ipsum",
        "concepts": [
          {
            "title": "Ut voluptatem sed mo",
            "body": "Est consectetur tempora tempora adipisci voluptatem. Etincidunt quisquam magnam dolore. Magnam sed adipisci consectetur neque. Amet magnam sit velit neque quisquam. Amet velit labore labore dolor velit. Quaerat velit dolorem sed aliquam.",
            "source": "-International Development Organization"
          },
          {
            "title": "Ut ut sit quisquam n",
            "body": "Ut quiquia magnam magnam tempora. Aliquam sit est non dolore dolor. Sed ut modi magnam dolor. Labore etincidunt ipsum etincidunt dolor dolorem. Dolor dolor neque porro. Non ut dolore est sed dolorem. Ipsum sit modi magnam. Amet non est numquam dolor ",
            "source": ""
          },
          {
            "title": "Adipisci modi adipis",
            "body": "Neque eius dolorem dolor adipisci. Ipsum tempora quisquam etincidunt quisquam quiquia. Aliquam sed adipisci sed adipisci tempora porro. Velit porro consectetur velit velit labore amet dolore. Ipsum labore quiquia voluptatem porro consectetur labore. ",
            "source": ""
          }
        ]
      },
      "colorscheme": "dark"
    },
    {
      "template_id": "photo_full_height",
      "colorscheme": "dark",
      "content": {
        "image": {
          "src": "https://www.powerengineeringint.com/wp-content/uploads/2024/04/renewable-energy_cybersecurity.jpg",
          "caption": ""
        }
      }
    },
    {
      "template_id": "text",
      "colorscheme": "dark",
      "content": {
        "text_elements": [
          {
            "template_id": "subtitle",
            "content": {
              "text": "Tempora dolor amet modi non"
            }
          },
          {
            "template_id": "paragraph_medium",
            "content": {
              "text": "Quiquia ipsum etincidunt magnam porro etincidunt. Quaerat adipisci numquam neque ut aliquam. Dolorem quaerat numquam amet adipisci. Dolor labore labore porro aliquam neque. Adipisci modi consectetur aliquam sed. Amet porro aliquam aliquam ut aliquam."
            }
          }
        ]
      }
    },
    {
      "template_id": "key_takeaways",
      "content": {
        "title": "Key Takeaways",
        "intro": "Ut modi dolorem labore eius numquam eius etincidunt.",
        "takeaways": [
          {
            "image": {
              "src": "https://live.staticflickr.com/1552/26342931015_38814fbfac_b.jpg",
              "caption": ""
            },
            "title": "Velit...",
            "description": "Sed sed ipsum sit amet labore quisquam labore. Dolore ut est numquam consectetur labore adipisci. Velit aliquam quiquia etincidunt dolor dolorem. Ipsum dolore amet quisquam sed quisquam sed. Quaerat tempora consectetur non ut tempora. Est etincidunt labore adipisci est tempora non. Non porro neque est neque. Quisquam velit dolorem tempora eius neque etincidunt ipsum. Consectetur sed non modi ut dolorem. Tempora non non numquam."
          },
          {
            "image": {
              "src": "https://iea.imgix.net/5860051d-c92e-4fea-8a90-12bf5334dbef/Renewables_2023_shutterstock_1527609272.jpg",
              "caption": ""
            },
            "title": "Aliquam...",
            "description": "Sit dolorem numquam est tempora velit quisquam ipsum. Dolorem dolorem dolorem dolorem velit adipisci adipisci. Etincidunt adipisci quiquia aliquam porro est. Numquam ut quiquia neque porro eius. Dolor aliquam tempora porro consectetur ipsum. Tempora voluptatem ut tempora numquam voluptatem etincidunt. Adipisci consectetur porro neque porro dolor. Dolorem sit est ut labore non."
          },
          {
            "image": {
              "src": "https://www.powerengineeringint.com/wp-content/uploads/2024/04/renewable-energy_cybersecurity.jpg",
              "caption": ""
            },
            "title": "Sit...",
            "description": "Ipsum sit ipsum aliquam consectetur voluptatem voluptatem. Quaerat voluptatem aliquam est porro dolorem est. Modi dolor labore quisquam neque labore. Quisquam magnam ut magnam consectetur consectetur. Neque voluptatem ut modi etincidunt voluptatem sed. Non aliquam ipsum amet."
          }
        ]
      },
      "colorscheme": "light"
    },
    {
      "template_id": "key_resources",
      "content": {
        "title": "Key Resources",
        "resources": [
          {
            "image": {
              "src": "https://elements-resized.envatousercontent.com/elements-video-cover-images/3254f24d-2426-43ae-b55d-aedc5cd25fea/video_preview/video_preview_0000.jpg?w=1400&cf_fit=cover&q=85&format=auto&s=8801a0bc8becf7ebb4baee10701611ef4b9f3f6939ca660e3a0b90514b7cf8d2",
              "caption": ""
            },
            "text": "Dolorem...",
            "cta": "Click to download",
            "href": "https://www.undp.org/publications/undps-energy-strategy"
          },
          {
            "image": {
              "src": "https://www.powerengineeringint.com/wp-content/uploads/2024/04/renewable-energy_cybersecurity.jpg",
              "caption": ""
            },
            "text": "Quiquia...",
            "cta": "Click to download",
            "href": "https://www.undp.org/publications/undps-energy-strategy"
          },
          {
            "image": {
              "src": "https://www.energy.gov/sites/default/files/styles/full_article_width/public/2023-11/GRIP%20Blog%20Posting%20Clean%20Energy%20Solar%20Panels.jpg?itok=5KDc3kxK",
              "caption": ""
            },
            "text": "Labore...",
            "cta": "Click to download",
            "href": "https://www.undp.org/publications/undps-energy-strategy"
          }
        ],
        "intro": "Sit adipisci sit tempora est."
      },
      "colorscheme": "light"
    },
    {
      "template_id": "connection_next",
      "content": {
        "image": {
          "src": "https://live.staticflickr.com/5504/14454539704_b8910261c0_b.jpg",
          "caption": ""
        },
        "intro": "Next up",
        "title": "Emerging Technologies: AI-Powered and Digital Financing Solutions",
        "cta": "Start learning",
        "nextLessonId": "4.4.4"
      }
    }
  ]
}