{
  "id": "4.4.4",
  "segments": [
    {
      "template_id": "lesson_cover",
      "content": {
        "image": {
          "src": "https://iea.imgix.net/5860051d-c92e-4fea-8a90-12bf5334dbef/Renewables_2023_shutterstock_1527609272.jpg",
          "caption": ""
        },
        "lesson": {
          "label": "Lesson",
          "Number": "4"
        },
        "intro": "M4: Sustainable Energy Finance | Chapter 4 | Lesson 4",
        "title": "Emerging Technologies: AI-Powered and Digital Financing Solutions"
      },
      "colorscheme": "dark"
    },
    {
      "template_id": "text",
      "colorscheme": "light",
      "content": {
        "text_elements": [
          {
            "template_id": "subtitle",
            "content": {
              "text": "Lesson Overview"
            }
          },
          {
            "template_id": "subtitle_small",
            "content": {
              "text": "Est modi quiquia adipisci velit tempora velit."
            }
          },
          {
            "template_id": "paragraph_large",
            "content": {
              "text": "Tempora sit eius numquam. Est numquam labore aliquam. Consectetur modi neque est. Voluptatem dolorem aliquam velit. Ipsum amet labore dolore dolor adipisci consectetur. Quaerat porro dolor labore sit voluptatem. Magnam sed quiquia dolor ipsum sit tempora labore. Labore quaerat magnam ut quaerat etincidunt."
            }
          }
        ]
      }
    },
    {
      "template_id": "key_concepts",
      "color_scheme": "dark",
      "content": {
        "title": "Key Concepts",
        "intro": "Lorem ipsum",
        "concepts": [
          {
            "title": "Porro modi sit tempo",
            "body": "Consectetur ut quiquia voluptatem etincidunt velit. Non eius numquam sed sed velit. Non amet quaerat aliquam quaerat amet velit. Magnam eius dolor magnam non amet adipisci ut. Tempora eius voluptatem aliquam etincidunt velit sed consectetur. Numquam ",
            "source": "-International Development Organization"
          },
          {
            "title": "Est ipsum eius dolor",
            "body": "Non magnam quiquia neque tempora. Ipsum voluptatem adipisci sit magnam aliquam ipsum. Etincidunt sit est dolorem dolore. Quisquam velit dolore non non porro. Labore quisquam quaerat numquam sit. Neque aliquam etincidunt voluptatem. Est ut numquam non",
            "source": ""
          },
          {
            "title": "Ut tempora sed eius ",
            "body": "Quaerat ut quisquam labore ipsum ipsum. Dolore labore consectetur dolor neque quaerat neque numquam. Magnam ut porro aliquam adipisci magnam dolore. Dolorem adipisci amet tempora quisquam. Voluptatem quiquia sed dolor quiquia aliquam adipisci est. Ei",
            "source": ""
          }
        ]
      },
      "colorscheme": "light"
    },
    {
      "template_id": "photo_full_height",
      "colorscheme": "dark",
      "content": {
        "image": {
          "src": "https://iea.imgix.net/5860051d-c92e-4fea-8a90-12bf5334dbef/Renewables_2023_shutterstock_1527609272.jpg",
          "caption": ""
        }
      }
    },
    {
      "template_id": "text",
      "colorscheme": "dark",
      "content": {
        "text_elements": [
          {
            "template_id": "subtitle",
            "content": {
              "text": "Adipisci ut ut tempora etincidunt etincidunt"
            }
          },
          {
            "template_id": "paragraph_medium",
            "content": {
              "text": "Neque porro sed labore eius. Labore voluptatem quiquia est neque. Adipisci eius neque tempora. Velit voluptatem ut etincidunt. Quisquam sed labore quisquam dolorem adipisci. Sed sit adipisci magnam neque dolore. Quaerat quisquam velit aliquam quiquia. Aliquam tempora quaerat consectetur magnam etincidunt labore. Velit ut sed tempora. Amet adipisci eius adipisci dolor ipsum ipsum."
            }
          }
        ]
      }
    },
    {
      "template_id": "key_takeaways",
      "content": {
        "title": "Key Takeaways",
        "intro": "Porro est aliquam consectetur modi.",
        "takeaways": [
          {
            "image": {
              "src": "https://coolermed.com/wp-content/uploads/2023/02/what-is-sustainable-energy-how-to-apply-it-to-medical-use.jpg",
              "caption": ""
            },
            "title": "Consectetur...",
            "description": "Quiquia magnam eius quiquia. Aliquam est dolorem labore etincidunt est. Est consectetur ipsum quaerat modi etincidunt etincidunt. Velit dolore numquam dolore tempora. Velit sit numquam dolor eius amet neque tempora. Modi aliquam dolore dolore. Quiquia porro velit etincidunt. Sit voluptatem dolorem modi sit est dolorem."
          },
          {
            "image": {
              "src": "https://imgs.mongabay.com/wp-content/uploads/sites/20/2025/02/18142934/29572133848_45af12a4bb_k-e1737653671184.jpg",
              "caption": ""
            },
            "title": "Voluptatem...",
            "description": "Amet quisquam sit non ut numquam velit dolorem. Non quiquia quaerat eius numquam sit. Magnam porro neque eius. Adipisci voluptatem neque non. Porro dolore magnam voluptatem est neque dolorem sit. Amet sed est dolor neque sit numquam. Ipsum sed voluptatem tempora sed quiquia amet. Dolore ipsum ipsum dolor modi. Ipsum sit neque dolor labore quaerat velit ipsum. Dolorem adipisci consectetur tempora eius."
          },
          {
            "image": {
              "src": "https://www.undp.org/sites/g/files/zskgke326/files/2022-07/UNDP-Peru-2018_rural_solar_04-Photo%20UNDP%20Peru-Monica%20Sua%CC%81rez%20Galindo.jpg",
              "caption": ""
            },
            "title": "Non...",
            "description": "Sed amet sit non sed. Adipisci sit numquam quaerat amet magnam. Non sed etincidunt dolorem porro. Est aliquam labore quaerat velit tempora. Non dolor ut consectetur tempora. Quiquia amet tempora velit. Quiquia etincidunt consectetur ipsum neque tempora. Voluptatem porro aliquam modi etincidunt ut."
          }
        ]
      },
      "colorscheme": "light"
    },
    {
      "template_id": "key_resources",
      "content": {
        "title": "Key Resources",
        "resources": [
          {
            "image": {
              "src": "https://web14.bernama.com/storage/photos/830db0b0eb59429f4a6f5618134452c963f433bee8a98",
              "caption": ""
            },
            "text": "Consectetur...",
            "cta": "Click to download",
            "href": "https://www.undp.org/publications/undps-energy-strategy"
          },
          {
            "image": {
              "src": "https://www.undp.org/sites/g/files/zskgke326/files/2022-07/UNDP-Peru-2018_rural_solar_04-Photo%20UNDP%20Peru-Monica%20Sua%CC%81rez%20Galindo.jpg",
              "caption": ""
            },
            "text": "Non...",
            "cta": "Click to download",
            "href": "https://www.undp.org/publications/undps-energy-strategy"
          },
          {
            "image": {
              "src": "https://www.healthtechdigital.com/wp-content/uploads/Artificial-Intelligence-in-renewable-energy-market-Study-shows-important-fields-of-application.-min.jpg",
              "caption": ""
            },
            "text": "Numquam...",
            "cta": "Click to download",
            "href": "https://www.undp.org/publications/undps-energy-strategy"
          }
        ],
        "intro": "Labore aliquam voluptatem labore."
      },
      "colorscheme": "light"
    },
    {
      "template_id": "connection_next",
      "content": {
        "image": {
          "src": "https://imgs.mongabay.com/wp-content/uploads/sites/20/2025/02/18142934/29572133848_45af12a4bb_k-e1737653671184.jpg",
          "caption": ""
        },
        "intro": "Next up",
        "title": "Chapter 4 Outro",
        "cta": "Start learning",
        "nextLessonId": "4.4.-1"
      }
    }
  ]
}