{
  "id": "4.4.0",
  "segments": [
    {
      "template_id": "chapter_cover",
      "content": {
        "image": {
          "src": "https://coolermed.com/wp-content/uploads/2023/02/what-is-sustainable-energy-how-to-apply-it-to-medical-use.jpg",
          "caption": ""
        },
        "chapter": {
          "label": "Chapter",
          "Number": "4"
        },
        "intro": "Just Energy Transition | chapter 1",
        "title": "Chapter 4 Introduction",
        "cta": "Scroll, tab or use your keyboard to move ahead",
        "subtitle": "M4: Sustainable Energy Finance | Chapter 4"
      },
      "colorscheme": "light"
    },
    {
      "template_id": "text",
      "colorscheme": "light",
      "content": {
        "text_elements": [
          {
            "template_id": "subtitle",
            "content": {
              "text": "Chapter Overview"
            }
          },
          {
            "template_id": "subtitle_small",
            "content": {
              "text": "Quaerat aliquam eius velit quisquam."
            }
          },
          {
            "template_id": "paragraph_large",
            "content": {
              "text": "Aliquam amet sed neque etincidunt dolore dolor modi. Sit quaerat numquam numquam ipsum labore consectetur porro. Ut porro ipsum ipsum non. Sit ut modi non dolore. Quisquam modi porro dolore. Quiquia etincidunt modi ipsum labore etincidunt voluptatem neque. Est aliquam est amet neque quisquam. Numquam consectetur dolorem quisquam consectetur quisquam ipsum amet. Dolore etincidunt eius porro tempora non ipsum."
            }
          }
        ]
      }
    },
    {
      "template_id": "list_of_lessons",
      "content": {
        "title": "What's next in this chapter?",
        "lessons": [
          {
            "cta": "Go to the lesson",
            "description": "Consectetur ut numquam quiquia numquam magnam.",
            "lessonId": "4.4.1",
            "image": {
              "src": "https://iea.imgix.net/5860051d-c92e-4fea-8a90-12bf5334dbef/Renewables_2023_shutterstock_1527609272.jpg",
              "caption": ""
            },
            "title": "Thematic Bonds (Public and Corporate)",
            "type": "Lesson",
            "progress": "completed"
          },
          {
            "cta": "Go to the lesson",
            "description": "Dolore est quiquia voluptatem ipsum dolorem aliquam.",
            "lessonId": "4.4.2",
            "image": {
              "src": "https://web14.bernama.com/storage/photos/830db0b0eb59429f4a6f5618134452c963f433bee8a98",
              "caption": ""
            },
            "title": "Debt Swaps (Debt for Energy, D4E)",
            "type": "Lesson",
            "progress": "not_started"
          },
          {
            "cta": "Go to the lesson",
            "description": "Magnam tempora numquam amet dolore tempora aliquam.",
            "lessonId": "4.4.3",
            "image": {
              "src": "https://www.powerengineeringint.com/wp-content/uploads/2024/04/renewable-energy_cybersecurity.jpg",
              "caption": ""
            },
            "title": "Carbon Financing",
            "type": "Lesson",
            "progress": "not_started"
          },
          {
            "cta": "Go to the lesson",
            "description": "Est consectetur velit quaerat.",
            "lessonId": "4.4.4",
            "image": {
              "src": "https://live.staticflickr.com/3775/10838225595_b7d942e452_h.jpg",
              "caption": ""
            },
            "title": "Emerging Technologies: AI-Powered and Digital Financing Solutions",
            "type": "Lesson",
            "progress": "in_progress"
          }
        ]
      },
      "colorscheme": "light"
    },
    {
      "template_id": "connection_next",
      "content": {
        "image": {
          "src": "https://live.staticflickr.com/1552/26342931015_38814fbfac_b.jpg",
          "caption": ""
        },
        "intro": "Next up",
        "title": "Thematic Bonds (Public and Corporate)",
        "cta": "Start learning",
        "nextLessonId": "4.4.1"
      }
    }
  ]
}