{
  "id": "4.4.1",
  "segments": [
    {
      "template_id": "lesson_cover",
      "content": {
        "image": {
          "src": "https://www.healthtechdigital.com/wp-content/uploads/Artificial-Intelligence-in-renewable-energy-market-Study-shows-important-fields-of-application.-min.jpg",
          "caption": ""
        },
        "lesson": {
          "label": "Lesson",
          "Number": "1"
        },
        "intro": "M4: Sustainable Energy Finance | Chapter 4 | Lesson 1",
        "title": "Thematic Bonds (Public and Corporate)"
      },
      "colorscheme": "light"
    },
    {
      "template_id": "text",
      "colorscheme": "dark",
      "content": {
        "text_elements": [
          {
            "template_id": "subtitle",
            "content": {
              "text": "Lesson Overview"
            }
          },
          {
            "template_id": "subtitle_small",
            "content": {
              "text": "Velit adipisci eius tempora eius dolore."
            }
          },
          {
            "template_id": "paragraph_large",
            "content": {
              "text": "Velit quiquia voluptatem dolore tempora voluptatem ut. Est porro dolor numquam sit consectetur sit aliquam. Quaerat sit neque adipisci aliquam ut. Sit non porro modi dolorem velit modi quiquia. Quaerat sit sit eius magnam. Velit numquam velit est sit. Dolore voluptatem aliquam numquam amet ut."
            }
          }
        ]
      }
    },
    {
      "template_id": "key_concepts",
      "color_scheme": "dark",
      "content": {
        "title": "Key Concepts",
        "intro": "Lorem ipsum",
        "concepts": [
          {
            "title": "Quaerat consectetur ",
            "body": "Velit sed dolore porro. Voluptatem voluptatem ut non modi magnam voluptatem dolorem. Dolore non magnam ipsum neque dolorem eius labore. Est quisquam eius sit labore sed etincidunt numquam. Voluptatem ipsum quiquia porro labore amet porro. Quaerat qua",
            "source": "-International Development Organization"
          },
          {
            "title": "Quiquia magnam magna",
            "body": "Sed consectetur ut quaerat modi neque eius non. Dolore velit voluptatem neque sed dolore labore. Magnam ipsum sit labore. Est amet ut amet sit magnam. Porro velit tempora dolorem sit neque neque.",
            "source": ""
          },
          {
            "title": "Velit aliquam adipis",
            "body": "Quisquam etincidunt sed sed est amet neque. Amet non neque adipisci quaerat ut. Est porro ipsum voluptatem. Ut velit non etincidunt quisquam non tempora quaerat. Est quaerat consectetur dolor ut. Est dolor est quaerat velit numquam sed. Ut dolorem am",
            "source": ""
          }
        ]
      },
      "colorscheme": "light"
    },
    {
      "template_id": "photo_full_height",
      "colorscheme": "light",
      "content": {
        "image": {
          "src": "https://www.healthtechdigital.com/wp-content/uploads/Artificial-Intelligence-in-renewable-energy-market-Study-shows-important-fields-of-application.-min.jpg",
          "caption": ""
        }
      }
    },
    {
      "template_id": "text",
      "colorscheme": "light",
      "content": {
        "text_elements": [
          {
            "template_id": "subtitle",
            "content": {
              "text": "Modi consectetur quiquia adipisci ut est modi tempora"
            }
          },
          {
            "template_id": "paragraph_medium",
            "content": {
              "text": "Quiquia tempora dolore voluptatem labore velit. Dolorem modi eius adipisci ipsum. Etincidunt quiquia amet labore neque dolor. Aliquam amet sit etincidunt velit dolor amet numquam. Dolorem sit labore porro ut. Sed amet dolor amet. Ut modi quisquam amet quiquia ipsum. Numquam labore est neque voluptatem numquam amet."
            }
          }
        ]
      }
    },
    {
      "template_id": "key_takeaways",
      "content": {
        "title": "Key Takeaways",
        "intro": "Quiquia dolore adipisci amet magnam non aliquam.",
        "takeaways": [
          {
            "image": {
              "src": "https://www.energy.gov/sites/default/files/styles/full_article_width/public/2023-11/GRIP%20Blog%20Posting%20Clean%20Energy%20Solar%20Panels.jpg?itok=5KDc3kxK",
              "caption": ""
            },
            "title": "Consectetur...",
            "description": "Neque non non ipsum tempora quaerat quisquam non. Voluptatem eius modi ut dolor voluptatem numquam. Magnam neque dolore dolorem. Quaerat quaerat porro porro ipsum magnam. Non ipsum est ipsum quisquam adipisci."
          },
          {
            "image": {
              "src": "https://www.resusenergy.lk/images/Resus_Enegry_Images/Project_Images/mahiyagnanaya/dji_0008.jpg",
              "caption": ""
            },
            "title": "Sit...",
            "description": "Numquam eius amet labore adipisci. Quaerat amet sed non quaerat. Consectetur sed porro dolorem tempora dolore adipisci consectetur. Porro tempora porro magnam non adipisci. Eius velit voluptatem consectetur etincidunt. Non quiquia quisquam dolore."
          },
          {
            "image": {
              "src": "https://www.resusenergy.lk/images/Resus_Enegry_Images/Project_Images/mahiyagnanaya/dji_0008.jpg",
              "caption": ""
            },
            "title": "Quisquam...",
            "description": "Porro amet etincidunt aliquam eius tempora voluptatem dolor. Numquam neque tempora sed dolore magnam. Labore dolor ut quisquam velit labore. Consectetur voluptatem tempora quaerat porro neque numquam tempora. Etincidunt amet ipsum neque. Tempora adipisci est tempora."
          }
        ]
      },
      "colorscheme": "dark"
    },
    {
      "template_id": "key_resources",
      "content": {
        "title": "Key Resources",
        "resources": [
          {
            "image": {
              "src": "https://www.healthtechdigital.com/wp-content/uploads/Artificial-Intelligence-in-renewable-energy-market-Study-shows-important-fields-of-application.-min.jpg",
              "caption": ""
            },
            "text": "Numquam...",
            "cta": "Click to download",
            "href": "https://www.undp.org/publications/undps-energy-strategy"
          },
          {
            "image": {
              "src": "https://elements-resized.envatousercontent.com/elements-video-cover-images/3254f24d-2426-43ae-b55d-aedc5cd25fea/video_preview/video_preview_0000.jpg?w=1400&cf_fit=cover&q=85&format=auto&s=8801a0bc8becf7ebb4baee10701611ef4b9f3f6939ca660e3a0b90514b7cf8d2",
              "caption": ""
            },
            "text": "Sed...",
            "cta": "Click to download",
            "href": "https://www.undp.org/publications/undps-energy-strategy"
          },
          {
            "image": {
              "src": "https://coolermed.com/wp-content/uploads/2023/02/what-is-sustainable-energy-how-to-apply-it-to-medical-use.jpg",
              "caption": ""
            },
            "text": "Adipisci...",
            "cta": "Click to download",
            "href": "https://www.undp.org/publications/undps-energy-strategy"
          }
        ],
        "intro": "Quiquia sit adipisci non eius."
      },
      "colorscheme": "dark"
    },
    {
      "template_id": "connection_next",
      "content": {
        "image": {
          "src": "https://iea.imgix.net/5860051d-c92e-4fea-8a90-12bf5334dbef/Renewables_2023_shutterstock_1527609272.jpg",
          "caption": ""
        },
        "intro": "Next up",
        "title": "Debt Swaps (Debt for Energy, D4E)",
        "cta": "Start learning",
        "nextLessonId": "4.4.2"
      }
    }
  ]
}