{
  "id": "4.5.2",
  "segments": [
    {
      "template_id": "lesson_cover",
      "content": {
        "image": {
          "src": "https://coolermed.com/wp-content/uploads/2023/02/what-is-sustainable-energy-how-to-apply-it-to-medical-use.jpg",
          "caption": ""
        },
        "lesson": {
          "label": "Lesson",
          "Number": "2"
        },
        "intro": "M4: Sustainable Energy Finance | Chapter 5 | Lesson 2",
        "title": "Gender Equality And Sustainable Energy Finance"
      },
      "colorscheme": "light"
    },
    {
      "template_id": "text",
      "colorscheme": "dark",
      "content": {
        "text_elements": [
          {
            "template_id": "subtitle",
            "content": {
              "text": "Lesson Overview"
            }
          },
          {
            "template_id": "subtitle_small",
            "content": {
              "text": "Non dolore eius ipsum adipisci quisquam porro dolore."
            }
          },
          {
            "template_id": "paragraph_large",
            "content": {
              "text": "Aliquam modi magnam ut magnam. Eius est eius velit quaerat. Quiquia dolorem aliquam etincidunt quaerat voluptatem ut. Quiquia dolor dolore sit est numquam neque etincidunt. Modi voluptatem dolorem adipisci quisquam."
            }
          }
        ]
      }
    },
    {
      "template_id": "key_concepts",
      "color_scheme": "dark",
      "content": {
        "title": "Key Concepts",
        "intro": "Lorem ipsum",
        "concepts": [
          {
            "title": "Tempora dolorem modi",
            "body": "Ipsum quaerat consectetur magnam ipsum consectetur sed. Sit modi neque dolore ut modi ipsum neque. Numquam quisquam voluptatem numquam ut. Sit amet quaerat dolorem magnam. Velit numquam etincidunt numquam quisquam. Quaerat non quisquam amet quisquam ",
            "source": "-International Development Organization"
          },
          {
            "title": "Dolore modi tempora ",
            "body": "Ut eius est dolore quiquia quisquam dolore quisquam. Quiquia eius consectetur eius dolorem. Sit quaerat dolorem est amet quaerat. Est magnam voluptatem quiquia dolorem dolore. Neque voluptatem aliquam sed numquam. Amet amet quisquam non etincidunt ma",
            "source": ""
          },
          {
            "title": "Aliquam quisquam ips",
            "body": "Magnam quaerat consectetur neque. Porro sed magnam consectetur. Consectetur porro dolore amet modi. Dolorem neque dolor velit quisquam. Tempora aliquam dolore etincidunt tempora quiquia dolor consectetur.",
            "source": ""
          }
        ]
      },
      "colorscheme": "light"
    },
    {
      "template_id": "photo_full_height",
      "colorscheme": "light",
      "content": {
        "image": {
          "src": "https://coolermed.com/wp-content/uploads/2023/02/what-is-sustainable-energy-how-to-apply-it-to-medical-use.jpg",
          "caption": ""
        }
      }
    },
    {
      "template_id": "text",
      "colorscheme": "light",
      "content": {
        "text_elements": [
          {
            "template_id": "subtitle",
            "content": {
              "text": "Aliquam eius neque non etincidunt"
            }
          },
          {
            "template_id": "paragraph_medium",
            "content": {
              "text": "Sed velit velit amet. Dolorem quisquam amet eius modi numquam sed etincidunt. Numquam magnam quaerat modi tempora sed quisquam. Est etincidunt quiquia quisquam tempora dolorem. Porro velit aliquam quiquia modi. Sed porro amet amet aliquam labore quisquam dolore."
            }
          }
        ]
      }
    },
    {
      "template_id": "key_takeaways",
      "content": {
        "title": "Key Takeaways",
        "intro": "Numquam dolor amet tempora tempora.",
        "takeaways": [
          {
            "image": {
              "src": "https://imgs.mongabay.com/wp-content/uploads/sites/20/2025/02/18142934/29572133848_45af12a4bb_k-e1737653671184.jpg",
              "caption": ""
            },
            "title": "Quiquia...",
            "description": "Porro quaerat velit sed magnam numquam quiquia. Modi labore voluptatem magnam consectetur. Eius porro voluptatem modi magnam aliquam ipsum. Dolor adipisci quisquam numquam magnam. Adipisci voluptatem ut porro magnam. Quiquia porro ipsum porro. Eius adipisci sit ut. Quiquia aliquam dolor consectetur dolorem. Quiquia ut porro quiquia dolorem ipsum aliquam."
          },
          {
            "image": {
              "src": "https://web14.bernama.com/storage/photos/830db0b0eb59429f4a6f5618134452c963f433bee8a98",
              "caption": ""
            },
            "title": "Aliquam...",
            "description": "Magnam ipsum quiquia porro etincidunt. Voluptatem est magnam consectetur ipsum numquam etincidunt velit. Dolorem numquam sit etincidunt eius porro consectetur. Labore neque modi ipsum. Amet aliquam labore ipsum."
          },
          {
            "image": {
              "src": "https://www.undp.org/sites/g/files/zskgke326/files/2023-05/1525381088_0.jpg",
              "caption": ""
            },
            "title": "Amet...",
            "description": "Tempora labore quaerat est. Numquam numquam est quaerat magnam quiquia. Quisquam ut quiquia voluptatem sed labore aliquam. Adipisci dolor est numquam. Adipisci sed dolore labore."
          }
        ]
      },
      "colorscheme": "light"
    },
    {
      "template_id": "key_resources",
      "content": {
        "title": "Key Resources",
        "resources": [
          {
            "image": {
              "src": "https://imgs.mongabay.com/wp-content/uploads/sites/20/2025/02/18142934/29572133848_45af12a4bb_k-e1737653671184.jpg",
              "caption": ""
            },
            "text": "Voluptatem...",
            "cta": "Click to download",
            "href": "https://www.undp.org/publications/undps-energy-strategy"
          },
          {
            "image": {
              "src": "https://imgs.mongabay.com/wp-content/uploads/sites/20/2025/02/18142934/29572133848_45af12a4bb_k-e1737653671184.jpg",
              "caption": ""
            },
            "text": "Dolore...",
            "cta": "Click to download",
            "href": "https://www.undp.org/publications/undps-energy-strategy"
          },
          {
            "image": {
              "src": "https://www.powerengineeringint.com/wp-content/uploads/2024/04/renewable-energy_cybersecurity.jpg",
              "caption": ""
            },
            "text": "Porro...",
            "cta": "Click to download",
            "href": "https://www.undp.org/publications/undps-energy-strategy"
          }
        ],
        "intro": "Etincidunt sit etincidunt amet dolor ipsum tempora."
      },
      "colorscheme": "dark"
    },
    {
      "template_id": "connection_next",
      "content": {
        "image": {
          "src": "https://imgs.mongabay.com/wp-content/uploads/sites/20/2025/02/18142934/29572133848_45af12a4bb_k-e1737653671184.jpg",
          "caption": ""
        },
        "intro": "Next up",
        "title": "Regional Priorities",
        "cta": "Start learning",
        "nextLessonId": "4.5.3"
      }
    }
  ]
}