{
  "id": "4.5.0",
  "segments": [
    {
      "template_id": "chapter_cover",
      "content": {
        "image": {
          "src": "https://csis-website-prod.s3.amazonaws.com/s3fs-public/2024-01/AdobeStock_40869586_Crop1.jpg?VersionId=1HVO4O4gG312NydD1v8CElYVGjfLOYtH",
          "caption": ""
        },
        "chapter": {
          "label": "Chapter",
          "Number": "5"
        },
        "intro": "Just Energy Transition | chapter 1",
        "title": "Chapter 5 Introduction",
        "cta": "Scroll, tab or use your keyboard to move ahead",
        "subtitle": "M4: Sustainable Energy Finance | Chapter 5"
      },
      "colorscheme": "dark"
    },
    {
      "template_id": "text",
      "colorscheme": "light",
      "content": {
        "text_elements": [
          {
            "template_id": "subtitle",
            "content": {
              "text": "Chapter Overview"
            }
          },
          {
            "template_id": "subtitle_small",
            "content": {
              "text": "Aliquam sit voluptatem quaerat quaerat amet aliquam porro."
            }
          },
          {
            "template_id": "paragraph_large",
            "content": {
              "text": "Adipisci amet modi neque sed. Eius etincidunt amet voluptatem dolor non non. Sed velit non est labore. Modi dolor magnam amet. Velit quisquam non dolore ut quisquam. Labore est amet tempora ipsum voluptatem quiquia amet. Quaerat neque neque neque quisquam dolorem. Magnam amet voluptatem labore etincidunt quaerat sit."
            }
          }
        ]
      }
    },
    {
      "template_id": "list_of_lessons",
      "content": {
        "title": "What's next in this chapter?",
        "lessons": [
          {
            "cta": "Go to the lesson",
            "description": "Etincidunt eius adipisci ut.",
            "lessonId": "4.5.1",
            "image": {
              "src": "https://imgs.mongabay.com/wp-content/uploads/sites/20/2025/02/18142934/29572133848_45af12a4bb_k-e1737653671184.jpg",
              "caption": ""
            },
            "title": "Partnerships for Sustainable Energy Investments",
            "type": "Lesson",
            "progress": "completed"
          },
          {
            "cta": "Go to the lesson",
            "description": "Adipisci dolore quisquam dolorem etincidunt voluptatem.",
            "lessonId": "4.5.2",
            "image": {
              "src": "https://live.staticflickr.com/5504/14454539704_b8910261c0_b.jpg",
              "caption": ""
            },
            "title": "Gender Equality And Sustainable Energy Finance",
            "type": "Lesson",
            "progress": "in_progress"
          },
          {
            "cta": "Go to the lesson",
            "description": "Dolor numquam sed est neque.",
            "lessonId": "4.5.3",
            "image": {
              "src": "https://www.resusenergy.lk/images/Resus_Enegry_Images/Project_Images/mahiyagnanaya/dji_0008.jpg",
              "caption": ""
            },
            "title": "Regional Priorities",
            "type": "Lesson",
            "progress": "not_started"
          }
        ]
      },
      "colorscheme": "light"
    },
    {
      "template_id": "connection_next",
      "content": {
        "image": {
          "src": "https://iea.imgix.net/5860051d-c92e-4fea-8a90-12bf5334dbef/Renewables_2023_shutterstock_1527609272.jpg",
          "caption": ""
        },
        "intro": "Next up",
        "title": "Partnerships for Sustainable Energy Investments",
        "cta": "Start learning",
        "nextLessonId": "4.5.1"
      }
    }
  ]
}