{
  "id": "4.5.3",
  "segments": [
    {
      "template_id": "lesson_cover",
      "content": {
        "image": {
          "src": "https://web14.bernama.com/storage/photos/830db0b0eb59429f4a6f5618134452c963f433bee8a98",
          "caption": ""
        },
        "lesson": {
          "label": "Lesson",
          "Number": "3"
        },
        "intro": "M4: Sustainable Energy Finance | Chapter 5 | Lesson 3",
        "title": "Regional Priorities"
      },
      "colorscheme": "dark"
    },
    {
      "template_id": "text",
      "colorscheme": "light",
      "content": {
        "text_elements": [
          {
            "template_id": "subtitle",
            "content": {
              "text": "Lesson Overview"
            }
          },
          {
            "template_id": "subtitle_small",
            "content": {
              "text": "Adipisci velit ut amet."
            }
          },
          {
            "template_id": "paragraph_large",
            "content": {
              "text": "Etincidunt eius ipsum aliquam velit. Labore tempora voluptatem magnam. Labore ipsum dolore amet velit. Sit est dolore amet eius tempora adipisci. Labore aliquam modi non dolor consectetur."
            }
          }
        ]
      }
    },
    {
      "template_id": "key_concepts",
      "color_scheme": "dark",
      "content": {
        "title": "Key Concepts",
        "intro": "Lorem ipsum",
        "concepts": [
          {
            "title": "Labore velit modi am",
            "body": "Dolorem numquam labore quaerat ut sit. Voluptatem numquam dolore aliquam neque voluptatem. Ut non quaerat quiquia quisquam voluptatem consectetur dolore. Porro velit voluptatem tempora voluptatem amet. Amet sit quisquam quisquam aliquam. Sit labore n",
            "source": "-International Development Organization"
          },
          {
            "title": "Magnam tempora conse",
            "body": "Dolorem non ipsum sed quiquia aliquam ipsum. Ut dolore adipisci voluptatem dolore amet. Amet voluptatem ut dolor. Quisquam dolor velit dolorem velit. Dolore magnam magnam voluptatem amet. Dolor amet quisquam non ipsum est. Quisquam neque velit volupt",
            "source": ""
          },
          {
            "title": "Labore consectetur q",
            "body": "Etincidunt amet quiquia eius quaerat. Est dolor consectetur adipisci voluptatem velit. Tempora ut adipisci dolore tempora modi. Sit labore quiquia eius dolorem etincidunt velit neque. Ipsum velit voluptatem velit. Neque magnam sit consectetur modi qu",
            "source": ""
          }
        ]
      },
      "colorscheme": "light"
    },
    {
      "template_id": "photo_full_height",
      "colorscheme": "dark",
      "content": {
        "image": {
          "src": "https://web14.bernama.com/storage/photos/830db0b0eb59429f4a6f5618134452c963f433bee8a98",
          "caption": ""
        }
      }
    },
    {
      "template_id": "text",
      "colorscheme": "dark",
      "content": {
        "text_elements": [
          {
            "template_id": "subtitle",
            "content": {
              "text": "Adipisci quaerat voluptatem aliquam aliquam"
            }
          },
          {
            "template_id": "paragraph_medium",
            "content": {
              "text": "Porro dolorem magnam neque dolorem. Dolor sed dolor dolorem dolore ut. Dolorem porro dolor est aliquam voluptatem aliquam quaerat. Labore numquam quiquia labore labore dolorem eius. Dolor etincidunt est quiquia aliquam est adipisci velit. Ut tempora velit sit adipisci neque. Sit modi velit etincidunt dolore dolorem etincidunt amet. Dolore modi aliquam non magnam. Etincidunt consectetur est ipsum sit numquam. Sit adipisci neque quaerat."
            }
          }
        ]
      }
    },
    {
      "template_id": "key_takeaways",
      "content": {
        "title": "Key Takeaways",
        "intro": "Modi aliquam ipsum neque porro non.",
        "takeaways": [
          {
            "image": {
              "src": "https://cdn.prod.website-files.com/6487341142c5367c3cefe169/670703187e5c652197eacf42_Energy.png",
              "caption": ""
            },
            "title": "Quiquia...",
            "description": "Dolorem sed etincidunt aliquam velit. Quaerat sit velit ut voluptatem sed consectetur dolore. Labore labore ipsum aliquam est numquam. Dolore ut aliquam neque. Non ut velit eius. Magnam eius tempora etincidunt dolor dolor etincidunt adipisci. Ut quiquia etincidunt est magnam. Ut dolore eius voluptatem eius eius modi est. Dolore eius dolor eius."
          },
          {
            "image": {
              "src": "https://live.staticflickr.com/1552/26342931015_38814fbfac_b.jpg",
              "caption": ""
            },
            "title": "Sit...",
            "description": "Ipsum quisquam non neque quisquam velit consectetur. Non etincidunt numquam magnam quisquam. Est adipisci tempora est. Consectetur quaerat etincidunt aliquam eius consectetur. Neque est numquam neque modi."
          },
          {
            "image": {
              "src": "https://www.healthtechdigital.com/wp-content/uploads/Artificial-Intelligence-in-renewable-energy-market-Study-shows-important-fields-of-application.-min.jpg",
              "caption": ""
            },
            "title": "Ipsum...",
            "description": "Adipisci adipisci etincidunt quiquia est. Est tempora est labore tempora adipisci aliquam amet. Dolorem adipisci voluptatem ut velit quiquia. Consectetur aliquam amet velit ipsum magnam numquam. Labore neque est consectetur labore sit aliquam. Quisquam voluptatem etincidunt etincidunt dolorem modi. Quiquia dolor sit neque dolore."
          }
        ]
      },
      "colorscheme": "dark"
    },
    {
      "template_id": "key_resources",
      "content": {
        "title": "Key Resources",
        "resources": [
          {
            "image": {
              "src": "https://csis-website-prod.s3.amazonaws.com/s3fs-public/2024-01/AdobeStock_40869586_Crop1.jpg?VersionId=1HVO4O4gG312NydD1v8CElYVGjfLOYtH",
              "caption": ""
            },
            "text": "Etincidunt...",
            "cta": "Click to download",
            "href": "https://www.undp.org/publications/undps-energy-strategy"
          },
          {
            "image": {
              "src": "https://live.staticflickr.com/3775/10838225595_b7d942e452_h.jpg",
              "caption": ""
            },
            "text": "Consectetur...",
            "cta": "Click to download",
            "href": "https://www.undp.org/publications/undps-energy-strategy"
          },
          {
            "image": {
              "src": "https://www.energy.gov/sites/default/files/styles/full_article_width/public/2023-11/GRIP%20Blog%20Posting%20Clean%20Energy%20Solar%20Panels.jpg?itok=5KDc3kxK",
              "caption": ""
            },
            "text": "Tempora...",
            "cta": "Click to download",
            "href": "https://www.undp.org/publications/undps-energy-strategy"
          }
        ],
        "intro": "Dolore quisquam eius quisquam amet velit quiquia sed."
      },
      "colorscheme": "light"
    },
    {
      "template_id": "connection_next",
      "content": {
        "image": {
          "src": "https://www.energy.gov/sites/default/files/styles/full_article_width/public/2023-11/GRIP%20Blog%20Posting%20Clean%20Energy%20Solar%20Panels.jpg?itok=5KDc3kxK",
          "caption": ""
        },
        "intro": "Next up",
        "title": "Chapter 5 Outro",
        "cta": "Start learning",
        "nextLessonId": "4.5.-1"
      }
    }
  ]
}