{
  "id": "4.5.1",
  "segments": [
    {
      "template_id": "lesson_cover",
      "content": {
        "image": {
          "src": "https://live.staticflickr.com/1552/26342931015_38814fbfac_b.jpg",
          "caption": ""
        },
        "lesson": {
          "label": "Lesson",
          "Number": "1"
        },
        "intro": "M4: Sustainable Energy Finance | Chapter 5 | Lesson 1",
        "title": "Partnerships for Sustainable Energy Investments"
      },
      "colorscheme": "light"
    },
    {
      "template_id": "text",
      "colorscheme": "dark",
      "content": {
        "text_elements": [
          {
            "template_id": "subtitle",
            "content": {
              "text": "Lesson Overview"
            }
          },
          {
            "template_id": "subtitle_small",
            "content": {
              "text": "Sed numquam dolor sit."
            }
          },
          {
            "template_id": "paragraph_large",
            "content": {
              "text": "Dolorem ut non quaerat quaerat tempora amet. Quaerat amet amet quiquia dolor consectetur adipisci. Sit eius tempora amet aliquam aliquam numquam magnam. Velit consectetur sit dolorem sit magnam tempora magnam. Sit porro ipsum sit. Est consectetur dolore eius. Est quaerat ipsum quaerat. Quiquia sit sit consectetur neque est quaerat. Non numquam tempora ipsum dolorem voluptatem dolorem quaerat."
            }
          }
        ]
      }
    },
    {
      "template_id": "key_concepts",
      "color_scheme": "dark",
      "content": {
        "title": "Key Concepts",
        "intro": "Lorem ipsum",
        "concepts": [
          {
            "title": "Magnam aliquam modi ",
            "body": "Aliquam eius dolorem dolorem. Est quaerat quiquia non quaerat. Etincidunt consectetur sed quiquia. Sed porro magnam dolore dolore modi tempora dolore. Quisquam quaerat ipsum dolorem velit neque dolorem. Sit ut modi numquam eius labore.",
            "source": "-International Development Organization"
          },
          {
            "title": "Dolorem magnam tempo",
            "body": "Quisquam quisquam aliquam ipsum quiquia amet. Est eius neque etincidunt sed est adipisci. Etincidunt dolore amet velit quisquam neque numquam. Velit numquam numquam quisquam sit tempora non. Non est eius dolorem. Amet velit quiquia modi neque tempora",
            "source": ""
          },
          {
            "title": "Quisquam etincidunt ",
            "body": "Quisquam quisquam eius quiquia tempora adipisci amet. Ut sed dolore sit ut consectetur. Dolor dolor consectetur quiquia adipisci dolor ipsum adipisci. Velit ut modi aliquam amet velit magnam neque. Voluptatem ipsum aliquam dolor modi. Neque porro vol",
            "source": ""
          }
        ]
      },
      "colorscheme": "light"
    },
    {
      "template_id": "photo_full_height",
      "colorscheme": "light",
      "content": {
        "image": {
          "src": "https://live.staticflickr.com/1552/26342931015_38814fbfac_b.jpg",
          "caption": ""
        }
      }
    },
    {
      "template_id": "text",
      "colorscheme": "light",
      "content": {
        "text_elements": [
          {
            "template_id": "subtitle",
            "content": {
              "text": "Amet quisquam eius quaerat dolore"
            }
          },
          {
            "template_id": "paragraph_medium",
            "content": {
              "text": "Eius aliquam ut dolore etincidunt etincidunt. Magnam sit consectetur non labore consectetur tempora porro. Magnam neque etincidunt dolor porro numquam velit. Modi dolorem velit consectetur numquam ut quisquam. Eius voluptatem eius non dolore non numquam quisquam. Sed non dolor consectetur est est adipisci est. Sit quiquia quaerat velit quisquam. Dolore dolor amet magnam tempora porro modi ipsum."
            }
          }
        ]
      }
    },
    {
      "template_id": "key_takeaways",
      "content": {
        "title": "Key Takeaways",
        "intro": "Etincidunt amet amet neque.",
        "takeaways": [
          {
            "image": {
              "src": "https://csis-website-prod.s3.amazonaws.com/s3fs-public/2024-01/AdobeStock_40869586_Crop1.jpg?VersionId=1HVO4O4gG312NydD1v8CElYVGjfLOYtH",
              "caption": ""
            },
            "title": "Sit...",
            "description": "Velit magnam dolore non. Eius quisquam quaerat est labore numquam amet velit. Quaerat ipsum velit dolor neque. Magnam numquam velit neque voluptatem. Neque etincidunt magnam sit magnam amet dolore dolor. Ut amet velit dolor. Tempora neque quaerat tempora ipsum. Quiquia labore ut etincidunt. Quiquia ipsum adipisci amet amet."
          },
          {
            "image": {
              "src": "https://web14.bernama.com/storage/photos/830db0b0eb59429f4a6f5618134452c963f433bee8a98",
              "caption": ""
            },
            "title": "Eius...",
            "description": "Numquam quiquia voluptatem est. Dolore quisquam ut tempora ut voluptatem. Ipsum dolor non labore amet. Numquam neque eius numquam dolore. Modi ipsum amet quisquam. Quaerat adipisci ipsum consectetur modi. Modi etincidunt numquam dolorem ut consectetur dolore. Voluptatem dolor quiquia dolorem amet quiquia etincidunt magnam."
          },
          {
            "image": {
              "src": "https://www.powerengineeringint.com/wp-content/uploads/2024/04/renewable-energy_cybersecurity.jpg",
              "caption": ""
            },
            "title": "Numquam...",
            "description": "Eius sit etincidunt quaerat quaerat consectetur modi. Modi est velit modi neque. Adipisci modi tempora dolorem adipisci. Neque sed neque consectetur dolorem labore adipisci. Tempora quaerat quisquam numquam aliquam etincidunt. Voluptatem quiquia est neque adipisci non sit. Voluptatem modi neque dolore labore. Adipisci dolor labore modi aliquam velit non. Magnam dolore quiquia ut non."
          }
        ]
      },
      "colorscheme": "light"
    },
    {
      "template_id": "key_resources",
      "content": {
        "title": "Key Resources",
        "resources": [
          {
            "image": {
              "src": "https://csis-website-prod.s3.amazonaws.com/s3fs-public/2024-01/AdobeStock_40869586_Crop1.jpg?VersionId=1HVO4O4gG312NydD1v8CElYVGjfLOYtH",
              "caption": ""
            },
            "text": "Magnam...",
            "cta": "Click to download",
            "href": "https://www.undp.org/publications/undps-energy-strategy"
          },
          {
            "image": {
              "src": "https://www.resusenergy.lk/images/Resus_Enegry_Images/Project_Images/mahiyagnanaya/dji_0008.jpg",
              "caption": ""
            },
            "text": "Magnam...",
            "cta": "Click to download",
            "href": "https://www.undp.org/publications/undps-energy-strategy"
          },
          {
            "image": {
              "src": "https://www.healthtechdigital.com/wp-content/uploads/Artificial-Intelligence-in-renewable-energy-market-Study-shows-important-fields-of-application.-min.jpg",
              "caption": ""
            },
            "text": "Est...",
            "cta": "Click to download",
            "href": "https://www.undp.org/publications/undps-energy-strategy"
          }
        ],
        "intro": "Tempora etincidunt voluptatem etincidunt dolore ipsum tempora."
      },
      "colorscheme": "light"
    },
    {
      "template_id": "connection_next",
      "content": {
        "image": {
          "src": "https://www.energy.gov/sites/default/files/styles/full_article_width/public/2023-11/GRIP%20Blog%20Posting%20Clean%20Energy%20Solar%20Panels.jpg?itok=5KDc3kxK",
          "caption": ""
        },
        "intro": "Next up",
        "title": "Gender Equality And Sustainable Energy Finance",
        "cta": "Start learning",
        "nextLessonId": "4.5.2"
      }
    }
  ]
}