{
  "id": "5.0.0",
  "segments": [
    {
      "template_id": "module_cover",
      "colorscheme": "light",
      "content": {
        "image": {
          "src": "https://ik.imagekit.io/seacademy/Photos/Module_5/M5_Intro_1.png",
          "caption": ""
        },
        "intro": {
          "label": "Module",
          "number": "5"
        },
        "title": "Energy Governance for a Just Energy Transition",
        "cta": "Scroll, tab or use your keyboard to move ahead"
      }
    },
    {
      "template_id": "text",
      "colorscheme": "dark",
      "content": {
        "text_elements": [
          {
            "template_id": "subtitle",
            "content": {
              "text": "Module 5 Overview"
            }
          },
          {
            "template_id": "paragraph_large",
            "content": {
              "text": "This module explores energy governance as a key enabler of a just energy transition, introducing the Energy Governance focus areas—inclusive and effective institutions, civic engagement, legal and regulatory frameworks, and independent oversight—alongside four cross-cutting approaches: people-centered inclusivity, multi-level governance, digital enablement, and adaptability. It provides insights into policy coherence, stakeholder engagement, and transparency, with case studies illustrating governance challenges and solutions. The module equips decision-makers with tools to strengthen accountability, inclusivity, and institutional effectiveness, ensuring energy transitions are equitable, sustainable, and responsive to evolving global needs."
            }
          }
        ]
      }
    },
    {
      "template_id": "photo-full-height",
      "colorscheme": "dark",
      "content": {
        "image": {
          "imageUrl": "https://ik.imagekit.io/seacademy/Photos/Module_5/M5_Intro_2.png"
        }
      }
    },
    {
      "template_id": "learning_objectives",
      "colorscheme": "dark",
      "content": {
        "title": "Learning Objectives",
        "intro": "If you only have space to remember 3 things:",
        "cards": [
          {
            "image": {
              "src": "https://ik.imagekit.io/seacademy/Photos/Module_5/M5_Intro_3.png",
              "caption": "image caption",
              "url": null
            },
            "title": "Understand what energy governance is and how it can act as an enabler in achieving energy access and accelerating a just energy transition.",
            "description": ""
          },
          {
            "image": {
              "src": "https://ik.imagekit.io/seacademy/Photos/Module_5/M5_Intro_4.png",
              "caption": "image caption",
              "url": null
            },
            "title": "Identify and describe the four focus areas o Energy Governance along with some examples and recommendations",
            "description": ""
          },
          {
            "image": {
              "src": "https://ik.imagekit.io/seacademy/Photos/Module_5/M5_Intro_5.png",
              "caption": "image caption",
              "url": null
            },
            "title": "Learn about four critical cross-cutting approaches crucial for these focus areas",
            "description": ""
          },
          {
            "image": {
              "src": "https://ik.imagekit.io/seacademy/Photos/Module_5/M5_Intro_6.png",
              "caption": "image caption",
              "url": null
            },
            "title": "Learn about the stakeholder engagement, political economy understanding, policy coherence, adaptive regulations, de-risking and other critical aspects of governance.",
            "description": ""
          }
        ]
      }
    },
    {
      "template_id": "connection_next",
      "colorscheme": "dark",
      "content": {
        "image": {
          "src": "https://ik.imagekit.io/seacademy/Photos/Module_5/M5_Intro_7.png",
          "caption": ""
        },
        "intro": "Next up",
        "title": "Chapter 1: An Overview of Energy Governance",
        "nextLessonId": "5.1.0",
        "cta": "Start learning"
      }
    }
  ]
}