{
  "id": "5.1.2",
  "segments": [
    {
      "template_id": "lesson_cover",
      "colorscheme": "dark",
      "content": {
        "image": {
          "src": "https://ik.imagekit.io/seacademy/Photos/Module_5/M5_C1_L2_1.png",
          "caption": ""
        },
        "intro": {
          "label": "Lesson",
          "number": "2"
        },
        "title": "Political Economy And Energy Governance",
        "cta": null
      }
    },
    {
      "template_id": "text",
      "colorscheme": "light",
      "content": {
        "text_elements": [
          {
            "template_id": "subtitle",
            "content": {
              "text": "Lesson 2 Overview"
            }
          },
          {
            "template_id": "paragraph_large",
            "content": {
              "text": "Achieving a sustainable energy transition involves diverse approaches and conflicting interests. In the context of multi-level governance, the design of energy policy and regulations is shaped by intricate interactions among industrial players, political groups, and broader society. Understanding the impact of these political economy factors is essential for effective formulation and implementation of clean energy policies and regulations."
            }
          }
        ]
      }
    },
    {
      "template_id": "lesson_part_cover",
      "colorscheme": "dark",
      "content": {
        "image": {
          "src": "https://ik.imagekit.io/seacademy/Photos/Module_5/M5_C1_L2_2.png",
          "caption": ""
        },
        "intro": "M5: Energy Governance for a Just Energy Transition | Chapter 1 | Lesson 2 | Part 1",
        "title": "Part 1: Political Economy Of Energy Transition",
        "cta": null
      }
    },
    {
      "template_id": "lesson_subpart_cover",
      "colorscheme": "dark",
      "content": {
        "image": {
          "src": "https://ik.imagekit.io/seacademy/Photos/Module_5/M5_C1_L2_3.png",
          "caption": ""
        },
        "intro": "M5: Energy Governance for a Just Energy Transition | Chapter 1 | Lesson 2 | Part 1 | A",
        "title": "A. Defining Political Economy in Energy Governance",
        "cta": null
      }
    },
    {
      "template_id": "text",
      "colorscheme": "light",
      "content": {
        "text_elements": [
          {
            "template_id": "paragraph_large",
            "content": {
              "text": "The transition to sustainable energy systems is a complex and politically charged process. Achieving energy transitions requires navigating competing interests, institutional structures, and economic realities. Energy governance, within a political economy framework, examines how political institutions, economic actors, and social forces shape the energy transition. Understanding these dynamics is crucial to designing effective policies that balance sustainability goals, economic development, and political feasibility."
            }
          }
        ]
      }
    },
    {
      "template_id": "text",
      "colorscheme": "light",
      "content": {
        "text_elements": [
          {
            "template_id": "paragraph_large",
            "content": {
              "text": "In multi-level governance systems energy policy and regulations emerge from interactions between governments, industry players, civil society, and international institutions. Political economy analysis (PEA) provides a structured approach to evaluating these interactions, helping policymakers understand the incentives and constraints that shape energy transition pathways. For example, The European Union (EU) offers one of the most institutionalized examples of MLGs in energy and climate policy. MLG in the EU is characterized by vertical interactions between supranational, national, and subnational levels, and horizontal coordination across countries and sectors. (See the next figure)"
            }
          }
        ]
      }
    },
    {
      "template_id": "photo-vertical",
      "colorscheme": "dark",
      "content": {
        "image": {}
      }
    },
    {
      "template_id": "lesson_subpart_cover",
      "colorscheme": "dark",
      "content": {
        "image": {
          "src": "https://ik.imagekit.io/seacademy/Photos/Module_5/M5_C1_L2_5.png",
          "caption": ""
        },
        "intro": "M5: Energy Governance for a Just Energy Transition | Chapter 1 | Lesson 2 | Part 1 | B",
        "title": "B. Key Political Economy Challenges in Energy Governance",
        "cta": null
      }
    },
    {
      "template_id": "text",
      "colorscheme": "light",
      "content": {
        "text_elements": [
          {
            "template_id": "subtitle",
            "content": {
              "text": "1. Fossil Fuel Lock-In"
            }
          },
          {
            "template_id": "paragraph_large",
            "content": {
              "text": "Despite climate commitments, many governments continue to support fossil fuel industries. This is due to fossil fuel lock-in—a situation where political institutions, economic structures, and legal systems are designed around fossil fuel dependency. Fossil fuel lock-in occurs at three levels: Institutional Lock-in: Policies, subsidies, and lobbying favor fossil fuels, delaying renewable transitions. Infrastructure Lock-in: Long-lived fossil fuel assets (e.g., power plants, pipelines) make shifting to clean energy costly and slow. Behavioral Lock-in: Personal habits, social norms, and reliance on fossil-fueled lifestyles create resistance to change."
            }
          }
        ]
      }
    },
    {
      "template_id": "photo-vertical",
      "colorscheme": "dark",
      "content": {
        "image": {}
      }
    },
    {
      "template_id": "text",
      "colorscheme": "light",
      "content": {
        "text_elements": [
          {
            "template_id": "paragraph_large",
            "content": {
              "text": "Saudi Arabia exemplifies fossil fuel lock-in, with its economy heavily dependent on oil revenues. As of 2022, the petroleum sector accounted for approximately 42% of the country’s gross domestic product (GDP), 87% of budget revenues, and 90% of export earnings."
            }
          }
        ]
      }
    },
    {
      "template_id": "photo-vertical",
      "colorscheme": "dark",
      "content": {
        "image": {}
      }
    },
    {
      "template_id": "text",
      "colorscheme": "light",
      "content": {
        "text_elements": [
          {
            "template_id": "subtitle",
            "content": {
              "text": "2. Rent-Seeking and Regulatory Capture"
            }
          },
          {
            "template_id": "paragraph_large",
            "content": {
              "text": "Energy policies are often shaped by rent-seeking behavior, where powerful actors influence regulations to maintain their dominance. This leads to regulatory capture, where policymakers favor fossil fuel industries over public interest. For instance, in the United States alone, the fossil fuel industry spends tens of millions of dollars to influence policymakers to keep the system rigged for itself. So far in 2023, oil and gas companies and associations have spent almost $93 million on lobbying; and in 2022, it was more than $125 million. oil companies spent over $125 million lobbying against climate policies in 2022."
            }
          }
        ]
      }
    },
    {
      "template_id": "text",
      "colorscheme": "light",
      "content": {
        "text_elements": [
          {
            "template_id": "subtitle",
            "content": {
              "text": "3. Market Failures and Investment Challenges"
            }
          },
          {
            "template_id": "paragraph_large",
            "content": {
              "text": "A market failure occurs when the allocation of goods and services by a free market is not efficient, often leading to negative outcomes for society or the environment. In the energy sector, one of the most significant market failures is the inability of current markets to internalize negative externalities—such as greenhouse gas emissions and environmental degradation—into the final price paid by consumers. This failure allows fossil fuel industries to remain artificially competitive because their environmental and social costs are not reflected in market prices. As a result, renewable and low-carbon alternatives—such as green hydrogen—face an unfair disadvantage despite their long-term sustainability benefits."
            }
          }
        ]
      }
    },
    {
      "template_id": "text",
      "colorscheme": "light",
      "content": {
        "text_elements": [
          {
            "template_id": "paragraph_large",
            "content": {
              "text": "This distortion is further entrenched by direct and indirect subsidies for fossil fuels, a lack of carbon pricing mechanisms, and inadequate valuation of environmental impacts. Tools such as carbon taxes and carbon markets aim to correct these failures by putting a price on carbon emissions, thereby incentivizing cleaner alternatives and making the playing field more equitable. In addition to market failures, investment challenges hinder the growth of renewable energy. These include high upfront capital costs, perceived financial risks, and limited access to affordable financing, particularly in developing countries where institutional and financial infrastructures may be weaker. Addressing these barriers requires de-risking strategies, policy guarantees, and innovative financing mechanisms to attract private investment and enable an equitable energy transition."
            }
          }
        ]
      }
    },
    {
      "template_id": "text",
      "colorscheme": "light",
      "content": {
        "text_elements": [
          {
            "template_id": "subtitle",
            "content": {
              "text": "4. Energy Access and Socioeconomic Inequalities"
            }
          },
          {
            "template_id": "paragraph_large",
            "content": {
              "text": "In many developing countries, particularly in Africa and South Asia, access to reliable and affordable energy remains a significant challenge, especially for low-income households. The political economy elements contributes to these disparities through power structures, institutional weaknesses, and vested interests. For instance, in many African and South Asian countries, electricity markets are dominated by state-owned utilities, which often lack the financial and technical capacity to expand grid access."
            }
          }
        ]
      }
    },
    {
      "template_id": "lesson_part_cover",
      "colorscheme": "dark",
      "content": {
        "image": {
          "src": "https://ik.imagekit.io/seacademy/Photos/Module_5/M5_C1_L2_6.png",
          "caption": ""
        },
        "intro": "M5: Energy Governance for a Just Energy Transition | Chapter 1 | Lesson 2 | Part 2",
        "title": "Part 2: Using Political Economy Analysis Tools; Institutional and context Analysis (ICA)",
        "cta": null
      }
    },
    {
      "template_id": "text",
      "colorscheme": "light",
      "content": {
        "text_elements": [
          {
            "template_id": "paragraph_large",
            "content": {
              "text": "A sustainable energy policy succeeds when key players have an incentive to make it succeed. When actors are threatened by a policy, they have an incentive to make it fail. Understanding how different actors in society have different incentives to enable or block development interventions is key to successful programming. To better understand these dynamics, we explore Institutional and Context Analysis (ICA), a tool used in political economy analysis to examine how power, institutions, and incentives shape policy outcomes"
            }
          }
        ]
      }
    },
    {
      "template_id": "lesson_subpart_cover",
      "colorscheme": "dark",
      "content": {
        "image": {
          "src": "https://ik.imagekit.io/seacademy/Photos/Module_5/M5_C1_L2_7.png",
          "caption": ""
        },
        "intro": "M5: Energy Governance for a Just Energy Transition | Chapter 1 | Lesson 1 | Part 2 | A",
        "title": "A. What Is Institutional and context Analysis (ICA)",
        "cta": null
      }
    },
    {
      "template_id": "text",
      "colorscheme": "light",
      "content": {
        "text_elements": [
          {
            "template_id": "paragraph_large",
            "content": {
              "text": "The term “institutional and context analysis” refers to analyses that focus on political and institutional factors, as well as processes concerning the use of national and international resources in a given setting and how these have an impact on the implementation of programs and policies. In its simplest form, an ICA can be used to investigate why specific laws are not applied or policies not implemented in a given country in spite of any formal commitments and statements that may exist, and what realistically be can done about it."
            }
          }
        ]
      }
    },
    {
      "template_id": "lesson_subpart_cover",
      "colorscheme": "dark",
      "content": {
        "image": {
          "src": "https://ik.imagekit.io/seacademy/Photos/Module_5/M5_C1_L2_8.png",
          "caption": ""
        },
        "intro": "M5: Energy Governance for a Just Energy Transition | Chapter 1 | Lesson 1 | Part 2 | B",
        "title": "B. Why Is Institutional and context Analysis Useful?",
        "cta": null
      }
    },
    {
      "template_id": "text",
      "colorscheme": "light",
      "content": {
        "text_elements": [
          {
            "template_id": "paragraph_large",
            "content": {
              "text": "ICA can be useful tool to understand the forces and specific factors of a country's cultural, social, gender and domestic political characteristics that can that can impact energy policy/projects outcomes, and to identify the actors that are likely to help or hinder a policy. An ICA can be useful to support implementation of a particular reform, or a combination of them, by helping to identify the gaps between formal rules such as laws or regulations (or how things should work in theory) and informal ones (how things really work in practice), and to map those elements influencing the status quo. These could be political factors, cultural practices, or a general bias in the application of legislation favoring or neglecting one geographical region or ethnic group.’"
            }
          }
        ]
      }
    },
    {
      "template_id": "text",
      "colorscheme": "light",
      "content": {
        "text_elements": [
          {
            "template_id": "paragraph_large",
            "content": {
              "text": "From a human rights-based perspective, ICA adds value to the formulation of development interventions.It helps to unpack the concept of political will and identify courses of action to address bottlenecks for claims holders - or change strategy, if the vested interests of duty bearers prove too powerful to challenge. ICA is not a magic bullet with which to achieve better results, but it can help prevent failures and contribute to risk management. In a climate of decreasing resources and increasing pressure to meet SDG goals, it is now more important than ever to ensure that investments in energy transition is well focused, with targeted interventions that are feasible and based on realistic expectations."
            }
          }
        ]
      }
    },
    {
      "template_id": "lesson_subpart_cover",
      "colorscheme": "dark",
      "content": {
        "image": {
          "src": "https://ik.imagekit.io/seacademy/Photos/Module_5/M5_C1_L2_9.png",
          "caption": ""
        },
        "intro": "M5: Energy Governance for a Just Energy Transition | Chapter 1 | Lesson 1 | Part 2 | C",
        "title": "C. Key Institutional and context Analysis Assumptions",
        "cta": null
      }
    },
    {
      "template_id": "text",
      "colorscheme": "light",
      "content": {
        "text_elements": [
          {
            "template_id": "paragraph_large",
            "content": {
              "text": "ICA is conceptually grounded in a set of assumptions of how development works, from which we derive distinctive ICA questions that inform processes of institutional and context analysis. For each assumption there is a a set of distinctive questions that should be central to any ICA."
            }
          }
        ]
      }
    },
    {
      "template_id": "text",
      "colorscheme": "light",
      "content": {
        "text_elements": [
          {
            "template_id": "subtitle",
            "content": {
              "text": "Assumption #1: Development requires a change in power relations and/or incentive systems."
            }
          },
          {
            "template_id": "paragraph_large",
            "content": {
              "text": "Throughout human history, the levels of human and economic development seen today are unprecedented. The widespread provision of public goods and the presence of democratic governance are historically rare. Nonetheless, socioeconomic and political systems have protected the privileges of the few according to the power they have. From this perspective, businesses, political parties, governments or ethnic groups can be expected to do what is best for the country only if it does not threaten their own privilege."
            }
          }
        ]
      }
    },
    {
      "template_id": "text",
      "colorscheme": "dark",
      "content": {
        "text_elements": [
          {
            "template_id": "subtitle",
            "content": {
              "text": "Guiding Questions:"
            }
          },
          {
            "template_id": "paragraph_large",
            "content": {
              "text": "What past conditions have led to historic pro-development or pro-poor policies in the country, such as laws relating to universal primary schooling, the enfranchisement of women, or the loosening of restrictions on the media? Did these advances occur following major social movements or a post-conflict settlement, as a result of major electoral changes, or for some other reason?"
            }
          }
        ]
      }
    },
    {
      "template_id": "text",
      "colorscheme": "light",
      "content": {
        "text_elements": [
          {
            "template_id": "subtitle",
            "content": {
              "text": "Assumption #2: The powerful reward their supporters before anyone else."
            }
          },
          {
            "template_id": "paragraph_large",
            "content": {
              "text": "ICA focuses on the logic of political survival. Those in power must reward those who put them there before they can reward anyone else. Where governments are elected, the core constituents of the incumbent, such as those from a particular economic class or ethnic group, will likely be the beneficiaries of more responsive governance. Where governments are not elected, the core constituents may be military or religious authorities. They, too, will be the beneficiaries of the most responsive governance."
            }
          }
        ]
      }
    },
    {
      "template_id": "text",
      "colorscheme": "dark",
      "content": {
        "text_elements": [
          {
            "template_id": "subtitle",
            "content": {
              "text": "Guiding Questions:"
            }
          },
          {
            "template_id": "paragraph_large",
            "content": {
              "text": "On whom do the powerful depend to keep them in power? How are supporters rewarded? What is the ability of those out of power, and those they represent, to protect their rights and have their voices heard? What other fault lines exist among those out of power?"
            }
          }
        ]
      }
    },
    {
      "template_id": "text",
      "colorscheme": "light",
      "content": {
        "text_elements": [
          {
            "template_id": "subtitle",
            "content": {
              "text": "Assumption #3: All actors in society have interests and incentives."
            }
          },
          {
            "template_id": "paragraph_large",
            "content": {
              "text": "Rather than assume that everyone in society wants development for everyone, ICA assumes that some actors face incentives that put their private and public interests against one another. For example, businesses may benefit from a state that is wealthy enough to provide good roads, reliable electric grids, and effective contract enforcement. But businesses may also benefit if they can use political influence to keep competitors out of their markets. If successful, they may lower the competitiveness of their industry, thereby lowering aggregate economic growth, which in turn hurts the state's financial abillity."
            }
          }
        ]
      }
    },
    {
      "template_id": "text",
      "colorscheme": "light",
      "content": {
        "text_elements": [
          {
            "template_id": "paragraph_large",
            "content": {
              "text": "This means that broad groups, such as civil society, farmers and business owners, must be disaggregated. Power relations are omnipresent at every level of society, in communities, in businesses, in households and in families, and their impact on development efforts - both positive and negative - should be examined in detail."
            }
          }
        ]
      }
    },
    {
      "template_id": "text",
      "colorscheme": "dark",
      "content": {
        "text_elements": [
          {
            "template_id": "subtitle",
            "content": {
              "text": "Guiding Questions:"
            }
          },
          {
            "template_id": "paragraph_large",
            "content": {
              "text": "1. Do not think in terms of political will. The term is vague and unhelpful. Ask instead, 'what are the political incentives?' 2. What incentives could make actors put public interest before private interest? Can these private interests be leveraged for public gain?"
            }
          }
        ]
      }
    },
    {
      "template_id": "text",
      "colorscheme": "light",
      "content": {
        "text_elements": [
          {
            "template_id": "subtitle",
            "content": {
              "text": "Assumption #4: Resources shape incentives."
            }
          },
          {
            "template_id": "paragraph_large",
            "content": {
              "text": "The source of public revenue shapes the incentives of power holders to be more responsive to some groups than others. Reliance on revenue from state-owned oil or official development assistance, for example, contrasts with a reliance on revenue from private exporters, or the taxes of individuals. Making some state institutions function effectively, while leaving others under-resourced or using them as sources of patronage, also shapes political incentives. When development practitioners introduce new sources of revenue, they may unintentionally negatively affect this complex mix of resources."
            }
          }
        ]
      }
    },
    {
      "template_id": "text",
      "colorscheme": "light",
      "content": {
        "text_elements": [
          {
            "template_id": "paragraph_large",
            "content": {
              "text": "This analysis can be taken right down to the community and household level, if desirable, because the family and the community are institutions whose choices and incentives are similarly influenced by the availability and distribution of resources."
            }
          }
        ]
      }
    },
    {
      "template_id": "text",
      "colorscheme": "dark",
      "content": {
        "text_elements": [
          {
            "template_id": "subtitle",
            "content": {
              "text": "Guiding Questions:"
            }
          },
          {
            "template_id": "paragraph_large",
            "content": {
              "text": "1. What are the primary sources of revenue for power holders in the energy sector, and how do these revenue streams influence their responsiveness to public demands and accountability pressures? 2. In what ways does the presence of the UNDP or similar development actors influence the dynamics between power holders and local communities or civil society actors advocating for change?"
            }
          }
        ]
      }
    },
    {
      "template_id": "text",
      "colorscheme": "light",
      "content": {
        "text_elements": [
          {
            "template_id": "subtitle",
            "content": {
              "text": "Assumption #5: But all stakeholders in society have constraints."
            }
          },
          {
            "template_id": "paragraph_large",
            "content": {
              "text": "The mere presence of an incentive does not mean an ability to act on that incentive. Institutions - formal and informal - shape actors' ability to act on their incentives. Institutions are systems of rules that regulate behaviour by establishing norms, rewarding compliance, and punishing violations. Systems of rules like constitutions or trade treaties establish limits on behaviour. Not all rule systems are formally encoded as law. Informal institutions serve the same purpose and should not be seen as weak or irrelevant. Indeed, in many developing contexts, informal rules that relate to things like kinship or patronage politics can matter more than formal rules written into law. Whether informal or formalized through laws and policies, gender relations are also systems that shape and/or constrain behaviour of individuals as well as of institutions."
            }
          }
        ]
      }
    },
    {
      "template_id": "text",
      "colorscheme": "dark",
      "content": {
        "text_elements": [
          {
            "template_id": "subtitle",
            "content": {
              "text": "Guiding Questions:"
            }
          },
          {
            "template_id": "paragraph_large",
            "content": {
              "text": "1. Are major actors constrained by formal rules, or do informal rules seem to matter more? For example, do traditional or religious authorities enjoy significant influence in state institutions? How do gender relations influence the choices that individuals and institutions make? 2. If a group or organization has an interest in an issue, is there evidence of their ability to act collectively? Do they have a history of effective activism?"
            }
          }
        ]
      }
    },
    {
      "template_id": "lesson_subpart_cover",
      "colorscheme": "dark",
      "content": {
        "image": {
          "src": "https://ik.imagekit.io/seacademy/Photos/Module_5/M5_C1_L2_9.png",
          "caption": ""
        },
        "intro": "M5: Energy Governance for a Just Energy Transition | Chapter 1 | Lesson 1 | Part 2 | D",
        "title": "D. Key Considerations For Institutional and context Analysis",
        "cta": null
      }
    },
    {
      "template_id": "text",
      "colorscheme": "light",
      "content": {
        "text_elements": [
          {
            "template_id": "subtitle",
            "content": {
              "text": "Timing and timeframe"
            }
          },
          {
            "template_id": "paragraph_large",
            "content": {
              "text": "Ensure that the timing of the analysis is synchronized with the intended application. Lack of follow-up on the findings of an analysis may be because the analysis was not aligned with the relevant strategic or programming processes. The analysis report can therefore be left aside and quickly become outdated, particularly in crisis-affected countries or countries undergoing transitions. An ICA has no specific duration, but most analyses will require data collection on site ranging from 5 to 10 working days of full-time work. Costs will depend on whether the consultant(s) involved is/are hired locally or internationally, and whether travel is required."
            }
          }
        ]
      }
    },
    {
      "template_id": "text",
      "colorscheme": "light",
      "content": {
        "text_elements": [
          {
            "template_id": "subtitle",
            "content": {
              "text": "Buy-in and ownership"
            }
          },
          {
            "template_id": "paragraph_large",
            "content": {
              "text": "Identify in advance the actors whose buy-in is essential in following up the analysis and ensure that they are involved in the process. In some cases, follow-up depends on key actors. If they have not been involved in the analysis, or even in the design or the planning process, they may not feel the ownership needed to ensure that its recommendations are carried forward."
            }
          }
        ]
      }
    },
    {
      "template_id": "text",
      "colorscheme": "light",
      "content": {
        "text_elements": [
          {
            "template_id": "subtitle",
            "content": {
              "text": "Handling sensitive information"
            }
          },
          {
            "template_id": "paragraph_large",
            "content": {
              "text": "Have a clear strategy to deal with findings that may be politically sensitive for the government or other actors. Because ICA includes questions related to the distribution of power and resources, the findings of the analysis can be very sensitive. Given that potential, a designated official should oversee the process from start to finish, ensuring consistency and accountability. Additionally, national stakeholders should be provided with a clear explanation of the analysis's purpose, emphasizing its role in enhancing effectiveness and supporting the country’s policy priorities."
            }
          }
        ]
      }
    },
    {
      "template_id": "text",
      "colorscheme": "light",
      "content": {
        "text_elements": [
          {
            "template_id": "subtitle",
            "content": {
              "text": "Output from an ICA"
            }
          },
          {
            "template_id": "paragraph_large",
            "content": {
              "text": "Define in advance what kind of output is expected. The output of an ICA can be a debrief, workshop or report – or a combination of these. Workshops may be more suitable than reports to ensure that stakeholder engagement strategies are communicated and task forces are formed to implement them. Because an ICA will typically produce sensitive information, it is up to the agency or agencies that commissioned the report to decide whether, and how, to share the findings, externally."
            }
          }
        ]
      }
    },
    {
      "template_id": "photo-vertical",
      "colorscheme": "dark",
      "content": {
        "image": {
          "src": "https://ik.imagekit.io/seacademy/Photos/Module_5/M5_C1_L2_10.png",
          "caption": ""
        }
      }
    },
    {
      "template_id": "text",
      "colorscheme": "light",
      "content": {
        "text_elements": [
          {
            "template_id": "paragraph_large",
            "content": {
              "text": "To prioritize the broader public interest, legal and regulatory frameworks should seek a delicate balance to address power asymmetries and serve the goals and interests of people, communities, government, and industry with complete transparency and impartiality. This transformation is imperative not only for intrinsic reasons like fairness, human rights, and social justice but also for instrumental reasons, such as securing public support, fostering buy-in, ensuring effectiveness, and promoting long-term sustainability."
            }
          }
        ]
      }
    },
    {
      "template_id": "key_takeaways",
      "colorscheme": "dark",
      "content": {
        "title": "Learning Objectives",
        "intro": "If you only have space to remember 3 things:",
        "cards": [
          {
            "image": {
              "src": "https://ik.imagekit.io/seacademy/Photos/Module_5/M5_C1_L2_11.png",
              "caption": "image caption",
              "url": null
            },
            "title": "The political economy of energy transition is shaped by power structures, vested interests, and economic constraints. Fossil fuel incumbents, regulatory frameworks, and financial incentives often delay clean energy adoption, requiring policymakers to navigate complex institutional and market dynamics to drive sustainable energy reforms.",
            "description": ""
          },
          {
            "image": {
              "src": "https://ik.imagekit.io/seacademy/Photos/Module_5/M5_C1_L2_12.png",
              "caption": "image caption",
              "url": null
            },
            "title": "Fossil fuel lock-in, rent-seeking behavior, and market failures create structural barriers to transitioning towards renewable energy. Political and economic systems designed around fossil fuels reinforce dependency, making it essential to implement policies that reduce subsidies, promote clean energy investments, and address regulatory capture.",
            "description": ""
          },
          {
            "image": {
              "src": "https://ik.imagekit.io/seacademy/Photos/Module_5/M5_C1_L2_13.png",
              "caption": "image caption",
              "url": null
            },
            "title": "Institutional and Context Analysis (ICA) helps identify the political and economic incentives that shape energy policy outcomes. By understanding how power dynamics, financial interests, and governance structures influence decision-making, ICA provides a framework for designing effective, inclusive, and politically feasible energy transition strategies.",
            "description": ""
          }
        ]
      }
    }
  ]
}