{
  "id": "5.1.1",
  "segments": [
    {
      "template_id": "lesson_cover",
      "colorscheme": "dark",
      "content": {
        "id": "lesson_cover",
        "image": {
          "src": "https://ik.imagekit.io/seacademy/Photos/Module_5/M5_C1_L1_1.png",
          "caption": ""
        },
        "intro": {
          "label": "Lesson",
          "number": "1"
        },
        "title": "Introduction to Energy Governance",
        "cta": null
      }
    },
    {
      "template_id": "text",
      "colorscheme": "light",
      "content": {
        "id": "text",
        "content": {
          "text_elements": [
            {
              "template_id": "subtitle",
              "content": {
                "text": "Lesson 1 Overview"
              }
            },
            {
              "template_id": "paragraph_large",
              "content": {
                "text": "Energy service provision in any country is fundamentally tied to the quality and effectiveness of its governance systems. Decisions regarding the energy mix\u2014such as the types of energy sources prioritized, the development of specific projects, and the distribution of resources\u2014have profound governance implications. These decisions influence how energy is produced and consumed, and they involve a diverse array of stakeholders. The outcomes and beneficiaries of such decisions are shaped by the governance structures in place, whether on a global, national, provincial, community, or household scale."
              }
            }
          ]
        }
      }
    },
    {
      "template_id": "lesson_part_cover",
      "colorscheme": "dark",
      "content": {
        "id": "lesson_part_cover",
        "image": {
          "src": "https://ik.imagekit.io/seacademy/Photos/Module_5/M5_C1_L1_2.png",
          "caption": ""
        },
        "intro": "M5: Energy Governance for a Just Energy Transition | Chapter 1 | Lesson 1 | Part 1",
        "title": "Part 1: Energy Governance and Its Role in A Just Energy Transition ",
        "cta": null
      }
    },
    {
      "template_id": "lesson_subpart_cover",
      "colorscheme": "dark",
      "content": {
        "id": "lesson_subpart_cover",
        "image": {
          "src": "https://ik.imagekit.io/seacademy/Photos/Module_5/M5_C1_L1_3.png",
          "caption": ""
        },
        "intro": "M5: Energy Governance for a Just Energy Transition | Chapter 1 | Lesson 1 | Part 1 | A",
        "title": "A. Defining Energy Governance",
        "cta": null
      }
    },
    {
      "template_id": "text",
      "colorscheme": "light",
      "content": {
        "id": "text",
        "content": {
          "text_elements": [
            {
              "template_id": "subtitle",
              "content": {
                "text": "What Is Governance?"
              }
            },
            {
              "template_id": "paragraph_large",
              "content": {
                "text": "UNDP defines governance as \u201cthe system of values, policies, and institutions by which a society manages its economic, political, and social affairs through interactions within and among the state, civil society, and private sector. It is the way a society organizes itself to make and implement decisions\u2014achieving mutual understanding, agreement, and action\u201d (UNDP, 2023)."
              }
            }
          ]
        }
      }
    },
    {
      "template_id": "text",
      "colorscheme": "light",
      "content": {
        "id": "text",
        "content": {
          "text_elements": [
            {
              "template_id": "subtitle",
              "content": {
                "text": "What Is Energy Governance?"
              }
            },
            {
              "template_id": "paragraph_large",
              "content": {
                "text": "Energy governance is the exercise of economic, political, and social authority to manage the spatial planning, production, transmission, distribution, storage, and access to reliable, available, affordable and safe energy. It includes the ways by which decisions are made about where and how energy resources are developed, regulated, and consumed. It comprises the mechanisms, policies, processes, and institutions through which governments, people, communities, and corporations articulate their interests, exercise their legal rights, meet their obligations, and mediate their differences in relation to energy (UNDP, 2023)."
              }
            }
          ]
        }
      }
    },
    {
      "template_id": "lesson_subpart_cover",
      "colorscheme": "dark",
      "content": {
        "id": "lesson_subpart_cover",
        "image": {
          "src": "https://ik.imagekit.io/seacademy/Photos/Module_5/M5_C1_L1_4.png",
          "caption": ""
        },
        "intro": "M5: Energy Governance for a Just Energy Transition | Chapter 1 | Lesson 1 | Part 1 | B",
        "title": "B. Why Is An Effective Energy Governance\u00a0\u2028Crucial For Energy Transition?",
        "cta": null
      }
    },
    {
      "template_id": "text",
      "colorscheme": "light",
      "content": {
        "id": "text",
        "content": {
          "text_elements": [
            {
              "template_id": "paragraph_large",
              "content": {
                "text": "The world today faces an unprecedented challenge: the climate crisis, driven primarily by fossil fuel consumption. This challenge is reshaping economies, ecosystems, and societies. At the same time, energy poverty remains widespread, with 685 million people lacking electricity access and 2.1 billion people without clean cooking facilities, the majority of whom live in Sub-Saharan Africa. \nGoverning energy systems has always been a fundamental effort of political societies, traditionally balancing security and affordability. However, the climate crisis has introduced a third critical dimension\u2014sustainability\u2014transforming the mandate of energy regulators and reshaping energy governance. This shift is unfolding amid deep global inequalities and increasing instability.\nFor the first time in over 30 years, the Human Development Index (HDI)  declined for two consecutive years, 2020 and 2021, erasing gains from the previous five years. \u00a0This decline is attributed to multiple crises, including the COVID-19 pandemic and the war in Ukraine, which have exacerbated poverty and inequality. Concurrently, many societies are experiencing heightened political and social polarization."
              }
            }
          ]
        }
      }
    },
    {
      "template_id": "photo-full-height",
      "colorscheme": "dark",
      "content": {
        "id": "photo-full-height",
        "image": {
          "imageUrl": "https://ik.imagekit.io/seacademy/Photos/Module_5/M5_C1_L1_5.png"
        }
      }
    },
    {
      "template_id": "text",
      "colorscheme": "light",
      "content": {
        "id": "text",
        "content": {
          "text_elements": [
            {
              "template_id": "paragraph_large",
              "content": {
                "text": "In this complex landscape, how energy transition is governed will determine their success or failure. A just energy transition must not only be environmentally sustainable but also socially inclusive, economically viable, and politically stable. \nHowever, despite growing global commitments to clean energy transitions, many countries lack the necessary governance structures to navigate the trade-offs and challenges involved. Weak institutional coordination, regulatory gaps, limited civic participation, and financial barriers can all slow down or derail just energy transitions, deepening existing inequalities instead of addressing them.\nIn the coming lessons, we will delve deeper into the key components and principles of effective and inclusive energy governance."
              }
            }
          ]
        }
      }
    },
    {
      "template_id": "lesson_part_cover",
      "colorscheme": "dark",
      "content": {
        "id": "lesson_part_cover",
        "image": {
          "src": "https://ik.imagekit.io/seacademy/Photos/Module_5/M5_C1_L1_6.png",
          "caption": ""
        },
        "intro": "M5: Energy Governance for a Just Energy Transition | Chapter 1 | Lesson 1 | Part 2",
        "title": "Part 2: The Principles of Effective Energy Governance\n ",
        "cta": null
      }
    },
    {
      "template_id": "text",
      "colorscheme": "light",
      "content": {
        "id": "text",
        "content": {
          "text_elements": [
            {
              "template_id": "paragraph_large",
              "content": {
                "text": "Therefore, strong, inclusive, and accountable energy governance systems are critical for addressing the complex energy and sustainability challenges of the 21st century. While countries\u2019 experiences with energy transition highlight a plethora of technological solutions for decarbonizing societies, the predominant challenge often lies in the governance aspects tied to these transitions. \nEffective energy governance requires a purpose-driven, risk-informed, and people-responsive approach that strives to achieve multiple objectives: \nensuring energy availability and affordability\nreducing carbon emissions\npromoting equity, \nand managing risks and uncertainties. \nBy optimizing across these dimensions, governance systems can maximize the positive outcomes of the energy transition."
              }
            }
          ]
        }
      }
    },
    {
      "template_id": "text",
      "colorscheme": "dark",
      "content": {
        "id": "text",
        "content": {
          "text_elements": [
            {
              "template_id": "paragraph_small",
              "content": {
                "text": "Not all systems of governance are equally fit for purpose to advance a just energy transition."
              }
            },
            {
              "template_id": "paragraph_large",
              "content": {
                "text": "The Principles of Effective Governance for Sustainable Development provide guidance for strengthening governance systems through three main governance principles and 11 sub-principles (See Table 1), providing a useful framework to identify key governance entry points to strengthen inclusion, accountability, and effectiveness in energy systems. \nThese principles inform the structure of this module, as each focus area of energy governance will provide tools and approaches to ensure that all principles inform future (and current) energy governance approaches."
              }
            }
          ]
        }
      }
    },
    {
      "template_id": "lesson_subpart_cover",
      "colorscheme": "dark",
      "content": {
        "id": "lesson_subpart_cover",
        "image": {
          "src": "https://ik.imagekit.io/seacademy/Photos/Module_5/M5_C1_L1_8.png",
          "caption": ""
        },
        "intro": "M5: Energy Governance for a Just Energy Transition | Chapter 1 | Lesson 1 | Part 2 | A",
        "title": "A. Effectiveness ",
        "cta": null
      }
    },
    {
      "template_id": "lesson_subpart_cover",
      "colorscheme": "dark",
      "content": {
        "id": "lesson_subpart_cover",
        "image": {
          "src": "https://ik.imagekit.io/seacademy/Photos/Module_5/M5_C1_L1_9.png",
          "caption": ""
        },
        "intro": "M5: Energy Governance for a Just Energy Transition | Chapter 1 | Lesson 1 | Part 2 | B",
        "title": "B. Accountability ",
        "cta": null
      }
    },
    {
      "template_id": "lesson_subpart_cover",
      "colorscheme": "dark",
      "content": {
        "id": "lesson_subpart_cover",
        "image": {
          "src": "https://ik.imagekit.io/seacademy/Photos/Module_5/M5_C1_L1_10.png",
          "caption": ""
        },
        "intro": "M5: Energy Governance for a Just Energy Transition | Chapter 1 | Lesson 1 | Part 2 | C",
        "title": "C. Inclusiveness",
        "cta": null
      }
    },
    {
      "template_id": "lesson_part_cover",
      "colorscheme": "dark",
      "content": {
        "id": "lesson_part_cover",
        "image": {
          "src": "https://ik.imagekit.io/seacademy/Photos/Module_5/M5_C1_L1_11.png",
          "caption": ""
        },
        "intro": "M5: Energy Governance for a Just Energy Transition | Chapter 1 | Lesson 1 | Part 3",
        "title": "Part 3: Energy Governance Focus Areas",
        "cta": null
      }
    },
    {
      "template_id": "text",
      "colorscheme": "light",
      "content": {
        "id": "text",
        "content": {
          "text_elements": [
            {
              "template_id": "paragraph_large",
              "content": {
                "text": "Energy transition commitments and policies may have far-reaching effects across society, requiring collaboration among multiple stakeholders at various levels. While discussions around what a green transition entails have advanced, there appears to be less clarity on how it should be governed effectively ) (UNDP, 2023)\n\nA well-structured governance framework is essential to ensure inclusivity, equity, and sustainability in the energy transition. This framework is built upon four key focus areas, which serve as foundational pillars for strengthening governance systems:"
              }
            }
          ]
        }
      }
    },
    {
      "template_id": "photo-vertical",
      "colorscheme": "dark",
      "content": {
        "id": "photo-vertical",
        "image": {}
      }
    },
    {
      "template_id": "photo-vertical",
      "colorscheme": "dark",
      "content": {
        "id": "photo-vertical",
        "image": {}
      }
    },
    {
      "template_id": "text",
      "colorscheme": "light",
      "content": {
        "id": "text",
        "content": {
          "text_elements": [
            {
              "template_id": "paragraph_large",
              "content": {
                "text": "Each of these focus areas will be examined separately in the next chapter. However, before doing so, it is essential to consider how they should be approached.\nUNDP\u2019s experience in governance across more than 130 countries over decades has shown that success depends on four key approaches:"
              }
            }
          ]
        }
      }
    },
    {
      "template_id": "photo-vertical",
      "colorscheme": "dark",
      "content": {
        "id": "photo-vertical",
        "image": {}
      }
    },
    {
      "template_id": "text",
      "colorscheme": "light",
      "content": {
        "id": "text",
        "content": {
          "text_elements": [
            {
              "template_id": "paragraph_large",
              "content": {
                "text": "Inclusive and people-centered approach that engages stakeholders\u2019 rights, perspectives, needs and aspirations.\nMulti-level governance approaches that encourage collaboration between various government levels but also across different sectors and actors.\nDigitally enabled approaches that accelerate the energy transition through technology-driven solutions that also enhance efficiency, effectiveness, and transparency in governance processes.\nFlexible and adaptive approaches that respond to the risks and uncertainties and ever-changing nature of the energy landscape.\n\nThese principles provide a foundation for effectively addressing each focus area."
              }
            }
          ]
        }
      }
    },
    {
      "template_id": "key_takeaways",
      "colorscheme": "dark",
      "content": {
        "id": "key_takeaways",
        "title": "Learning Objectives",
        "intro": "If you only have space to remember 3 things:",
        "cards": [
          {
            "image": {
              "src": "M5_C1_L1_12",
              "caption": "image caption",
              "url": null
            },
            "title": "Energy governance determines the success or failure of the energy transition by shaping how decisions are made, policies are implemented, and trade-offs are managed. Effective governance ensures that energy systems are sustainable, equitable, and resilient, addressing key challenges such as climate change, energy poverty, and economic stability.",
            "description": ""
          },
          {
            "image": {
              "src": "M5_C1_L1_13",
              "caption": "image caption",
              "url": null
            },
            "title": "The principles of effective energy governance\u2014effectiveness, accountability, and inclusiveness\u2014are essential for ensuring just and sustainable transitions. These principles emphasize sound policymaking, transparency, independent oversight, equitable participation, and long-term sustainability to ensure energy transitions benefit all communities, particularly marginalized groups.",
            "description": ""
          },
          {
            "image": {
              "src": "M5_C1_L1_14",
              "caption": "image caption",
              "url": null
            },
            "title": "Weak governance structures, including regulatory gaps, lack of coordination, and financial barriers, can slow down or derail clean energy transitions. Strengthening governance systems through decentralized decision-making, stakeholder engagement, and evidence-based policymaking is crucial for overcoming challenges and advancing a just energy transition.",
            "description": ""
          }
        ]
      }
    },
    {
      "template_id": "connection_next",
      "colorscheme": "dark",
      "content": {
        "id": "connection_next",
        "image": {
          "src": "https://ik.imagekit.io/seacademy/Photos/Module_5/M5_C1_L1_15.png",
          "caption": ""
        },
        "intro": "Next up",
        "title": "Lesson 2: Political economy And Energy Governance \n\n\n",
        "cta": "Back"
      }
    }
  ]
}