{
  "id": "5.1.0",
  "segments": [
    {
      "template_id": "chapter_cover",
      "colorscheme": "dark",
      "content": {
        "image": {
          "src": "https://ik.imagekit.io/seacademy/Photos/Module_5/M5_C1_Intro_1.png",
          "caption": ""
        },
        "intro": {
          "label": "Chapter",
          "number": "1"
        },
        "title": "An Overview of Energy Governance",
        "cta": "Scroll, tab or use your keyboard to move ahead"
      }
    },
    {
      "template_id": "text",
      "colorscheme": "light",
      "content": {
        "text_elements": [
          {
            "template_id": "subtitle",
            "content": {
              "text": "Chapter 1 Overview"
            }
          },
          {
            "template_id": "paragraph_large",
            "content": {
              "text": "This chapter provides a foundational understanding of energy governance and its critical role in ensuring a just energy transition. It explores governance principles, challenges, and frameworks necessary for navigating the global shift toward clean energy while addressing economic, social, and environmental inequalities."
            }
          }
        ]
      }
    },
    {
      "template_id": "list_of_lessons",
      "colorscheme": "dark",
      "content": {
        "title": "What's next in this chapter?",
        "lessons": [
          {
            "cta": "Go to the lesson",
            "image": {
              "src": "https://ik.imagekit.io/seacademy/Photos/Module_5/M5_C1_Intro_2.png",
              "caption": "image caption",
              "url": null
            },
            "title": "1.1 Introduction to Energy Governance",
            "progress": "completed"
          },
          {
            "cta": "Go to the lesson",
            "image": {
              "src": "https://ik.imagekit.io/seacademy/Photos/Module_5/M5_C1_Intro_3.png",
              "caption": "image caption",
              "url": null
            },
            "title": "1.2 Political economy And Energy Governance",
            "progress": "completed"
          },
          {
            "cta": "Go to the lesson",
            "image": {
              "src": "https://ik.imagekit.io/seacademy/Photos/Module_5/M5_C1_Intro_5.png",
              "caption": "image caption",
              "url": null
            },
            "title": "Module conclusion",
            "progress": "not_started"
          }
        ]
      }
    },
    {
      "template_id": "connection_next",
      "colorscheme": "dark",
      "content": {
        "image": {
          "src": "https://ik.imagekit.io/seacademy/Photos/Module_5/M5_C1_Intro_6.png",
          "caption": ""
        },
        "intro": "Next up",
        "title": "Lesson 1: Introduction to Energy Governance",
        "nextLessonId": "5.1.1",
        "cta": "Start learning"
      }
    }
  ]
}