{
  "id": "5.1.0",
  "segments": [
    {
      "template_id": "chapter_cover",
      "colorscheme": "dark",
      "content": {
        "id": "chapter_cover",
        "image": {
          "src": "https://ik.imagekit.io/seacademy/Photos/Module_5/M5_C1_Intro_1.png",
          "caption": ""
        },
        "intro": {
          "label": "1",
          "number": "chapter"
        },
        "title": "An Overview of Energy Governance",
        "cta": "Scroll, tab or use your keyboard to move ahead "
      }
    },
    {
      "template_id": "text",
      "colorscheme": "light",
      "content": {
        "id": "text",
        "content": {
          "text_elements": [
            {
              "template_id": "subtitle",
              "content": {
                "text": "Chapter 1 Overview"
              }
            },
            {
              "template_id": "paragraph_large",
              "content": {
                "text": "This chapter provides a foundational understanding of energy governance and its critical role in ensuring a just energy transition. It explores governance principles, challenges, and frameworks necessary for navigating the global shift toward clean energy while addressing economic, social, and environmental inequalities."
              }
            }
          ]
        }
      }
    },
    {
      "template_id": "list_of_lessons",
      "colorscheme": "dark",
      "content": {
        "id": "list_of_lessons",
        "title": "What's next in this chapter?",
        "lessons": [
          {
            "cta": "Go to the lesson",
            "image": {
              "src": "M5_C1_Intro_2",
              "caption": "image caption",
              "url": null
            },
            "title": "1.1 Introduction to Energy Governance",
            "progress": "completed"
          },
          {
            "cta": "Go to the lesson",
            "image": {
              "src": "M5_C1_Intro_3",
              "caption": "image caption",
              "url": null
            },
            "title": "1.2 Political economy And Energy Governance ",
            "progress": "completed"
          },
          {
            "cta": "Go to the lesson",
            "image": {
              "src": "M5_C1_Intro_5",
              "caption": "image caption",
              "url": null
            },
            "title": "Module conclusion",
            "progress": "not_started"
          }
        ]
      }
    },
    {
      "template_id": "connection_next",
      "colorscheme": "dark",
      "content": {
        "id": "connection_next",
        "image": {
          "src": "https://ik.imagekit.io/seacademy/Photos/Module_5/M5_C1_Intro_6.png",
          "caption": ""
        },
        "intro": "Next up",
        "title": "Lesson 1: Introduction to Energy Governance",
        "cta": "Start learning"
      }
    }
  ]
}