{
  "id": "5.2.2",
  "segments": [
    {
      "template_id": "lesson_cover",
      "colorscheme": "dark",
      "content": {
        "image": {
          "src": "https://ik.imagekit.io/seacademy/Photos/Module_5/M5_C2_L2_1.png",
          "caption": ""
        },
        "intro": {
          "label": "Lesson",
          "number": "2"
        },
        "title": "Strategic Foresight",
        "cta": null
      }
    },
    {
      "template_id": "text",
      "colorscheme": "light",
      "content": {
        "text_elements": [
          {
            "template_id": "subtitle",
            "content": {
              "text": "Lesson 2 Overview"
            }
          },
          {
            "template_id": "paragraph_large",
            "content": {
              "text": "Embracing foresight in energy transition policies can allow policymakers to anticipate future challenges and opportunities. By considering technological advancements, societal changes, and market trends, foresight enables the design of adaptive and robust policies. It empowers decision-makers to proactively address emerging trends, optimize resource allocation, and prioritize investments for long-term effectiveness. Ultimately, foresight ensures that energy transition policies remain relevant, resilient, and capable of achieving sustainable outcomes."
            }
          }
        ]
      }
    },
    {
      "template_id": "lesson_part_cover",
      "colorscheme": "dark",
      "content": {
        "image": {
          "src": "https://ik.imagekit.io/seacademy/Photos/Module_5/M5_C2_L2_2.png",
          "caption": ""
        },
        "intro": "M5: Energy Governance for a Just Energy Transition | Chapter 2 | Lesson 2 | Part 1",
        "title": "Part 1: What is foresight? And Why It is Important?",
        "cta": null
      }
    },
    {
      "template_id": "lesson_subpart_cover",
      "colorscheme": "dark",
      "content": {
        "image": {
          "src": "https://ik.imagekit.io/seacademy/Photos/Module_5/M5_C2_L2_3.png",
          "caption": ""
        },
        "intro": "M5: Energy Governance for a Just Energy Transition | Chapter 2 | Lesson 2 | Part 1 | A",
        "title": "A. Definition of Foresight",
        "cta": null
      }
    },
    {
      "template_id": "text",
      "colorscheme": "light",
      "content": {
        "text_elements": [
          {
            "template_id": "paragraph_large",
            "content": {
              "text": "In times of rapid change and uncertainty, responsible policy must take multiple future possibilities into account. Strategic foresight offers the means to do that. Policies that assume a continuation of past trends and fail to account for recent or emerging changes can prove ineffective, inadequate, or even counterproductive. This is ever more relevant in the case of climate change and the sustainability issues that arise from it, including those related to the energy transition."
            }
          }
        ]
      }
    },
    {
      "template_id": "text",
      "colorscheme": "light",
      "content": {
        "text_elements": [
          {
            "template_id": "paragraph_large",
            "content": {
              "text": "Climate impacts pose significant risks to energy infrastructure and reliability, especially in the context of developing regions, such as Sub-Saharan Africa. Extreme weather events, such as droughts and floods, disrupt hydropower generation and damage transmission and distribution networks, while rising temperatures can reduce the efficiency of thermal power plants and increase energy demand for cooling. Additionally, shifts in weather patterns may affect the viability and predictability of renewable energy sources, such as solar and wind. The purpose of strategic foresight is to equip governments and societies with the capacity to explore and prepare for multiple plausible futures and associated opportunities and challenges, spurring new thinking and assessing that strategic plans and endeavours are future-ready."
            }
          }
        ]
      }
    },
    {
      "template_id": "lesson_subpart_cover",
      "colorscheme": "dark",
      "content": {
        "image": {
          "src": "https://ik.imagekit.io/seacademy/Photos/Module_5/M5_C2_L2_4.png",
          "caption": ""
        },
        "intro": "M5: Energy Governance for a Just Energy Transition | Chapter 2 | Lesson 2 | Part 1 | B",
        "title": "B.Practical Implications of Foresight",
        "cta": null
      }
    },
    {
      "template_id": "text",
      "colorscheme": "light",
      "content": {
        "text_elements": [
          {
            "template_id": "paragraph_large",
            "content": {
              "text": "Strategic foresight informs measures of anticipatory governance, that is, the systematic embedding and application of strategic foresight throughout the entire governance process, including policy analysis, engagement, and decision-making. In energy governance, it helps decision-makers address uncertainties in the rapidly evolving sector."
            }
          }
        ]
      }
    },
    {
      "template_id": "text",
      "colorscheme": "light",
      "content": {
        "text_elements": [
          {
            "template_id": "subtitle",
            "content": {
              "text": "Practical applications include:"
            }
          },
          {
            "template_id": "paragraph_large",
            "content": {
              "text": "Risk Management: Foresight acknowledges that the future is uncertain and that policy decisions inherently involve risk. It helps in identifying potential risks and developing strategies to mitigate them. Resource Allocation: By anticipating multiple possible futures, governments can make more informed decisions about allocating limited resources for energy infrastructure and technology development. Policy Flexibility: Foresight encourages the development of adaptive policies that can respond to changing circumstances, which is crucial in the face of rapidly evolving energy technologies and geopolitical situations. Stakeholder Engagement: The foresight process often involves multiple stakeholders, helping to create more inclusive and robust energy policies. Technology Adoption: Foresight can help in assessing the potential impacts of new energy technologies, allowing for more strategic decisions about their adoption and integration."
            }
          }
        ]
      }
    },
    {
      "template_id": "lesson_part_cover",
      "colorscheme": "dark",
      "content": {
        "image": {
          "src": "https://ik.imagekit.io/seacademy/Photos/Module_5/M5_C2_L2_5.png",
          "caption": ""
        },
        "intro": "M5: Energy Governance for a Just Energy Transition | Chapter 2 | Lesson 2 | Part 2",
        "title": "Part 2: Foresight Methodologies",
        "cta": null
      }
    },
    {
      "template_id": "text",
      "colorscheme": "light",
      "content": {
        "text_elements": [
          {
            "template_id": "paragraph_large",
            "content": {
              "text": "Strategic foresight employs a variety of methodologies to help organizations anticipate and prepare for future changes."
            }
          }
        ]
      }
    },
    {
      "template_id": "lesson_subpart_cover",
      "colorscheme": "dark",
      "content": {
        "image": {
          "src": "https://ik.imagekit.io/seacademy/Photos/Module_5/M5_C2_L2_6.png",
          "caption": ""
        },
        "intro": "M5: Energy Governance for a Just Energy Transition | Chapter 2 | Lesson 2 | Part 2 | A",
        "title": "A. Horizon Scanning",
        "cta": null
      }
    },
    {
      "template_id": "text",
      "colorscheme": "light",
      "content": {
        "text_elements": [
          {
            "template_id": "paragraph_large",
            "content": {
              "text": "Horizon scanning is a systematic process of identifying early signs of potential developments that could affect energy governance. This involves continuously monitoring a wide range of sources to detect emerging trends, technologies, and issues. The goal is to capture weak signals—early indicators of significant change—that may not yet be widely recognized. By analyzing these signals, organizations can anticipate possible opportunities and threats, allowing for proactive strategy development. Horizon scanning serves as the foundation for other foresight activities, ensuring that decision-makers are informed about the evolving external environment."
            }
          }
        ]
      }
    },
    {
      "template_id": "lesson_subpart_cover",
      "colorscheme": "dark",
      "content": {
        "image": {
          "src": "https://ik.imagekit.io/seacademy/Photos/Module_5/M5_C2_L2_7.png",
          "caption": ""
        },
        "intro": "M5: Energy Governance for a Just Energy Transition | Chapter 2 | Lesson 2 | Part 2 | B",
        "title": "B. Megatrends Analysis",
        "cta": null
      }
    },
    {
      "template_id": "text",
      "colorscheme": "light",
      "content": {
        "text_elements": [
          {
            "template_id": "paragraph_large",
            "content": {
              "text": "Megatrends analysis focuses on examining large-scale, long-term forces that shape the future of sustainable energy across multiple domains, such as social, technological, economic, environmental, and political spheres. These megatrends are often interconnected and have complex, multidimensional impacts. Examples include demographic shifts, climate change, technological advancements, and globalization. By understanding these overarching trends, organizations can identify the driving forces behind change and assess their potential implications. This analysis aids in strategic planning by highlighting areas where significant transformations are likely to occur and allows for the alignment of strategies and initiatives with anticipated future developments."
            }
          }
        ]
      }
    },
    {
      "template_id": "lesson_subpart_cover",
      "colorscheme": "dark",
      "content": {
        "image": {
          "src": "https://ik.imagekit.io/seacademy/Photos/Module_5/M5_C2_L2_8.png",
          "caption": ""
        },
        "intro": "M5: Energy Governance for a Just Energy Transition | Chapter 2 | Lesson 2 | Part 2 | C",
        "title": "C. Scenario Planning",
        "cta": null
      }
    },
    {
      "template_id": "text",
      "colorscheme": "light",
      "content": {
        "text_elements": [
          {
            "template_id": "paragraph_large",
            "content": {
              "text": "Scenario planning is a method used to explore and prepare for multiple plausible future scenarios in energy transition. It involves creating detailed narratives that describe different ways the future of energy transition might unfold, based on varying assumptions about key uncertainties and driving forces. The process typically includes the following steps: 1. Identifying focal issues or decisions: Determine the specific strategic concerns or decisions that need to be addressed. 2. Assess key drivers and uncertainties: Analyze factors that influence the focal issues, distinguishing between predictable trends and critical uncertainties. 3. Develop scenario frameworks: Construct a set of diverse scenarios by combining different assumptions about how key uncertainties may resolve."
            }
          }
        ]
      }
    },
    {
      "template_id": "text",
      "colorscheme": "light",
      "content": {
        "text_elements": [
          {
            "template_id": "paragraph_large",
            "content": {
              "text": "4. Creating narratives: Develop coherent and plausible stories for each scenario, detailing how the future could evolve under each set of assumptions. 5. Analyzing implications: Examine the potential impacts of each scenario on the organization and identify strategic options. 6. Monitoring indicators: Establish signposts or indicators to track which scenario (or combination thereof) may be emerging over time. Engaging in scenario planning helps anticipate potential future developments and develop adaptable strategies that remain effective in different circumstances. This approach strengthens resilience by ensuring preparedness for a variety of possible outcomes."
            }
          }
        ]
      }
    },
    {
      "template_id": "lesson_subpart_cover",
      "colorscheme": "dark",
      "content": {
        "image": {
          "src": "https://ik.imagekit.io/seacademy/Photos/Module_5/M5_C2_L2_9.png",
          "caption": ""
        },
        "intro": "M5: Energy Governance for a Just Energy Transition | Chapter 2 | Lesson 2 | Part 2 | D",
        "title": "D. Visioning and Backcasting",
        "cta": null
      }
    },
    {
      "template_id": "text",
      "colorscheme": "light",
      "content": {
        "text_elements": [
          {
            "template_id": "paragraph_large",
            "content": {
              "text": "Visioning and backcasting are complementary techniques used to define desired future outcomes and plan the steps necessary to achieve them. Visioning his process involves stakeholders collaboratively creating a shared and detailed image of a preferred future state. It encourages creative thinking and helps to align organizational goals with long-term aspirations. Backcasting Once a vision is established, backcasting works backward from the envisioned future to the present, identifying the actions, policies, and intermediate milestones required to reach the desired outcome. This method contrasts with traditional forecasting, which projects forward from current trends; instead, backcasting starts with the end goal and determines the necessary steps to achieve it."
            }
          }
        ]
      }
    },
    {
      "template_id": "lesson_subpart_cover",
      "colorscheme": "dark",
      "content": {
        "image": {
          "src": "https://ik.imagekit.io/seacademy/Photos/Module_5/M5_C2_L2_10.png",
          "caption": ""
        },
        "intro": "M5: Energy Governance for a Just Energy Transition | Chapter 2 | Lesson 2 | Part 2 | Case Study",
        "title": "Case Study : Grenada’s Power System Integrated Assessment",
        "cta": null
      }
    },
    {
      "template_id": "text",
      "colorscheme": "light",
      "content": {
        "text_elements": [
          {
            "template_id": "paragraph_large",
            "content": {
              "text": "As discussed earlier, scenario planning is a critical tool in energy governance, enabling policymakers to explore multiple possible futures and develop strategies that remain effective under varying conditions. A practical example of this approach is Grenada’s Power System Integrated Assessment which provided insights into Grenada’s energy transition by evaluating investment scenarios for least-cost intermittent renewable energy integration and network resilience. The project aimed to enhance Grenada’s low-carbon energy transition and support a green recovery post-COVID-19. The assessment focused on improving the resilience of Grenada’s power network and increasing the integration of cost-effective, intermittent renewable energy sources."
            }
          }
        ]
      }
    },
    {
      "template_id": "text",
      "colorscheme": "light",
      "content": {
        "text_elements": [
          {
            "template_id": "paragraph_large",
            "content": {
              "text": "Key deliverables of the project included: • Electricity Demand Profile: A comprehensive analysis of current and projected electricity consumption patterns to inform future energy planning. • Renewable Energy Potential Assessment: An evaluation of Grenada’s capacity to harness renewable energy sources, such as solar and wind, to diversify its energy mix. • Generation Plans and Cost Review: A critical examination of existing power generation strategies and associated costs, identifying opportunities for optimization and cost reduction."
            }
          }
        ]
      }
    },
    {
      "template_id": "text",
      "colorscheme": "light",
      "content": {
        "text_elements": [
          {
            "template_id": "paragraph_large",
            "content": {
              "text": "The findings revealed that, under specific investment scenarios, electricity tariffs could be reduced by approximately 30%, offering valuable insights for short-term decision-making. The figure below shows the historical and forecasted annual percentage variation of Grenada electricity demand for different years and scenarios"
            }
          }
        ]
      }
    },
    {
      "template_id": "photo-vertical",
      "colorscheme": "dark",
      "content": {
        "image": {}
      }
    },
    {
      "template_id": "lesson_part_cover",
      "colorscheme": "dark",
      "content": {
        "image": {
          "src": "https://ik.imagekit.io/seacademy/Photos/Module_5/M5_C2_L2_11.png",
          "caption": ""
        },
        "intro": "M5: Energy Governance for a Just Energy Transition | Chapter 2 | Lesson 2 | Part 3",
        "title": "Part 3: Key Elements of Strategic Foresight and Anticipatory Governance",
        "cta": null
      }
    },
    {
      "template_id": "text",
      "colorscheme": "light",
      "content": {
        "text_elements": [
          {
            "template_id": "paragraph_large",
            "content": {
              "text": "Building a system of strategic foresight requires putting in place a set of elements that enable a sustained and ongoing practice of strategic foresight and anticipatory governance, in five broad areas:"
            }
          }
        ]
      }
    },
    {
      "template_id": "lesson_subpart_cover",
      "colorscheme": "dark",
      "content": {
        "image": {
          "src": "https://ik.imagekit.io/seacademy/Photos/Module_5/M5_C2_L2_12.png",
          "caption": ""
        },
        "intro": "M5: Energy Governance for a Just Energy Transition | Chapter 2 | Lesson 2 | Part 3 | A",
        "title": "A. Demand",
        "cta": null
      }
    },
    {
      "template_id": "text",
      "colorscheme": "light",
      "content": {
        "text_elements": [
          {
            "template_id": "paragraph_large",
            "content": {
              "text": "Sustained demand for foresight from senior levels in government and public service, as well as from relevant societal actors, can help to ensure that the necessary institutional changes, resource allocations, and practices are put into place to enable the quality and frequency of foresight required for sound policies. Adequate demand, that strives for meeting concrete standards, ensures that foresight is not carried out merely as an academic exercise, but rather informs the key priorities of government and societies."
            }
          }
        ]
      }
    },
    {
      "template_id": "lesson_subpart_cover",
      "colorscheme": "dark",
      "content": {
        "image": {
          "src": "https://ik.imagekit.io/seacademy/Photos/Module_5/M5_C2_L2_13.png",
          "caption": ""
        },
        "intro": "M5: Energy Governance for a Just Energy Transition | Chapter 2 | Lesson 2 | Part 3 | B",
        "title": "B. Institutions",
        "cta": null
      }
    },
    {
      "template_id": "text",
      "colorscheme": "light",
      "content": {
        "text_elements": [
          {
            "template_id": "paragraph_large",
            "content": {
              "text": "Effective mainstreaming and integration of foresight practices across institutions and within decision-making processes often requires the development of at least one central dedicated foresight unit to champion, conduct and coordinate foresight work across government. Nevertheless, it is essential to ensure the necessary space and autonomy for foresight units within institutions so that these can deal with developments and implications which run counter to established practices and orthodoxies."
            }
          }
        ]
      }
    },
    {
      "template_id": "lesson_subpart_cover",
      "colorscheme": "dark",
      "content": {
        "image": {
          "src": "https://ik.imagekit.io/seacademy/Photos/Module_5/M5_C2_L2_14.png",
          "caption": ""
        },
        "intro": "M5: Energy Governance for a Just Energy Transition | Chapter 2 | Lesson 2 | Part 3 | C",
        "title": "C. Capacity",
        "cta": null
      }
    },
    {
      "template_id": "text",
      "colorscheme": "light",
      "content": {
        "text_elements": [
          {
            "template_id": "paragraph_large",
            "content": {
              "text": "To meet the demand for foresight efforts, institutions must be able to draw on the necessary skills and capacity to implement strategic foresight thinking to policymaking. This requires individuals trained in foresight thinking and methods, such as horizon scanning and scenario planning. Effective foresight capacity also requires some form of mainstreaming to ensure that even those who are not directly involved in foresight understand its overall purpose and use – this can be done through basic foresight literacy training."
            }
          }
        ]
      }
    },
    {
      "template_id": "lesson_subpart_cover",
      "colorscheme": "dark",
      "content": {
        "image": {
          "src": "https://ik.imagekit.io/seacademy/Photos/Module_5/M5_C2_L2_15.png",
          "caption": ""
        },
        "intro": "M5: Energy Governance for a Just Energy Transition | Chapter 2 | Lesson 2| Part 3 | D",
        "title": "D. Embeddedness",
        "cta": null
      }
    },
    {
      "template_id": "text",
      "colorscheme": "light",
      "content": {
        "text_elements": [
          {
            "template_id": "paragraph_large",
            "content": {
              "text": "Strategic foresight should be an integral part of conventional decision-making—not an add-on. It can be applied at any stage of the policy cycle and becomes more impactful when all relevant actors recognize its value throughout the process. Embedding foresight is most effective when its insights align with key decision points, prompting active engagement with future scenarios and their policy implications. This embeddedness also extends beyond government by involving societal stakeholders, which strengthens both the quality and legitimacy of the foresight process."
            }
          }
        ]
      }
    },
    {
      "template_id": "lesson_subpart_cover",
      "colorscheme": "dark",
      "content": {
        "image": {
          "src": "https://ik.imagekit.io/seacademy/Photos/Module_5/M5_C2_L2_16.png",
          "caption": ""
        },
        "intro": "M5: Energy Governance for a Just Energy Transition | Chapter 2 | Lesson 2| Part 3 | E",
        "title": "E. Developing policy linkages",
        "cta": null
      }
    },
    {
      "template_id": "text",
      "colorscheme": "light",
      "content": {
        "text_elements": [
          {
            "template_id": "paragraph_large",
            "content": {
              "text": "This translates into adaptive governance strategies that develop flexible regulatory frameworks capable of responding to technological and market shifts, balance the allocation of risks between the public and private sectors in energy investments, and build the capacity of policymakers in scenario planning and strategic foresight through training and regional collaboration. By integrating foresight, countries can address uncertainties in energy transitions, creating informed and resilient policies that take equity, sustainability, and potential uneven impacts into account. This future-focused approach ensures energy systems evolve to meet climate and societal demands while minimizing unintended consequences."
            }
          }
        ]
      }
    },
    {
      "template_id": "photo-full-height",
      "colorscheme": "dark",
      "content": {
        "image": {
          "imageUrl": "https://ik.imagekit.io/seacademy/Photos/Module_5/M5_C2_L2_17.png"
        }
      }
    },
    {
      "template_id": "text",
      "colorscheme": "light",
      "content": {
        "text_elements": [
          {
            "template_id": "subtitle",
            "content": {
              "text": "IRENA scenarios for the Energy Transition"
            }
          },
          {
            "template_id": "paragraph_large",
            "content": {
              "text": "IRENA utilizes long-term energy scenarios to guide clean energy transition planning and investment strategies. These scenarios help explore the complexities and uncertainties associated with future energy systems. The Global Long-Term Energy Scenarios Network (LTES Network), launched under the umbrella of the Clean Energy Ministerial (CEM), serves as a platform for national energy planning institutions to exchange best practices. It supports initiatives like the G20 agenda by enhancing capacity in Emerging and Developing Market Economies to link energy planning with financial strategies for the transition. The LTES Network brings institutional support to its benefit around three areas: IRENA’s LTES program includes workshops, regional events, and thematic webinars. In 2024, the webinar series \"Energy Planning Frameworks for Mobilizing Finance for the Energy Transition\" aims to connect energy planners and financial institutions to de-risk investments and improve collaboration. The series address leveraging planning frameworks to enhance investment outcomes and project feasibility while aligning with the G20 Energy Transition Working Group priorities."
            }
          }
        ]
      }
    },
    {
      "template_id": "text",
      "colorscheme": "light",
      "content": {
        "text_elements": [
          {
            "template_id": "paragraph_large",
            "content": {
              "text": "The expected outcomes include better use of LTES to attract investments, stronger public-private collaboration, improved scenario planning governance, tailored insights for financial stakeholders, and clear strategies for integrating LTES into investment decisions. The LTES Network focuses and aims to benefit members in the institutional aspects around three areas:"
            }
          }
        ]
      }
    },
    {
      "template_id": "photo-vertical",
      "colorscheme": "dark",
      "content": {
        "image": {}
      }
    },
    {
      "template_id": "text",
      "colorscheme": "light",
      "content": {
        "text_elements": [
          {
            "template_id": "subtitle",
            "content": {
              "text": "IRENA World Energy Transitions Outlook 2024"
            }
          },
          {
            "template_id": "paragraph_large",
            "content": {
              "text": "The 2024 Outlook underscores the use of foresight scenarios as a tool to support energy governance by helping decision-makers anticipate future trends, navigate uncertainties, and identify priority actions to address gaps across energy sectors. These scenarios inform the report's focus on three foundational areas: planning infrastructure development, refining policies and regulations to guide investments and address socio-economic impacts, and aligning institutional capacities with the evolving demands of a renewable-oriented energy system."
            }
          }
        ]
      }
    },
    {
      "template_id": "text",
      "colorscheme": "light",
      "content": {
        "text_elements": [
          {
            "template_id": "paragraph_large",
            "content": {
              "text": "This figure illustrates the investment requirements for the energy transition under the 1.5ºC scenario for 2024–2030, highlighting the need to close the investment gap. By incorporating foresight into governance, the report offers a framework to better align the energy transition with climate objectives and the pursuit of net zero emissions by mid-century."
            }
          }
        ]
      }
    },
    {
      "template_id": "photo-vertical",
      "colorscheme": "dark",
      "content": {
        "image": {}
      }
    },
    {
      "template_id": "text",
      "colorscheme": "light",
      "content": {
        "text_elements": [
          {
            "template_id": "paragraph_large",
            "content": {
              "text": "This figure shows the dramatic increase in investment needed to meet the 1.5°C climate target by 2030. In 2023, global energy investments totaled about $2.6 trillion, but to stay on track, annual investments must rise to around $6.7 trillion between 2024 and 2030. Most of this will need to go toward energy efficiency, renewable energy, electrification, and grid upgrades. The total investment required over this period is $47 trillion, highlighting the urgency of closing the investment gap and shifting away from fossil fuels."
            }
          }
        ]
      }
    },
    {
      "template_id": "key_takeaways",
      "colorscheme": "dark",
      "content": {
        "title": "Learning Objectives",
        "intro": "If you only have space to remember 3 things:",
        "cards": [
          {
            "image": {
              "src": "https://ik.imagekit.io/seacademy/Photos/Module_5/M5_C2_L2_18.png",
              "caption": "image caption",
              "url": null
            },
            "title": "Strategic foresight enables policymakers to anticipate uncertainties in energy systems and develop resilient, future-ready policies. It ensures that governance moves beyond reactive decision-making by incorporating long-term planning to address climate impacts, technological advancements, and shifting energy demands.",
            "description": ""
          },
          {
            "image": {
              "src": "https://ik.imagekit.io/seacademy/Photos/Module_5/M5_C2_L2_19.png",
              "caption": "image caption",
              "url": null
            },
            "title": "Foresight methodologies, such as horizon scanning, megatrends analysis, and scenario planning, help assess risks and opportunities in energy transitions. These approaches allow policymakers to identify early signals of change, evaluate multiple future scenarios, and create adaptive strategies for sustainable energy development.",
            "description": ""
          },
          {
            "image": {
              "src": "https://ik.imagekit.io/seacademy/Photos/Module_5/M5_C2_L2_20.png",
              "caption": "image caption",
              "url": null
            },
            "title": "Institutionalizing foresight within governance structures strengthens policymaking capacity and investment planning. By embedding foresight into decision-making processes, governments can align energy policies with financial strategies, improve regulatory certainty, and ensure that energy systems remain equitable, resilient, and sustainable.",
            "description": ""
          }
        ]
      }
    },
    {
      "template_id": "connection_next",
      "colorscheme": "dark",
      "content": {
        "image": {
          "src": "https://ik.imagekit.io/seacademy/Photos/Module_5/M5_C2_L2_21.png",
          "caption": ""
        },
        "intro": "Next up",
        "title": "Lesson 3: Adaptive policies and regulations",
        "nextLessonId": "5.2.3",
        "cta": "Back"
      }
    }
  ]
}