{
  "id": "5.2.0",
  "segments": [
    {
      "template_id": "chapter_cover",
      "colorscheme": "dark",
      "content": {
        "id": "chapter_cover",
        "image": {
          "src": "https://ik.imagekit.io/seacademy/Photos/Module_5/M5_C2_Intro_1.png",
          "caption": ""
        },
        "intro": {
          "label": "2",
          "number": "chapter"
        },
        "title": "Policy and Regulatory Framework",
        "cta": "Scroll, tab or use your keyboard to move ahead "
      }
    },
    {
      "template_id": "text",
      "colorscheme": "light",
      "content": {
        "id": "text",
        "content": {
          "text_elements": [
            {
              "template_id": "subtitle",
              "content": {
                "text": "Chapter 2 Overview"
              }
            },
            {
              "template_id": "paragraph_large",
              "content": {
                "text": "A robust policy and regulatory framework is essential for effective energy governance. This section examines the development of policies and regulations that support a just energy transition, emphasizing the importance of political economy analysis, stakeholder engagement, policy coherence, foresight, adaptive policies and regulations, and de-risking investments."
              }
            }
          ]
        }
      }
    },
    {
      "template_id": "list_of_lessons",
      "colorscheme": "dark",
      "content": {
        "id": "list_of_lessons",
        "title": "What's next in this chapter?",
        "lessons": [
          {
            "cta": "Go to the lesson",
            "image": {
              "src": "M5_C2_Intro_2",
              "caption": "image caption",
              "url": null
            },
            "title": "1.1 Political Economy And energy Governance",
            "progress": "completed"
          },
          {
            "cta": "Go to the lesson",
            "image": {
              "src": "M5_C2_Intro_3",
              "caption": "image caption",
              "url": null
            },
            "title": "1.2 Policy coherence",
            "progress": "completed"
          },
          {
            "cta": "Go to the lesson",
            "image": {
              "src": "M5_C2_Intro_4",
              "caption": "image caption",
              "url": null
            },
            "title": "1.3 Foresight",
            "progress": "not_started"
          },
          {
            "cta": "Go to the lesson",
            "image": {
              "src": "M5_C2_Intro_5",
              "caption": "image caption",
              "url": null
            },
            "title": "1.4 Adaptive policies and regulations",
            "progress": "not_started"
          },
          {
            "cta": "Go to the lesson",
            "image": {
              "src": "M5_C2_Intro_6",
              "caption": "image caption",
              "url": null
            },
            "title": "Module conclusion",
            "progress": "not_started"
          }
        ]
      }
    }
  ]
}