{
  "id": "5.2.-1",
  "segments": [
    {
      "template_id": "chapter_outro",
      "colorscheme": "dark",
      "content": {
        "id": "chapter_outro",
        "intro": "This concludes",
        "title": "Title of the scenario",
        "subtitle": "Chapter 2\u2028Policy and Regulatory Framework",
        "body": "Thank you for joining us for the first chapter of the Just Energy Transition Module. We invite you to interact with the closing scenario, and to reflect on how you can take action to move these ideas from ambitions into action.",
        "next_block": {
          "intro": "Interactive Scenario ",
          "title": "Title of the scenario",
          "cta": "You have a meeting with the minister of energy to discuss data-driven policy. Are you ready?",
          "button_cta": "Launch the interactive scenario",
          "image": {
            "src": "M5_C2_Outro_1",
            "caption": "image caption",
            "url": null
          },
          "nextBlockId": "1.1.5"
        }
      }
    },
    {
      "template_id": "connection_next",
      "colorscheme": "dark",
      "content": {
        "id": "connection_next",
        "image": {
          "src": "https://ik.imagekit.io/seacademy/Photos/Module_5/M5_C2_Outro_2.png",
          "caption": ""
        },
        "intro": "Next up",
        "title": "Module 3: Inclusive and effective institutions and Civic Engagement",
        "cta": "Start learning"
      }
    }
  ]
}