{
  "id": "5.2.3",
  "segments": [
    {
      "template_id": "lesson_cover",
      "colorscheme": "dark",
      "content": {
        "image": {
          "src": "https://ik.imagekit.io/seacademy/Photos/Module_5/M5_C2_L3_1.png",
          "caption": ""
        },
        "intro": {
          "label": "Lesson",
          "number": "3"
        },
        "title": "Adaptive Policies And Regulations",
        "cta": null
      }
    },
    {
      "template_id": "text",
      "colorscheme": "light",
      "content": {
        "text_elements": [
          {
            "template_id": "subtitle",
            "content": {
              "text": "Lesson 3 Overview"
            }
          },
          {
            "template_id": "paragraph_large",
            "content": {
              "text": "A clear theory of change and measurable indicators are essential components to enhance the success of policies. Anticipating unintended consequences during the policy design process helps mitigate risks and uncertainties. Adaptive policies and regulations, with clear targets, roles, and responsibilities, fostering new market frameworks, incentivizing investments, and supporting research and development of new technologies, are crucial for achieving a just energy transition within a limited timeframe."
            }
          }
        ]
      }
    },
    {
      "template_id": "lesson_part_cover",
      "colorscheme": "dark",
      "content": {
        "image": {
          "src": "https://ik.imagekit.io/seacademy/Photos/Module_5/M5_C2_L3_2.png",
          "caption": ""
        },
        "intro": "M5: Energy Governance for a Just Energy Transition | Chapter 2 | Lesson 3 | Part 1",
        "title": "Part 1: What Are Adaptive policies and regulations",
        "cta": null
      }
    },
    {
      "template_id": "text",
      "colorscheme": "light",
      "content": {
        "text_elements": [
          {
            "template_id": "paragraph_large",
            "content": {
              "text": "Adaptive policy-making refers to a flexible approach where policies are continuously reviewed, refined, and adjusted based on feedback, data, and changing circumstances. Unlike traditional static regulations that rely on one-time, ex ante assessments of potential benefits and risks, adaptive policies incorporate learning mechanisms that allow for adjustments based on emerging scientific, technological, and social developments. These policies aim to minimize regulatory errors—such as overregulating beneficial innovations or under-regulating harmful ones—by using structured, sequential decisions. Adaptive policies and regulations are governance frameworks designed to remain effective and responsive in the face of uncertainty, complexity, and evolving conditions. Unlike static policies that follow a fixed set of rules, adaptive policies integrate mechanisms for continuous learning, feedback, and modification to ensure their relevance and effectiveness over time."
            }
          }
        ]
      }
    },
    {
      "template_id": "lesson_subpart_cover",
      "colorscheme": "dark",
      "content": {
        "image": {
          "src": "https://ik.imagekit.io/seacademy/Photos/Module_5/M5_C2_L3_3.png",
          "caption": ""
        },
        "intro": "M5: Energy Governance for a Just Energy Transition | Chapter 2 | Lesson 3 | Part 1 | A",
        "title": "A. Definition of Adaptive Policies and Regulations",
        "cta": null
      }
    },
    {
      "template_id": "text",
      "colorscheme": "light",
      "content": {
        "text_elements": [
          {
            "template_id": "paragraph_large",
            "content": {
              "text": "Adaptive policies and regulations are governance frameworks designed to remain effective and responsive in the face of uncertainty, complexity, and evolving conditions. Unlike static policies that follow a fixed set of rules, adaptive policies integrate mechanisms for continuous learning, feedback, and modification to ensure their relevance and effectiveness over time."
            }
          }
        ]
      }
    },
    {
      "template_id": "lesson_subpart_cover",
      "colorscheme": "dark",
      "content": {
        "image": {
          "src": "https://ik.imagekit.io/seacademy/Photos/Module_5/M5_C2_L3_4.png",
          "caption": ""
        },
        "intro": "M5: Energy Governance for a Just Energy Transition | Chapter 2 | Lesson 3 | Part 1 | B",
        "title": "B.Practical Implications of Foresight",
        "cta": null
      }
    },
    {
      "template_id": "text",
      "colorscheme": "light",
      "content": {
        "text_elements": [
          {
            "template_id": "paragraph_large",
            "content": {
              "text": "1. Flexibility and Adjustability: Policies are designed with built-in mechanisms that allow them to evolve based on new data, emerging risks, or changing circumstances. 2. Evidence-Based Decision-Making: Adaptive governance relies on continuous monitoring, assessment, and the integration of scientific and empirical evidence. 3. Stakeholder Involvement: Regular engagement with diverse stakeholders ensures inclusivity and enhances policy effectiveness by incorporating multiple perspectives. 4. Scenario Planning and Resilience: Policies account for multiple possible futures, allowing for rapid adjustments in response to crises or unforeseen challenges. 5. Iterative Learning Process: Adaptive policies often follow a trial-and-error approach, adjusting based on real-world implementation outcomes rather than adhering to rigid frameworks."
            }
          }
        ]
      }
    },
    {
      "template_id": "lesson_part_cover",
      "colorscheme": "dark",
      "content": {
        "image": {
          "src": "https://ik.imagekit.io/seacademy/Photos/Module_5/M5_C2_L3_5.png",
          "caption": ""
        },
        "intro": "M5: Energy Governance for a Just Energy Transition | Chapter 2 | Lesson 3 | Part 2",
        "title": "Part 2: How to develop adaptive policies and regulations in the energy sector?",
        "cta": null
      }
    },
    {
      "template_id": "text",
      "colorscheme": "light",
      "content": {
        "text_elements": [
          {
            "template_id": "paragraph_large",
            "content": {
              "text": "This section explores the strategies to develop adaptive policies and regulations in the energy sector, focusing on approaches that enhance flexibility, resilience, and effectiveness in response to evolving challenges."
            }
          }
        ]
      }
    },
    {
      "template_id": "lesson_subpart_cover",
      "colorscheme": "dark",
      "content": {
        "image": {
          "src": "https://ik.imagekit.io/seacademy/Photos/Module_5/M5_C2_L3_6.png",
          "caption": ""
        },
        "intro": "M5: Energy Governance for a Just Energy Transition | Chapter 2 | Lesson 3 | Part 2 | A",
        "title": "A.Continuous Monitoring and Stakeholders Feedback Mechanisms",
        "cta": null
      }
    },
    {
      "template_id": "text",
      "colorscheme": "light",
      "content": {
        "text_elements": [
          {
            "template_id": "paragraph_large",
            "content": {
              "text": "Adaptive policymaking requires continuous monitoring of regulatory impacts and incorporating feedback loops to refine policies over time. By establishing real-time data collection and performance tracking, policymakers can identify gaps, unintended consequences, or emerging challenges that require adjustments. Key stakeholders in these monitoring efforts typically include government agencies (e.g., regulatory bodies and ministries), independent oversight institutions, academic and research institutions, civil society organizations, and private sector actors—especially those directly affected by the policy. Local communities and end-users also play a critical role in providing on-the-ground feedback. Two specific methods to enhance adaptability in policymaking include: Dynamic Policy Adjustment: Implement systems to regularly assess policy outcomes and incorporate feedback loops that allow for timely modifications in response to new data or unforeseen challenges. Scenario Analysis: Utilize predictive modeling and scenario planning to anticipate potential future developments and stress-test policies against various possible futures."
            }
          }
        ]
      }
    },
    {
      "template_id": "lesson_subpart_cover",
      "colorscheme": "dark",
      "content": {
        "image": {
          "src": "https://ik.imagekit.io/seacademy/Photos/Module_5/M5_C2_L3_7.png",
          "caption": ""
        },
        "intro": "M5: Energy Governance for a Just Energy Transition | Chapter 2 | Lesson 3 | Part 2 | B",
        "title": "B. Encouraging Innovation and Flexibility",
        "cta": null
      }
    },
    {
      "template_id": "text",
      "colorscheme": "light",
      "content": {
        "text_elements": [
          {
            "template_id": "paragraph_large",
            "content": {
              "text": "Traditional regulatory frameworks often impose rigid requirements. While such rigidity is essential in areas like safety, grid reliability, and environmental protection, it can also stifle innovation and slow the transition to a sustainable energy system. One effective way to encourage innovation is through performance-based regulations. Instead of dictating the exact steps industries must follow, these regulations establish desired outcomes, such as reducing carbon emissions or improving energy efficiency. This gives companies the freedom to explore multiple pathways, promoting competition and the development of cutting-edge solutions. To further support innovation, policymakers can implement financial incentives for research and development (R&D). Grants, tax credits, and subsidies can help energy companies and startups invest in new technologies without the burden of excessive financial risk. By reducing barriers to innovation, governments can encourage the deployment of next-generation renewable energy systems, battery storage solutions, and smart grid technologies."
            }
          }
        ]
      }
    },
    {
      "template_id": "lesson_subpart_cover",
      "colorscheme": "dark",
      "content": {
        "image": {
          "src": "https://ik.imagekit.io/seacademy/Photos/Module_5/M5_C2_L3_8.png",
          "caption": ""
        },
        "intro": "M5: Energy Governance for a Just Energy Transition | Chapter 2 | Lesson 3 | Part 2 | C",
        "title": "C. Enhancing Stakeholder Collaboration",
        "cta": null
      }
    },
    {
      "template_id": "text",
      "colorscheme": "light",
      "content": {
        "text_elements": [
          {
            "template_id": "paragraph_large",
            "content": {
              "text": "Adaptive policies require continuous input from diverse stakeholders to remain relevant and responsive to changing energy landscapes. By involving government agencies, businesses, civil society, and local communities in the policymaking process, regulators can ensure that policies are not only well-informed but also flexible enough to evolve with technological, economic, and environmental shifts. Stakeholder collaboration is essential for identifying emerging challenges, integrating diverse perspectives, and ensuring smooth policy adaptation. One effective method for fostering collaboration is the creation of multi-stakeholder platforms. These platforms bring together key actors—including energy producers, researchers, policymakers, and community representatives—to engage in ongoing discussions about regulatory needs, challenges, and adjustments. By maintaining an open dialogue and iterative consultation processes, policymakers can receive real-time feedback, ensuring that regulations remain practical and adaptable as circumstances change."
            }
          }
        ]
      }
    },
    {
      "template_id": "text",
      "colorscheme": "light",
      "content": {
        "text_elements": [
          {
            "template_id": "paragraph_large",
            "content": {
              "text": "Public consultations, regulatory impact assessments (RIA), and accessible data-sharing mechanisms allow stakeholders to provide insights and propose refinements. This ensures that policies reflect on-the-ground realities and can be adjusted based on new developments, such as shifts in energy demand, technological breakthroughs, or unforeseen environmental risks."
            }
          }
        ]
      }
    },
    {
      "template_id": "lesson_subpart_cover",
      "colorscheme": "dark",
      "content": {
        "image": {
          "src": "https://ik.imagekit.io/seacademy/Photos/Module_5/M5_C2_L3_9.png",
          "caption": ""
        },
        "intro": "M5: Energy Governance for a Just Energy Transition | Chapter 2 | Lesson 3 | Part 2 | D",
        "title": "D. Building Institutional Capacity",
        "cta": null
      }
    },
    {
      "template_id": "text",
      "colorscheme": "light",
      "content": {
        "text_elements": [
          {
            "template_id": "paragraph_large",
            "content": {
              "text": "For energy policies to be truly adaptive, the institutions responsible for designing, implementing, and monitoring regulations must have the capacity, expertise, and resources to respond to changing conditions. Without strong institutional capacity, even the most well-intended policies risk becoming outdated or ineffective in the face of technological advancements, market fluctuations, and evolving environmental priorities. One key approach to strengthening institutional capacity is through training and continuous learning. Policymakers and regulatory bodies must stay informed about emerging energy technologies, regulatory best practices, and global trends. Investing in capacity-building programs, knowledge-sharing networks, and partnerships with research institutions ensures that regulatory agencies can make informed, forward-looking decisions. Another essential factor is resource allocation and coordination across government institutions. Adaptive policymaking requires well-funded regulatory bodies equipped with the tools and personnel needed to track policy effectiveness, collect real-time data, and implement necessary adjustments. Additionally, strong collaboration between ministries, local governments, and relevant public agencies helps prevent policy fragmentation and supports a cohesive, system-wide approach to regulation. Finally, adaptive policies rely on institutional mechanisms for monitoring and evaluation. Establishing oversight frameworks, regulatory sandboxes (for testing new policies), and iterative review cycles helps ensure that policies remain effective and flexible. This allows institutions to refine regulations proactively rather than reactively, making the energy sector more resilient to future disruptions."
            }
          }
        ]
      }
    },
    {
      "template_id": "lesson_part_cover",
      "colorscheme": "dark",
      "content": {
        "image": {
          "src": "https://ik.imagekit.io/seacademy/Photos/Module_5/M5_C2_L3_10.png",
          "caption": ""
        },
        "intro": "M5: Energy Governance for a Just Energy Transition | Chapter 2 | Lesson 3 | Part 3",
        "title": "Part 3: Regulatory Impact Assessment (RIA) For Adaptive Energy Policies",
        "cta": null
      }
    },
    {
      "template_id": "lesson_subpart_cover",
      "colorscheme": "dark",
      "content": {
        "image": {
          "src": "https://ik.imagekit.io/seacademy/Photos/Module_5/M5_C2_L3_11.png",
          "caption": ""
        },
        "intro": "M5: Energy Governance for a Just Energy Transition | Chapter 2 | Lesson 3 | Part 3 | A",
        "title": "A. What Is Regulatory Impact Assessment",
        "cta": null
      }
    },
    {
      "template_id": "text",
      "colorscheme": "light",
      "content": {
        "text_elements": [
          {
            "template_id": "subtitle",
            "content": {
              "text": "What is an RIA"
            }
          },
          {
            "template_id": "paragraph_large",
            "content": {
              "text": "A regulatory Impact Assessment (RIA) is an evidence-based tool designed to support public decision-making. It involves a systematic appraisal of how a proposed policy is likely to affect various stakeholders and outcomes. RIA can be applied to primary legislation or secondary (implementing) regulations, and is utilized by central government departments, independent regulators, regional governments, and local authorities. When combined with community-based and participatory forms of assessment, RIA embodies a “whole-of-government” and “whole-of-society” approach, encompassing different types of policies, sectors, and institutions, and facilitating societal participation in the policy process."
            }
          }
        ]
      }
    },
    {
      "template_id": "photo-vertical",
      "colorscheme": "dark",
      "content": {
        "image": {}
      }
    },
    {
      "template_id": "text",
      "colorscheme": "light",
      "content": {
        "text_elements": [
          {
            "template_id": "paragraph_large",
            "content": {
              "text": "Implementing RIA in developing countries presents unique challenges and opportunities. The World Bank has developed toolkits tailored to these contexts, emphasizing the importance of adapting RIA methodologies to local institutional capacities and policy environments. Key considerations include: • Capacity Building: Enhancing the analytical and technical skills of policymakers and regulatory agencies to conduct effective RIAs. • Stakeholder Engagement: Ensuring inclusive participation of diverse stakeholders, including marginalized groups, to capture a wide range of perspectives and impacts. • Contextual Adaptation: Modifying standard RIA processes to align with the specific legal, economic, and cultural contexts of developing countries."
            }
          }
        ]
      }
    },
    {
      "template_id": "text",
      "colorscheme": "light",
      "content": {
        "text_elements": [
          {
            "template_id": "subtitle",
            "content": {
              "text": "Regulatory Impact Assessment (RIA) for energy efficient lighting standards in Antigua & Barbuda"
            }
          },
          {
            "template_id": "paragraph_large",
            "content": {
              "text": "In 2018, Antigua and Barbuda conducted a Regulatory Impact Assessment (RIA) to guide government decision-making on implementing energy-efficient lighting standards. The assessment employed a multi-criteria analysis and cost-effectiveness evaluation, incorporating input from an expert panel. The study recommended a phased approach: initiating with voluntary incentives such as product subsidies or exchange schemes, and gradually transitioning to mandatory obligations for energy-efficient lighting. It also advocated for a third-party conformity assessment, requiring certification from accredited entities before products could enter the market."
            }
          }
        ]
      }
    },
    {
      "template_id": "photo-vertical",
      "colorscheme": "dark",
      "content": {
        "image": {}
      }
    },
    {
      "template_id": "lesson_subpart_cover",
      "colorscheme": "dark",
      "content": {
        "image": {
          "src": "https://ik.imagekit.io/seacademy/Photos/Module_5/M5_C2_L3_13.png",
          "caption": ""
        },
        "intro": "M5: Energy Governance for a Just Energy Transition | Chapter 2 | Lesson 3 | Part 3 | B",
        "title": "B. Key Principles for Using Regulatory Impact Assessment (RIA)",
        "cta": null
      }
    },
    {
      "template_id": "text",
      "colorscheme": "light",
      "content": {
        "text_elements": [
          {
            "template_id": "paragraph_large",
            "content": {
              "text": "There are three key principles for using Regulatory Impact Assessment (RIA) to create better policies and regulations: Proportionality, Knowledge Utilization And Integration."
            }
          }
        ]
      }
    },
    {
      "template_id": "text",
      "colorscheme": "light",
      "content": {
        "text_elements": [
          {
            "template_id": "subtitle",
            "content": {
              "text": "Global Database for Regulatory Impact Assessment (RIA)"
            }
          },
          {
            "template_id": "paragraph_large",
            "content": {
              "text": "This database contains documents related to Regulatory Impact Assessment (RIA) issued by or for national governments, or publications studying RIA as it is applied by governments worldwide. The database makes no claim that country documents are in force or are being used by governments. The database has been developed by the World Bank Group's Governance Practice, within the framework of the DFID and USAID funded Good Regulatory Practices (PDF) program."
            }
          }
        ]
      }
    },
    {
      "template_id": "key_takeaways",
      "colorscheme": "dark",
      "content": {
        "title": "Learning Objectives",
        "intro": "If you only have space to remember 3 things:",
        "cards": [
          {
            "image": {
              "src": "https://ik.imagekit.io/seacademy/Photos/Module_5/M5_C2_L3_15.png",
              "caption": "image caption",
              "url": null
            },
            "title": "Adaptive policies ensure resilience by integrating flexibility, monitoring, and stakeholder input. They evolve with new data, economic shifts, and environmental challenges, keeping energy regulations effective.",
            "description": ""
          },
          {
            "image": {
              "src": "https://ik.imagekit.io/seacademy/Photos/Module_5/M5_C2_L3_16.png",
              "caption": "image caption",
              "url": null
            },
            "title": "Performance-based regulations and incentives drive innovation in clean energy. They set targets rather than rigid steps, allowing industries to explore new solutions while meeting sustainability goals.",
            "description": ""
          },
          {
            "image": {
              "src": "https://ik.imagekit.io/seacademy/Photos/Module_5/M5_C2_L3_17.png",
              "caption": "image caption",
              "url": null
            },
            "title": "Regulatory Impact Assessment (RIA) enhances transparency, accountability, and adaptability in policymaking. It ensures regulations are evidence-based, stakeholder-inclusive, and responsive to changing energy needs.",
            "description": ""
          }
        ]
      }
    }
  ]
}