{
  "id": "5.2.1",
  "segments": [
    {
      "template_id": "lesson_cover",
      "colorscheme": "dark",
      "content": {
        "id": "lesson_cover",
        "image": {
          "src": "https://ik.imagekit.io/seacademy/Photos/Module_5/M5_C2_L1_1.png",
          "caption": ""
        },
        "intro": {
          "label": "Lesson",
          "number": "1"
        },
        "title": "Policy Coherence",
        "cta": null
      }
    },
    {
      "template_id": "text",
      "colorscheme": "light",
      "content": {
        "id": "text",
        "content": {
          "text_elements": [
            {
              "template_id": "subtitle",
              "content": {
                "text": "Lesson 1 Overview"
              }
            },
            {
              "template_id": "paragraph_large",
              "content": {
                "text": "Achieving sustainable development requires policies that are not only well-designed within individual sectors but also harmonized across multiple areas to prevent conflicts and maximize synergies. Policy coherence ensures that economic, social, environmental, and governance policies work together toward common objectives, particularly in the energy transition. Without deliberate alignment, policies in one sector can undermine progress in another, leading to inefficiencies and missed opportunities."
              }
            }
          ]
        }
      }
    },
    {
      "template_id": "lesson_part_cover",
      "colorscheme": "dark",
      "content": {
        "id": "lesson_part_cover",
        "image": {
          "src": "https://ik.imagekit.io/seacademy/Photos/Module_5/M5_C2_L1_2.png",
          "caption": ""
        },
        "intro": "M5: Energy Governance for a Just Energy Transition | Chapter 2 | Lesson 1 | Part 1",
        "title": "Part 1: \nWhat is policy Coherence?\n",
        "cta": null
      }
    },
    {
      "template_id": "text",
      "colorscheme": "light",
      "content": {
        "id": "text",
        "content": {
          "text_elements": [
            {
              "template_id": "paragraph_large",
              "content": {
                "text": "Policy coherence refers to the systematic alignment and integration of policies across various sectors to achieve consistent and mutually reinforcing outcomes. It involves ensuring that policies in different areas\u2014such as economic, social, environmental, and governance\u2014work together harmoniously, minimizing conflicts and maximizing synergies. This approach aims to prevent situations where a policy in one sector undermines the objectives of another, thereby enhancing the overall effectiveness and efficiency of policy interventions."
              }
            }
          ]
        }
      }
    },
    {
      "template_id": "text",
      "colorscheme": "light",
      "content": {
        "id": "text",
        "content": {
          "text_elements": [
            {
              "template_id": "paragraph_large",
              "content": {
                "text": "Policy coherence in the context of sustainable energy or energy transition refers to the deliberate alignment and integration of policies across various sectors to ensure that efforts to promote sustainable energy are consistent, mutually reinforcing, and free from contradictions. This approach aims to systematically reduce conflicts and promote synergies between and within different policy areas to achieve the outcomes associated with jointly agreed policy objectives"
              }
            }
          ]
        }
      }
    },
    {
      "template_id": "lesson_part_cover",
      "colorscheme": "dark",
      "content": {
        "id": "lesson_part_cover",
        "image": {
          "src": "https://ik.imagekit.io/seacademy/Photos/Module_5/M5_C2_L1_3.png",
          "caption": ""
        },
        "intro": "M5: Energy Governance for a Just Energy Transition | Chapter 2 | Lesson 1 | Part 2",
        "title": "Part 2: \nPillars of policy coherence?\n\n",
        "cta": null
      }
    },
    {
      "template_id": "text",
      "colorscheme": "light",
      "content": {
        "id": "text",
        "content": {
          "text_elements": [
            {
              "template_id": "paragraph_large",
              "content": {
                "text": "The Organisation for Economic Co-operation and Development (OECD) has outlined four pillars to enhance Policy Coherence for Sustainable Development (PCSD): \nPillar 1: Institutional Capacity and Skills, \nPillar 2: Country practices and support\nPillar 3: Analysis and data\nPillar 4: Partnerships and peer-learning"
              }
            }
          ]
        }
      }
    },
    {
      "template_id": "lesson_subpart_cover",
      "colorscheme": "dark",
      "content": {
        "id": "lesson_subpart_cover",
        "image": {
          "src": "https://ik.imagekit.io/seacademy/Photos/Module_5/M5_C2_L1_4.png",
          "caption": ""
        },
        "intro": "M5: Energy Governance for a Just Energy Transition | Chapter 2 | Lesson 1 | Part 2 | A",
        "title": "A. Institutional Capacity and Skills,  ",
        "cta": null
      }
    },
    {
      "template_id": "text",
      "colorscheme": "light",
      "content": {
        "id": "text",
        "content": {
          "text_elements": [
            {
              "template_id": "paragraph_large",
              "content": {
                "text": "This pillar emphasizes strengthening the abilities of institutions and individuals to design and implement coherent policies aligned with sustainable development goals. It involves building competencies within public administrations to manage complex policy interactions effectively"
              }
            }
          ]
        }
      }
    },
    {
      "template_id": "lesson_subpart_cover",
      "colorscheme": "dark",
      "content": {
        "id": "lesson_subpart_cover",
        "image": {
          "src": "https://ik.imagekit.io/seacademy/Photos/Module_5/M5_C2_L1_5.png",
          "caption": ""
        },
        "intro": "M5: Energy Governance for a Just Energy Transition | Chapter 2 | Lesson 1 | Part 2 | B",
        "title": "B. Balancing Affordability and Sufficiency",
        "cta": null
      }
    },
    {
      "template_id": "text",
      "colorscheme": "light",
      "content": {
        "id": "text",
        "content": {
          "text_elements": [
            {
              "template_id": "paragraph_large",
              "content": {
                "text": "This pillar focuses on sharing best practices among countries and providing support to integrate policy coherence into national strategies. It aims to facilitate mutual learning and tailor support to specific country contexts, enhancing the implementation of coherent policies."
              }
            }
          ]
        }
      }
    },
    {
      "template_id": "lesson_subpart_cover",
      "colorscheme": "dark",
      "content": {
        "id": "lesson_subpart_cover",
        "image": {
          "src": "https://ik.imagekit.io/seacademy/Photos/Module_5/M5_C2_L1_6.png",
          "caption": ""
        },
        "intro": "M5: Energy Governance for a Just Energy Transition | Chapter 2 | Lesson 1 | Part 2 | B",
        "title": "C. Analysis and data",
        "cta": null
      }
    },
    {
      "template_id": "text",
      "colorscheme": "light",
      "content": {
        "id": "text",
        "content": {
          "text_elements": [
            {
              "template_id": "paragraph_large",
              "content": {
                "text": "This pillar emphasizes strengthening the abilities of institutions and individuals to design and implement coherent policies aligned with sustainable development goals. It involves building competencies within public administrations to manage complex policy interactions effectively"
              }
            }
          ]
        }
      }
    },
    {
      "template_id": "lesson_subpart_cover",
      "colorscheme": "dark",
      "content": {
        "id": "lesson_subpart_cover",
        "image": {
          "src": "https://ik.imagekit.io/seacademy/Photos/Module_5/M5_C2_L1_7.png",
          "caption": ""
        },
        "intro": "M5: Energy Governance for a Just Energy Transition | Chapter 2 | Lesson 1 | Part 2 | B",
        "title": "D. Partnerships and peer-learning",
        "cta": null
      }
    },
    {
      "template_id": "text",
      "colorscheme": "light",
      "content": {
        "id": "text",
        "content": {
          "text_elements": [
            {
              "template_id": "paragraph_large",
              "content": {
                "text": "This pillar highlights the importance of multi-stakeholder partnerships and peer-learning mechanisms. Engaging various stakeholders, including civil society, the private sector, and academia, fosters inclusive policy-making processes and promotes the exchange of knowledge and experiences."
              }
            }
          ]
        }
      }
    },
    {
      "template_id": "lesson_part_cover",
      "colorscheme": "dark",
      "content": {
        "id": "lesson_part_cover",
        "image": {
          "src": "https://ik.imagekit.io/seacademy/Photos/Module_5/M5_C2_L1_8.png",
          "caption": ""
        },
        "intro": "M5: Energy Governance for a Just Energy Transition | Chapter 2 | Lesson 1 | Part 3",
        "title": "Part 3: \nMechanisms to measure and enhance policy coherence\n\n\n",
        "cta": null
      }
    },
    {
      "template_id": "text",
      "colorscheme": "light",
      "content": {
        "id": "text",
        "content": {
          "text_elements": [
            {
              "template_id": "paragraph_large",
              "content": {
                "text": "The UN Environment Programme has proposed a set of mechanisms to measure and enhance policy coherence, with a focus on promoting policy coherence for sustainable development. key components include:"
              }
            }
          ]
        }
      }
    },
    {
      "template_id": "lesson_subpart_cover",
      "colorscheme": "dark",
      "content": {
        "id": "lesson_subpart_cover",
        "image": {
          "src": "https://ik.imagekit.io/seacademy/Photos/Module_5/M5_C2_L1_9.png",
          "caption": ""
        },
        "intro": "M5: Energy Governance for a Just Energy Transition | Chapter 2 | Lesson 1 | Part 3 | A",
        "title": "A. Institutionalization of political commitment\u202f  ",
        "cta": null
      }
    },
    {
      "template_id": "text",
      "colorscheme": "light",
      "content": {
        "id": "text",
        "content": {
          "text_elements": [
            {
              "template_id": "paragraph_large",
              "content": {
                "text": "Institutionalization of political commitment is likely to promote policy coherence for sustainable development by instilling a culture of policy coherence and guiding action towards it at all levels of government. Political commitment at the highest political level, as an initial step, is likely to trigger the establishment and/or the enhancement of other mechanisms that enhance policy coherence for sustainable development."
              }
            }
          ]
        }
      }
    },
    {
      "template_id": "lesson_subpart_cover",
      "colorscheme": "dark",
      "content": {
        "id": "lesson_subpart_cover",
        "image": {
          "src": "https://ik.imagekit.io/seacademy/Photos/Module_5/M5_C2_L1_10.png",
          "caption": ""
        },
        "intro": "M5: Energy Governance for a Just Energy Transition | Chapter 2 | Lesson 1 | Part 3 | B",
        "title": "B. Long-term considerations in decision-making, \u202f",
        "cta": null
      }
    },
    {
      "template_id": "text",
      "colorscheme": "light",
      "content": {
        "id": "text",
        "content": {
          "text_elements": [
            {
              "template_id": "paragraph_large",
              "content": {
                "text": "Long-term considerations in decision-making, through mechanisms which ensure that decision-making, policy development and planning follow objectives that are long term (i.e., span beyond the current electoral cycle and consider the interests of future generations). This mechanism ensures that decisions are informed by long-term effects and perspectives, rather than only focusing on short term gains or issues."
              }
            }
          ]
        }
      }
    },
    {
      "template_id": "lesson_subpart_cover",
      "colorscheme": "dark",
      "content": {
        "id": "lesson_subpart_cover",
        "image": {
          "src": "https://ik.imagekit.io/seacademy/Photos/Module_5/M5_C2_L1_11.png",
          "caption": ""
        },
        "intro": "M5: Energy Governance for a Just Energy Transition | Chapter 2 | Lesson 1 | Part 3 | C",
        "title": "C. Inter-ministerial And Cross-Sectoral Coordination   ",
        "cta": null
      }
    },
    {
      "template_id": "text",
      "colorscheme": "light",
      "content": {
        "id": "text",
        "content": {
          "text_elements": [
            {
              "template_id": "paragraph_large",
              "content": {
                "text": "Coordination of inter-ministerial and cross-sectoral promotes policy coherence by linking relevant ministries and agencies through a central coordination body. This ensures alignment, reduces overlaps, and allows for periodic review of sectoral impacts and trade-offs. In cases of political opposition, fragmented decision-making can lead to delays and corruption risks. Strengthening formal coordination enhances transparency and improves policy effectiveness."
              }
            }
          ]
        }
      }
    },
    {
      "template_id": "lesson_subpart_cover",
      "colorscheme": "dark",
      "content": {
        "id": "lesson_subpart_cover",
        "image": {
          "src": "https://ik.imagekit.io/seacademy/Photos/Module_5/M5_C2_L1_12.png",
          "caption": ""
        },
        "intro": "M5: Energy Governance for a Just Energy Transition | Chapter 2 | Lesson 1 | Part 3 | D",
        "title": "D. Participatory processes\n",
        "cta": null
      }
    },
    {
      "template_id": "text",
      "colorscheme": "light",
      "content": {
        "id": "text",
        "content": {
          "text_elements": [
            {
              "template_id": "paragraph_large",
              "content": {
                "text": "Participatory processes that go beyond a \u201cwhole-of-government\u201d approach and integrate relevant stakeholders from the \u201cwhole-of society\u201d in a comprehensive manner. This allows for the engagement and integration of the concerns expressed by relevant stakeholders potentially affected or having an interest in energy governance."
              }
            }
          ]
        }
      }
    },
    {
      "template_id": "lesson_subpart_cover",
      "colorscheme": "dark",
      "content": {
        "id": "lesson_subpart_cover",
        "image": {
          "src": "https://ik.imagekit.io/seacademy/Photos/Module_5/M5_C2_L1_13.png",
          "caption": ""
        },
        "intro": "M5: Energy Governance for a Just Energy Transition | Chapter 2 | Lesson 1 | Part 3 | E",
        "title": "E. Developing policy linkages\u202f  ",
        "cta": null
      }
    },
    {
      "template_id": "text",
      "colorscheme": "light",
      "content": {
        "id": "text",
        "content": {
          "text_elements": [
            {
              "template_id": "paragraph_large",
              "content": {
                "text": "Developing policy linkages to guarantee coherence and assess policy affects and cross-sectoral linkages throughout the policy and planning processes. This ensures that policies across sectors are pursued in a balanced way that avoids competition or overlap between instruments, institutions, and sectors. Mechanisms for assessing policy effects and cross-sectoral linkages should allow to ensure that potential negative impacts are prevented and mitigated, and potential positive synergies optimized, and thus that policies in different sectors are coherent amongst themselves. Conversely, without adequate collaboration, opportunities to harness positive cross-sectoral linkages may be missed. Further, such mechanisms would ensure that cross-cutting issues, such as gender or health, are mainstreamed into all sectoral policies."
              }
            }
          ]
        }
      }
    },
    {
      "template_id": "lesson_subpart_cover",
      "colorscheme": "dark",
      "content": {
        "id": "lesson_subpart_cover",
        "image": {
          "src": "https://ik.imagekit.io/seacademy/Photos/Module_5/M5_C2_L1_14.png",
          "caption": ""
        },
        "intro": "M5: Energy Governance for a Just Energy Transition | Chapter 2 | Lesson 1 | Part 3 | F",
        "title": "F. Alignment across government levels\u202f",
        "cta": null
      }
    },
    {
      "template_id": "text",
      "colorscheme": "light",
      "content": {
        "id": "text",
        "content": {
          "text_elements": [
            {
              "template_id": "paragraph_large",
              "content": {
                "text": "Alignment across government levels to ensure that policies, plans, and programs at all levels of government (national and sub-national) are aligned and mutually supportive, and do not contradict or work against each other."
              }
            }
          ]
        }
      }
    },
    {
      "template_id": "lesson_subpart_cover",
      "colorscheme": "dark",
      "content": {
        "id": "lesson_subpart_cover",
        "image": {
          "src": "https://ik.imagekit.io/seacademy/Photos/Module_5/M5_C2_L1_15.png",
          "caption": ""
        },
        "intro": "M5: Energy Governance for a Just Energy Transition | Chapter 2 | Lesson 1 | Part 3 | G",
        "title": "G. Monitoring and Reporting   ",
        "cta": null
      }
    },
    {
      "template_id": "text",
      "colorscheme": "light",
      "content": {
        "id": "text",
        "content": {
          "text_elements": [
            {
              "template_id": "paragraph_large",
              "content": {
                "text": "Monitoring and reporting for policy coherence involve regularly evaluating the effects of policies on various dimensions of sustainable development and cross-sectoral impacts using specific indicators. These evaluations should inform adaptive actions to ensure policies remain aligned and effectively address sustainable development goals."
              }
            }
          ]
        }
      }
    },
    {
      "template_id": "lesson_subpart_cover",
      "colorscheme": "dark",
      "content": {
        "id": "lesson_subpart_cover",
        "image": {
          "src": "https://ik.imagekit.io/seacademy/Photos/Module_5/M5_C2_L1_16.png",
          "caption": ""
        },
        "intro": "M5: Energy Governance for a Just Energy Transition | Chapter 2 | Lesson 1 | Part 3 | H",
        "title": "H. Financing for policy coherence \n",
        "cta": null
      }
    },
    {
      "template_id": "text",
      "colorscheme": "light",
      "content": {
        "id": "text",
        "content": {
          "text_elements": [
            {
              "template_id": "paragraph_large",
              "content": {
                "text": "Financing for policy coherence promotes the alignment of private and public finance to policy coherence objectives while tracking related expenditures. This ensures that funds from different sources are coherent with national policies and priorities."
              }
            }
          ]
        }
      }
    },
    {
      "template_id": "lesson_subpart_cover",
      "colorscheme": "dark",
      "content": {
        "id": "lesson_subpart_cover",
        "image": {
          "src": "https://ik.imagekit.io/seacademy/Photos/Module_5/M5_C2_L1_17.png",
          "caption": ""
        },
        "intro": "M5: Energy Governance for a Just Energy Transition | Chapter 2 | Lesson 1 | Part 3 | I",
        "title": "I. Administrative capacity  \n",
        "cta": null
      }
    },
    {
      "template_id": "text",
      "colorscheme": "light",
      "content": {
        "id": "text",
        "content": {
          "text_elements": [
            {
              "template_id": "paragraph_large",
              "content": {
                "text": "Although not part pf the framework by the UNEP, building administrative capacity is another vital mechanism for policy coherence in sustainable development. Weak institutional frameworks, especially at the local level, can hinder energy sector reforms and policy implementation, particularly in vertically integrated utilities facing financial strain. Strengthening capacity through training and technical support ensures more effective policy execution and greater alignment in energy transitions, overcoming obstacles to sustainable governance."
              }
            }
          ]
        }
      }
    },
    {
      "template_id": "key_takeaways",
      "colorscheme": "dark",
      "content": {
        "id": "key_takeaways",
        "title": "Learning Objectives",
        "intro": "If you only have space to remember 3 things:",
        "cards": [
          {
            "image": {
              "src": "M5_C2_L1_18",
              "caption": "image caption",
              "url": null
            },
            "title": "Policy coherence ensures that policies across different sectors align to achieve sustainable and mutually reinforcing outcomes. By minimizing contradictions and maximizing synergies, policy coherence strengthens governance efficiency and prevents fragmented decision-making that could undermine sustainability objectives.",
            "description": ""
          },
          {
            "image": {
              "src": "M5_C2_L1_19",
              "caption": "image caption",
              "url": null
            },
            "title": "Strengthening institutional capacity and stakeholder engagement is essential for achieving policy coherence in energy governance. Enhancing skills, fostering multi-stakeholder partnerships, and integrating participatory processes ensure that policies are well-coordinated across government levels and responsive to societal needs.",
            "description": ""
          },
          {
            "image": {
              "src": "M5_C2_L1_20",
              "caption": "image caption",
              "url": null
            },
            "title": "Mechanisms such as inter-ministerial coordination, policy linkages, and long-term planning enhance policy coherence for sustainable development. Institutionalizing political commitment, improving monitoring frameworks, and aligning financial strategies help maintain coherence across policies, ensuring a just and effective energy transition.",
            "description": ""
          }
        ]
      }
    },
    {
      "template_id": "connection_next",
      "colorscheme": "dark",
      "content": {
        "id": "connection_next",
        "image": {
          "src": "https://ik.imagekit.io/seacademy/Photos/Module_5/M5_C2_L1_21.png",
          "caption": ""
        },
        "intro": "Next up",
        "title": "Chapter 2: \u2028Strategic Foresight",
        "cta": "Back"
      }
    }
  ]
}