{
  "id": "5.3.2",
  "segments": [
    {
      "template_id": "lesson_cover",
      "colorscheme": "dark",
      "content": {
        "image": {
          "src": "https://ik.imagekit.io/seacademy/Photos/Module_5/M5_C3_L2_1.png",
          "caption": ""
        },
        "intro": {
          "label": "Lesson",
          "number": "2"
        },
        "title": "Civic Engagements And Its Role in Energy Governance",
        "cta": null
      }
    },
    {
      "template_id": "text",
      "colorscheme": "light",
      "content": {
        "text_elements": [
          {
            "template_id": "subtitle",
            "content": {
              "text": "Lesson 2 Overview"
            }
          },
          {
            "template_id": "paragraph_large",
            "content": {
              "text": "Civic engagement is a crucial pillar of inclusive energy governance, ensuring that decision-making processes are transparent, democratic, and responsive to community needs. By actively involving citizens, civil society, and local organizations, energy policies can become more equitable, widely accepted, and better aligned with the realities of those most affected by the energy transition."
            }
          }
        ]
      }
    },
    {
      "template_id": "lesson_part_cover",
      "colorscheme": "dark",
      "content": {
        "image": {
          "src": "https://ik.imagekit.io/seacademy/Photos/Module_5/M5_C3_L2_2.png",
          "caption": ""
        },
        "intro": "M5: Energy Governance for a Just Energy Transition | Chapter 3 | Lesson 2 | Part 1",
        "title": "Part 1: The Case For Civic Engagement in Energy Governance",
        "cta": null
      }
    },
    {
      "template_id": "lesson_subpart_cover",
      "colorscheme": "dark",
      "content": {
        "image": {
          "src": "https://ik.imagekit.io/seacademy/Photos/Module_5/M5_C3_L2_3.png",
          "caption": ""
        },
        "intro": "M5: Energy Governance for a Just Energy Transition | Chapter 3 | Lesson 2 | Part 1 | A",
        "title": "A. Defining Civic Engagement",
        "cta": null
      }
    },
    {
      "template_id": "text",
      "colorscheme": "light",
      "content": {
        "text_elements": [
          {
            "template_id": "paragraph_large",
            "content": {
              "text": "Energy governance encompasses the institutions, policies, and decision-making processes that shape how energy is produced, distributed, and consumed within societies. Traditionally, energy governance has been dominated by centralized institutions—governments, regulatory bodies, and large corporate entities—that make decisions with minimal input from the general public. However, as the global energy landscape shifts toward decentralized, renewable, and community-driven energy systems, there is a growing need to integrate civic engagement as a central pillar of governance"
            }
          }
        ]
      }
    },
    {
      "template_id": "text",
      "colorscheme": "light",
      "content": {
        "text_elements": [
          {
            "template_id": "paragraph_large",
            "content": {
              "text": "Civic engagement in energy governance refers to the active participation of individuals, communities, and civil society organizations in shaping energy policies, decision-making, and implementation processes. This engagement can take various forms, from advocacy and public deliberation to direct participation in community energy projects, citizen assemblies, and cooperative ownership models. It involves both formal mechanisms, such as public consultations and participatory policy processes, and informal engagement, including grassroots activism and local energy initiatives."
            }
          }
        ]
      }
    },
    {
      "template_id": "lesson_subpart_cover",
      "colorscheme": "dark",
      "content": {
        "image": {
          "src": "https://ik.imagekit.io/seacademy/Photos/Module_5/M5_C3_L2_5.png",
          "caption": ""
        },
        "intro": "M5: Energy Governance for a Just Energy Transition | Chapter 3 | Lesson 2 | Part 1 | B",
        "title": "B. The Shift Toward Participatory Energy Governance",
        "cta": null
      }
    },
    {
      "template_id": "text",
      "colorscheme": "light",
      "content": {
        "text_elements": [
          {
            "template_id": "paragraph_large",
            "content": {
              "text": "The traditional model of energy governance—often characterized as technocratic and top-down—has increasingly been criticized for its lack of transparency, inclusivity, and democratic accountability. Energy policy decisions have historically been made by a limited number of actors, often without meaningful input from local communities, marginalized groups, or the broader public. This exclusionary approach has led to social resistance, policy failures, and inefficiencies in implementing energy transitions."
            }
          }
        ]
      }
    },
    {
      "template_id": "text",
      "colorscheme": "light",
      "content": {
        "text_elements": [
          {
            "template_id": "paragraph_large",
            "content": {
              "text": "In contrast, participatory energy governance recognizes that citizens are not just passive consumers of energy but active stakeholders who can shape policies and contribute to decision-making. Civic engagement fosters more democratic and equitable energy systems by ensuring that governance structures reflect the needs and interests of diverse groups, particularly those most affected by energy transitions. This approach is fundamental to concepts such as energy democracy and energy citizenship, which advocate for greater public control, ownership, and decision-making power in energy governance ."
            }
          }
        ]
      }
    },
    {
      "template_id": "text",
      "colorscheme": "light",
      "content": {
        "text_elements": [
          {
            "template_id": "subtitle",
            "content": {
              "text": "What Is Energy Democracy?"
            }
          },
          {
            "template_id": "paragraph_large",
            "content": {
              "text": "Energy Democracy represents a shift from the corporate, centralized fossil fuel economy to one that is governed by communities, is designed on the principle of no harm to the environment, supports local economies, and contributes to the health and well-being for all peoples."
            }
          }
        ]
      }
    },
    {
      "template_id": "text",
      "colorscheme": "light",
      "content": {
        "text_elements": [
          {
            "template_id": "subtitle",
            "content": {
              "text": "What Are Energy Communities?"
            }
          },
          {
            "template_id": "paragraph_large",
            "content": {
              "text": "Energy communities are citizen-driven energy actions that contribute to the clean energy transition, advancing energy efficiency within local communities enable collective and citizen-driven energy actions to support the clean energy transition. They can contribute to increasing public acceptance of renewable energy projects and make it easier to attract private investments in the clean energy transition. Energy communities can be an effective means of re-structuring the energy systems, by empowering citizens to drive the energy transition locally and directly benefit from better energy efficiency, lower bills, reduced energy poverty and more local green job opportunities."
            }
          }
        ]
      }
    },
    {
      "template_id": "text",
      "colorscheme": "light",
      "content": {
        "text_elements": [
          {
            "template_id": "paragraph_large",
            "content": {
              "text": "Under EU law, energy communities can take the form of any legal entity including an association, a cooperative, a partnership, a non-profit organization or a limited liability company."
            }
          }
        ]
      }
    },
    {
      "template_id": "lesson_subpart_cover",
      "colorscheme": "dark",
      "content": {
        "image": {
          "src": "https://ik.imagekit.io/seacademy/Photos/Module_5/M5_C3_L2_7.png",
          "caption": ""
        },
        "intro": "M5: Energy Governance for a Just Energy Transition | Chapter 3 | Lesson 2 | Part 1 | C",
        "title": "C. Benefits of Civic Engagement",
        "cta": null
      }
    },
    {
      "template_id": "text",
      "colorscheme": "light",
      "content": {
        "text_elements": [
          {
            "template_id": "paragraph_large",
            "content": {
              "text": "The active participation of citizens and communities in energy governance leads to multiple benefits, both for the energy system and for society as a whole: Improved Transparency and Trust When decision-making processes are open, participatory, and inclusive, they foster greater trust between governments, businesses, and citizens. This transparency helps to prevent corporate influence, corruption, and opaque policymaking. Enhanced Legitimacy and Public Acceptance Energy projects that involve community consultation and participatory decision-making are more likely to gain public support and face fewer social resistance challenges. This is particularly important for large infrastructure projects such as wind farms, solar parks, and power grid expansions, which often encounter opposition due to lack of local involvement."
            }
          }
        ]
      }
    },
    {
      "template_id": "text",
      "colorscheme": "light",
      "content": {
        "text_elements": [
          {
            "template_id": "paragraph_large",
            "content": {
              "text": "Better Policy Outcomes and Social Equity Policies developed through inclusive engagement processes are more likely to reflect the needs of all citizens, including marginalized groups. This ensures that energy transitions do not worsen existing inequalities but rather contribute to a more just and sustainable society. Innovation and Localized Solutions Civic engagement encourages bottom-up innovation, allowing communities to experiment with localized energy solutions that are better suited to their needs than one-size-fits-all national policies. Many successful community energy projects have emerged from citizen-led initiatives, demonstrating that innovation is not limited to large corporations or state actors."
            }
          }
        ]
      }
    },
    {
      "template_id": "lesson_part_cover",
      "colorscheme": "dark",
      "content": {
        "image": {
          "src": "https://ik.imagekit.io/seacademy/Photos/Module_5/M5_C3_L2_8.png",
          "caption": ""
        },
        "intro": "M5: Energy Governance for a Just Energy Transition | Chapter 3 | Lesson 2 | Part 2",
        "title": "Part 2: Key Forms of Civic Engagement in Energy Governance",
        "cta": null
      }
    },
    {
      "template_id": "text",
      "colorscheme": "light",
      "content": {
        "text_elements": [
          {
            "template_id": "paragraph_large",
            "content": {
              "text": "Civic engagement in energy governance can take multiple forms, each contributing to a more transparent, accountable, and just energy system. Some of the key avenues for participation include:"
            }
          }
        ]
      }
    },
    {
      "template_id": "lesson_subpart_cover",
      "colorscheme": "dark",
      "content": {
        "image": {
          "src": "https://ik.imagekit.io/seacademy/Photos/Module_5/M5_C3_L2_9.png",
          "caption": ""
        },
        "intro": "M5: Energy Governance for a Just Energy Transition | Chapter 3 | Lesson 2 | Part 2 | A",
        "title": "A. Public Participation in Policymaking",
        "cta": null
      }
    },
    {
      "template_id": "text",
      "colorscheme": "light",
      "content": {
        "text_elements": [
          {
            "template_id": "paragraph_large",
            "content": {
              "text": "• Public hearings, consultations, and deliberative assemblies where citizens can voice their opinions on energy policies and regulatory changes. • Citizen advisory boards that influence local and national energy policies. • Participatory budgeting that allows communities to allocate resources toward energy initiatives . • Community-led energy monitoring programs where local residents track energy production, emissions, and environmental impacts. • Participatory research and innovation that involve citizens in co-developing new energy technologies and governance models ."
            }
          }
        ]
      }
    },
    {
      "template_id": "lesson_subpart_cover",
      "colorscheme": "dark",
      "content": {
        "image": {
          "src": "https://ik.imagekit.io/seacademy/Photos/Module_5/M5_C3_L2_10.png",
          "caption": ""
        },
        "intro": "M5: Energy Governance for a Just Energy Transition | Chapter 3 | Lesson 2 | Part 2 | B",
        "title": "B. Community Energy Initiatives",
        "cta": null
      }
    },
    {
      "template_id": "text",
      "colorscheme": "light",
      "content": {
        "text_elements": [
          {
            "template_id": "paragraph_large",
            "content": {
              "text": "• Formation of energy cooperatives and community-owned renewable projects, allowing citizens to directly own and manage energy resources. • Local energy partnerships between municipalities and residents, where communities co-design energy solutions to address their unique needs. • Peer-to-peer energy trading platforms that enable households to generate, store, and share renewable energy ."
            }
          }
        ]
      }
    },
    {
      "template_id": "lesson_subpart_cover",
      "colorscheme": "dark",
      "content": {
        "image": {
          "src": "https://ik.imagekit.io/seacademy/Photos/Module_5/M5_C3_L2_11.png",
          "caption": ""
        },
        "intro": "M5: Energy Governance for a Just Energy Transition | Chapter 3 | Lesson 2 | Part 2 | C",
        "title": "C. Civic Activism and Advocacy",
        "cta": null
      }
    },
    {
      "template_id": "text",
      "colorscheme": "light",
      "content": {
        "text_elements": [
          {
            "template_id": "paragraph_large",
            "content": {
              "text": "• Grassroots campaigns and advocacy efforts that challenge unjust energy policies, push for climate justice, and demand corporate accountability. • Citizen-led movements advocating for fair energy pricing, fossil fuel divestment, and stronger climate action ."
            }
          }
        ]
      }
    },
    {
      "template_id": "key_takeaways",
      "colorscheme": "dark",
      "content": {
        "title": "Learning Objectives",
        "intro": "If you only have space to remember 3 things:",
        "cards": [
          {
            "image": {
              "src": "https://ik.imagekit.io/seacademy/Photos/Module_5/M5_C3_L2_12.png",
              "caption": "image caption",
              "url": null
            },
            "title": "Civic engagement enhances transparency, accountability, and inclusivity in energy governance. By involving citizens, communities, and civil society organizations in decision-making processes, energy policies become more democratic, reflecting diverse needs and preventing corporate dominance or opaque policymaking",
            "description": ""
          },
          {
            "image": {
              "src": "https://ik.imagekit.io/seacademy/Photos/Module_5/M5_C3_L2_13.png",
              "caption": "image caption",
              "url": null
            },
            "title": "Energy democracy and community-driven initiatives empower people to take ownership of the energy transition. Through energy cooperatives, citizen advisory boards, and participatory budgeting, communities can directly shape local energy solutions, fostering innovation, improving efficiency, and increasing public acceptance of renewable energy projects.",
            "description": ""
          },
          {
            "image": {
              "src": "https://ik.imagekit.io/seacademy/Photos/Module_5/M5_C3_L2_14.png",
              "caption": "image caption",
              "url": null
            },
            "title": "Stronger community participation leads to more effective and widely accepted energy policies. Energy projects that actively involve local communities face fewer social resistance challenges, gain higher public trust, and result in more sustainable and locally adapted solutions, ensuring smoother implementation and long-term success.",
            "description": ""
          }
        ]
      }
    },
    {
      "template_id": "connection_next",
      "colorscheme": "dark",
      "content": {
        "image": {
          "src": "https://ik.imagekit.io/seacademy/Photos/Module_5/M5_C3_L2_15.png",
          "caption": ""
        },
        "intro": "Next up",
        "title": "Lesson 3: Civic Engagements And Its Role in Energy Governance",
        "nextLessonId": "5.3.3",
        "cta": "Back"
      }
    }
  ]
}