{
  "id": "5.3.0",
  "segments": [
    {
      "template_id": "chapter_cover",
      "colorscheme": "dark",
      "content": {
        "image": {
          "src": "https://ik.imagekit.io/seacademy/Photos/Module_5/M5_C3_Intro_1.png",
          "caption": ""
        },
        "intro": {
          "label": "Chapter",
          "number": "3"
        },
        "title": "Inclusive and effective institutions and Civic Engagement",
        "cta": "Scroll, tab or use your keyboard to move ahead"
      }
    },
    {
      "template_id": "text",
      "colorscheme": "light",
      "content": {
        "text_elements": [
          {
            "template_id": "subtitle",
            "content": {
              "text": "Chapter 3 Overview"
            }
          },
          {
            "template_id": "paragraph_large",
            "content": {
              "text": "Inclusive and effective institutions are the cornerstone of robust governance systems, ensuring coordinated efforts for a just energy transition. This section explores the roles of key actors, multi-level governance, and the importance of transparency, trust, and anti-corruption measures in energy governance."
            }
          }
        ]
      }
    },
    {
      "template_id": "list_of_lessons",
      "colorscheme": "dark",
      "content": {
        "title": "What's next in this chapter?",
        "lessons": [
          {
            "cta": "Go to the lesson",
            "image": {
              "src": "https://ik.imagekit.io/seacademy/Photos/Module_5/M5_C3_Intro_2.png",
              "caption": "image caption",
              "url": null
            },
            "title": "1.1 Integrated Governance for a Just Energy Transition",
            "progress": "completed"
          },
          {
            "cta": "Go to the lesson",
            "image": {
              "src": "https://ik.imagekit.io/seacademy/Photos/Module_5/M5_C3_Intro_3.png",
              "caption": "image caption",
              "url": null
            },
            "title": "1.2 Civic Engagements And Its Role in Energy Governance",
            "progress": "completed"
          },
          {
            "cta": "Go to the lesson",
            "image": {
              "src": "https://ik.imagekit.io/seacademy/Photos/Module_5/M5_C3_Intro_4.png",
              "caption": "image caption",
              "url": null
            },
            "title": "1.3 Facilitating Civic Engagement in Energy Governance",
            "progress": "not_started"
          },
          {
            "cta": "Go to the lesson",
            "image": {
              "src": "https://ik.imagekit.io/seacademy/Photos/Module_5/M5_C3_Intro_5.png",
              "caption": "image caption",
              "url": null
            },
            "title": "Module conclusion",
            "progress": "not_started"
          }
        ]
      }
    },
    {
      "template_id": "connection_next",
      "colorscheme": "dark",
      "content": {
        "image": {
          "src": "https://ik.imagekit.io/seacademy/Photos/Module_5/M5_C3_Intro_6.png",
          "caption": ""
        },
        "intro": "Next up",
        "title": "Lesson 1: Integrated Governance for a Just Energy Transition",
        "nextLessonId": "5.3.1",
        "cta": "Start learning"
      }
    }
  ]
}