{
  "id": "5.3.1",
  "segments": [
    {
      "template_id": "lesson_cover",
      "colorscheme": "dark",
      "content": {
        "image": {
          "src": "https://ik.imagekit.io/seacademy/Photos/Module_5/M5_C3_L1_1.png",
          "caption": ""
        },
        "intro": {
          "label": "Lesson",
          "number": "1"
        },
        "title": "Integrated Governance for a Just Energy Transition",
        "cta": null
      }
    },
    {
      "template_id": "text",
      "colorscheme": "light",
      "content": {
        "text_elements": [
          {
            "template_id": "subtitle",
            "content": {
              "text": "Lesson 1 Overview"
            }
          },
          {
            "template_id": "paragraph_large",
            "content": {
              "text": "Energy governance involves a diverse array of actors operating across different levels, each with unique roles and responsibilities. Understanding these actors and their interactions is essential for creating effective, inclusive, and sustainable energy policies."
            }
          }
        ]
      }
    },
    {
      "template_id": "lesson_part_cover",
      "colorscheme": "dark",
      "content": {
        "image": {
          "src": "https://ik.imagekit.io/seacademy/Photos/Module_5/M5_C3_L1_2.png",
          "caption": ""
        },
        "intro": "M5: Energy Governance for a Just Energy Transition | Chapter 3 | Lesson 1 | Part 1",
        "title": "Part 1: Approaches to Integrated Energy Governance",
        "cta": null
      }
    },
    {
      "template_id": "text",
      "colorscheme": "light",
      "content": {
        "text_elements": [
          {
            "template_id": "paragraph_large",
            "content": {
              "text": "No single individual or agency can fully understand or address the diverse interests, values, and knowledge required for a comprehensive energy transition. Effective solutions require coordinated place based/ context specific efforts across the entire government and society."
            }
          }
        ]
      }
    },
    {
      "template_id": "lesson_subpart_cover",
      "colorscheme": "dark",
      "content": {
        "image": {
          "src": "https://ik.imagekit.io/seacademy/Photos/Module_5/M5_C3_L1_3.png",
          "caption": ""
        },
        "intro": "M5: Energy Governance for a Just Energy Transition | Chapter 3 | Lesson 1 | Part 1 | A",
        "title": "A. A Whole-of-Government approach",
        "cta": null
      }
    },
    {
      "template_id": "text",
      "colorscheme": "light",
      "content": {
        "text_elements": [
          {
            "template_id": "paragraph_large",
            "content": {
              "text": "A Whole-of-Government approach involves the collaboration of various governmental ministries and departments to develop cohesive and integrated energy policies. Key ministries typically include Energy, Environment, Finance, Education, Rural Affairs, and those focusing on Social Equity and Inclusion. This collaborative framework ensures that interconnected issues are addressed holistically, supporting comprehensive and just energy transition policies."
            }
          }
        ]
      }
    },
    {
      "template_id": "photo-vertical",
      "colorscheme": "dark",
      "content": {
        "image": {}
      }
    },
    {
      "template_id": "lesson_subpart_cover",
      "colorscheme": "dark",
      "content": {
        "image": {
          "src": "https://ik.imagekit.io/seacademy/Photos/Module_5/M5_C3_L1_4.png",
          "caption": ""
        },
        "intro": "M5: Energy Governance for a Just Energy Transition | Chapter 3 | Lesson 1 | Part 1 | B",
        "title": "B. A Whole-of-Society approach",
        "cta": null
      }
    },
    {
      "template_id": "text",
      "colorscheme": "light",
      "content": {
        "text_elements": [
          {
            "template_id": "paragraph_large",
            "content": {
              "text": "Complementing governmental efforts, a Whole-of-Society approach engages diverse stakeholders—including civil society organizations, private sector entities, local communities, and Indigenous groups—to ensure that all voices are heard and that solutions are inclusive and equitable. This approach recognizes that the energy transition impacts all facets of society and that broad participation is essential for its success. Engaging the private sector can drive innovation and investment in clean energy technologies, while civil society organizations can advocate for social equity and environmental justice."
            }
          }
        ]
      }
    },
    {
      "template_id": "photo-vertical",
      "colorscheme": "dark",
      "content": {
        "image": {}
      }
    },
    {
      "template_id": "text",
      "colorscheme": "light",
      "content": {
        "text_elements": [
          {
            "template_id": "paragraph_large",
            "content": {
              "text": "Local and Indigenous communities offer valuable insights into sustainable practices and can help tailor solutions to specific regional needs. For example, Taiwan’s early adoption of a Whole-of-Society approach involved mobilizing all levels of government, commercial enterprises, NGOs, and local communities to expedite energy transitions."
            }
          }
        ]
      }
    },
    {
      "template_id": "lesson_subpart_cover",
      "colorscheme": "dark",
      "content": {
        "image": {
          "src": "https://ik.imagekit.io/seacademy/Photos/Module_5/M5_C3_L1_5.png",
          "caption": ""
        },
        "intro": "M5: Energy Governance for a Just Energy Transition | Chapter 3 | Lesson 1 | Part 1 | C",
        "title": "C. A Shift From Governments To Governance",
        "cta": null
      }
    },
    {
      "template_id": "text",
      "colorscheme": "light",
      "content": {
        "text_elements": [
          {
            "template_id": "paragraph_large",
            "content": {
              "text": "The shift from “government” to “governance” marks a fundamental transformation in how energy systems are managed, moving away from top-down, state-led decision-making toward a more decentralized, participatory, and multi-stakeholder approach. Rather than relying solely on hierarchical control, modern energy governance is characterized by collaborative networks that span multiple levels—international, national, regional, and local—and engage a diverse range of actors, including governments, regulatory bodies, private sector entities, civil society, and local communities. Unlike traditional top-down policy implementation, the governance model operates through continuous negotiation and coordination across various sectors and levels. This shift enhances policy adaptability, strengthens accountability mechanisms, and ensures that energy transitions are inclusive, transparent, and responsive to societal needs."
            }
          }
        ]
      }
    },
    {
      "template_id": "text",
      "colorscheme": "light",
      "content": {
        "text_elements": [
          {
            "template_id": "paragraph_large",
            "content": {
              "text": "This evolution is due several key trends: Decentralization of Authority: Central governments are increasingly delegating responsibilities to local authorities, allowing for more context-specific energy policies and improved implementation. Globalization of Energy Markets: Energy markets are no longer confined within national borders; they are increasingly shaped by international trade, cross-border investments, and global supply chains. This globalization of energy markets has profound implications for energy governance, as decision-making is influenced not just by national policies but also by international agreements, multinational corporations, and financial institutions. Technological Innovation and Market Liberalization: The rise of distributed energy resources, digitalization, and clean energy transitions has disrupted traditional governance structures, requiring more dynamic regulatory frameworks. Increased Role of Civil Society and Non-State Actors: NGOs, advocacy groups, and local communities are now key players in shaping policy and holding governments accountable for sustainable and equitable energy transitions"
            }
          }
        ]
      }
    },
    {
      "template_id": "lesson_part_cover",
      "colorscheme": "dark",
      "content": {
        "image": {
          "src": "https://ik.imagekit.io/seacademy/Photos/Module_5/M5_C3_L1_6.png",
          "caption": ""
        },
        "intro": "M5: Energy Governance for a Just Energy Transition | Chapter 3 | Lesson 1 | Part 2",
        "title": "Part 2: Key Actors in Multi-Level Energy Governance",
        "cta": null
      }
    },
    {
      "template_id": "text",
      "colorscheme": "light",
      "content": {
        "text_elements": [
          {
            "template_id": "paragraph_large",
            "content": {
              "text": "National governments lie at the heart of energy governance. They are primarily responsible for policy development, strategic decision-making, and coordination. Governments establish legal and regulatory frameworks, align energy goals with national development priorities, and meet international commitments."
            }
          }
        ]
      }
    },
    {
      "template_id": "photo-vertical",
      "colorscheme": "dark",
      "content": {
        "image": {
          "src": "https://ik.imagekit.io/seacademy/Photos/Module_5/M5_C3_L1_7.png",
          "caption": ""
        }
      }
    },
    {
      "template_id": "text",
      "colorscheme": "light",
      "content": {
        "text_elements": [
          {
            "template_id": "paragraph_large",
            "content": {
              "text": "Governments also bear the primary responsibility for steering a just energy transition, balancing sustainability goals with economic feasibility and social equity. Their broad roles include: Vision and Implementation: Providing the vision, goals, and policy mechanisms for implementing national commitments. Engagement: Bringing together the interests of broader society through consultation and dialogue as well as co-creation mechanisms. Regulation: Setting rules for the market to ensure competition, innovation, and fairness. Investment: Helping to mobilize capital needed for the energy transition, perhaps through ownership or fiscal policies in support of relevant enterprises and infrastructure development, and provision of appropriate financial support fora just energy transition for individuals and communities. And finally: Representation: Ensuring that energy policies reflect the needs and aspirations of the population they serve, taking into account diverse perspectives, regional differences, and long-term development goals, regardless of governance structure or political system."
            }
          }
        ]
      }
    },
    {
      "template_id": "text",
      "colorscheme": "light",
      "content": {
        "text_elements": [
          {
            "template_id": "paragraph_large",
            "content": {
              "text": "Regulatory institutions These Institutions ensure market oversight, enforce regulations, and sometimes influence policymaking, playing a pivotal role in maintaining fair, transparent energy systems. Local Authorities Depending on their jurisdiction, local authorities may also engage in policymaking at the local level, as well as in the implementation of national policies. Non- State Actors In some contexts, non-state actors such as private sector and civil society actors may also participate in policy implementation. Moreover, they have a key role in exercising policy advocacy and oversight tasks to ensure governmental policies meet the needs of broader society. Similarly, citizens actively shape energy governance through their choices and participation, reinforcing inclusive and responsive policies. Development Agencies Development partners and international organizations influence the actions of governments through financing and policy diffusion and often also provide support to non-state actors."
            }
          }
        ]
      }
    },
    {
      "template_id": "text",
      "colorscheme": "light",
      "content": {
        "text_elements": [
          {
            "template_id": "paragraph_large",
            "content": {
              "text": "The interplay between these actors creates valuable opportunities to enhance governance. Regulatory institutions and the private sector often collaborate on market oversight and energy policy implementation, while local authorities bridge national frameworks with community needs. Development partners increasingly engage with civil society, amplifying societal voices and ensuring accountability. By leveraging these synergies, governance frameworks can be strengthened, paving the way for a just and sustainable energy transition."
            }
          }
        ]
      }
    },
    {
      "template_id": "key_takeaways",
      "colorscheme": "dark",
      "content": {
        "title": "Learning Objectives",
        "intro": "If you only have space to remember 3 things:",
        "cards": [
          {
            "image": {
              "src": "https://ik.imagekit.io/seacademy/Photos/Module_5/M5_C3_L1_8.png",
              "caption": "image caption",
              "url": null
            },
            "title": "A Whole-of-Government approach strengthens energy governance by ensuring cross-sector collaboration, policy coherence, and integrated decision-making. By engaging multiple ministries and agencies, governments can address interconnected energy challenges holistically, balancing economic, environmental, and social priorities in a just energy transition.",
            "description": ""
          },
          {
            "image": {
              "src": "https://ik.imagekit.io/seacademy/Photos/Module_5/M5_C3_L1_9.png",
              "caption": "image caption",
              "url": null
            },
            "title": "A Whole-of-Society approach enhances inclusivity and accountability by involving diverse stakeholders such as civil society, the private sector, and local communities. This participatory model ensures that energy policies reflect societal needs, promote equity, and leverage the expertise of non-state actors to drive sustainable energy solutions",
            "description": ""
          },
          {
            "image": {
              "src": "https://ik.imagekit.io/seacademy/Photos/Module_5/M5_C3_L1_10.png",
              "caption": "image caption",
              "url": null
            },
            "title": "Energy governance involves a diverse set of actors, including governments, regulatory institutions, private sector entities, civil society organizations, and local communities. Each plays a distinct role in shaping energy policies, ensuring market oversight, mobilizing investments, and advocating for sustainable and equitable energy transitions",
            "description": ""
          }
        ]
      }
    },
    {
      "template_id": "connection_next",
      "colorscheme": "dark",
      "content": {
        "image": {
          "src": "https://ik.imagekit.io/seacademy/Photos/Module_5/M5_C3_L1_11.png",
          "caption": ""
        },
        "intro": "Next up",
        "title": "Lesson 2: Civic Engagements And Its Role in Energy Governance",
        "nextLessonId": "5.3.2",
        "cta": "Back"
      }
    }
  ]
}