{
  "id": "5.3.3",
  "segments": [
    {
      "template_id": "lesson_cover",
      "colorscheme": "dark",
      "content": {
        "id": "lesson_cover",
        "image": {
          "src": "https://ik.imagekit.io/seacademy/Photos/Module_5/M5_C3_L3_1.png",
          "caption": ""
        },
        "intro": {
          "label": "Lesson",
          "number": "3"
        },
        "title": "Facilitating Civic Engagement in Energy Governance",
        "cta": null
      }
    },
    {
      "template_id": "text",
      "colorscheme": "light",
      "content": {
        "id": "text",
        "content": {
          "text_elements": [
            {
              "template_id": "subtitle",
              "content": {
                "text": "Lesson 3 Overview"
              }
            },
            {
              "template_id": "paragraph_large",
              "content": {
                "text": "Effective dialogue with civil society actors is increasingly important in addressing emerging complex challenges. These encompass job, income, and public revenue losses from coal mine closures, potential for inadvertently sustaining or widening gender gaps when accessing energy technologies and job opportunities in the clean energy sector, energy projects negatively impacting indigenous communities, displacement and land issues, and other human rights risks from critical mineral development, including the harassment of environmental human rights defenders. Facilitating cooperation between stakeholders can accelerate a just energy transition, promote social cohesion, and support broader societal development."
              }
            }
          ]
        }
      }
    },
    {
      "template_id": "lesson_part_cover",
      "colorscheme": "dark",
      "content": {
        "id": "lesson_part_cover",
        "image": {
          "src": "https://ik.imagekit.io/seacademy/Photos/Module_5/M5_C3_L3_2.png",
          "caption": ""
        },
        "intro": "M5: Energy Governance for a Just Energy Transition | Chapter 3 | Lesson 3 | Part 1",
        "title": "Part 1: Key lessons on effective citizen engagement\n",
        "cta": null
      }
    },
    {
      "template_id": "text",
      "colorscheme": "light",
      "content": {
        "id": "text",
        "content": {
          "text_elements": [
            {
              "template_id": "paragraph_large",
              "content": {
                "text": "Effective civic engagement depends on institutional support through mutual understanding, awareness-building, and maximizing participation. Protecting and enhancing civic spaces is essential for fostering meaningful engagement. Collaborating with communities to develop appropriate norms, practices, strategies, and actions ensures a just energy transition that benefits everyone. \n\nDrawing on UNDP's experience with citizen engagement in Latin America and the Caribbean, four key lessons on effective citizen engagement emerge:"
              }
            }
          ]
        }
      }
    },
    {
      "template_id": "photo-vertical",
      "colorscheme": "dark",
      "content": {
        "id": "photo-vertical",
        "image": {}
      }
    },
    {
      "template_id": "photo-full-height",
      "colorscheme": "dark",
      "content": {
        "id": "photo-full-height",
        "image": {
          "imageUrl": "https://ik.imagekit.io/seacademy/Photos/Module_5/M5_C3_L3_4.png"
        }
      }
    },
    {
      "template_id": "text",
      "colorscheme": "light",
      "content": {
        "id": "text",
        "content": {
          "text_elements": [
            {
              "template_id": "paragraph_large",
              "content": {
                "text": "Civil Society actors are diverse entities, and their heterogeneity should be acknowledged. They ought to be perceived not merely as stakeholders but as influential partners throughout the energy transition process. \n\nEngaging them ensures that a broad spectrum of society is represented at every stage: from problem diagnosis to solution identification, implementation, and monitoring. \"Civil society\" encompasses a wide range of groups, including local communities, women, youth, indigenous peoples, marginalized consumers, environmental organizations, faith-based groups, and more."
              }
            }
          ]
        }
      }
    },
    {
      "template_id": "text",
      "colorscheme": "light",
      "content": {
        "id": "text",
        "content": {
          "text_elements": [
            {
              "template_id": "paragraph_large",
              "content": {
                "text": "The following section offers guidelines on engaging with four key actors of civil society: local communities, women's groups, youth, and indigenous communities.\n\nIt is also important to note that local groups can often disagree with one another. To manage disagreements among local groups, several approaches can be considered. Establishing formal conflict resolution mechanisms, ensuring inclusive representation of diverse voices, employing consensus-building techniques, and implementing adaptive management strategies can help navigate conflicts."
              }
            }
          ]
        }
      }
    },
    {
      "template_id": "lesson_part_cover",
      "colorscheme": "dark",
      "content": {
        "id": "lesson_part_cover",
        "image": {
          "src": "https://ik.imagekit.io/seacademy/Photos/Module_5/M5_C3_L3_5.png",
          "caption": ""
        },
        "intro": "M5: Energy Governance for a Just Energy Transition | Chapter 3 | Lesson 3 | Part 2",
        "title": "Part 2: Key Forms of Civic Engagement in Energy Governance\n\n ",
        "cta": null
      }
    },
    {
      "template_id": "lesson_subpart_cover",
      "colorscheme": "dark",
      "content": {
        "id": "lesson_subpart_cover",
        "image": {
          "src": "https://ik.imagekit.io/seacademy/Photos/Module_5/M5_C3_L3_6.png",
          "caption": ""
        },
        "intro": "M5: Energy Governance for a Just Energy Transition | Chapter 3 | Lesson 3 | Part 2 | A",
        "title": "A. Local Communities  ",
        "cta": null
      }
    },
    {
      "template_id": "text",
      "colorscheme": "light",
      "content": {
        "id": "text",
        "content": {
          "text_elements": [
            {
              "template_id": "paragraph_large",
              "content": {
                "text": "Engaging local communities in sustainable energy policies and projects plays a crucial role in strengthening energy governance and supporting the transition to a sustainable energy future. \nLocal communities possess valuable context-specific knowledge, which can improve decision-making and contribute to more effective energy solutions.\nIt\u2019s important to note that community le often include members of specific groups such as women, co young people, and Indigenous peoples\u2014each of whom brings unique perspectives and priorities. These groups are discussed in greater detail in the following slides. Involving them helps ensure representation of marginalized voices, enhances acceptance of renewable energy projects, fosters social cohesion through collaborative efforts, and generates economic opportunities, including local employment and reduced energy costs."
              }
            }
          ]
        }
      }
    },
    {
      "template_id": "lesson_subpart_cover",
      "colorscheme": "dark",
      "content": {
        "id": "lesson_subpart_cover",
        "image": {
          "src": "https://ik.imagekit.io/seacademy/Photos/Module_5/M5_C3_L3_7.png",
          "caption": ""
        },
        "intro": "M5: Energy Governance for a Just Energy Transition | Chapter 3 | Lesson 3 | Part 2 | B",
        "title": "B. Women ",
        "cta": null
      }
    },
    {
      "template_id": "text",
      "colorscheme": "light",
      "content": {
        "id": "text",
        "content": {
          "text_elements": [
            {
              "template_id": "paragraph_large",
              "content": {
                "text": "Empowering women through both increased access to sustainable energy and greater leadership opportunities is a crucial pillar of energy governance.\nTo create gender-responsive energy policies, decision-makers and key stakeholders should follow a set of guiding principles."
              }
            }
          ]
        }
      }
    },
    {
      "template_id": "text",
      "colorscheme": "light",
      "content": {
        "id": "text",
        "content": {
          "text_elements": [
            {
              "template_id": "paragraph_large",
              "content": {
                "text": "1. Build awareness of different energy needs of men and women. Energy planning that is implemented in a gender-neutral way misses important issues and inadvertently discriminates, usually against women. For example, a policy to promote the use of electricity by small enterprises may neglect the fact that many of women\u2019s income-generating activities use process heat (such as for food preparation and processing, beer brewing, and pottery making), for which electricity may not be the cheapest option.\n2. Promote a gender-mainstreaming approach. An engendered energy policy would recognise that women and men have different energy needs due to their differing household roles, responses to crises, and coping mechanisms and would offer energy technologies and services that match those needs."
              }
            }
          ]
        }
      }
    },
    {
      "template_id": "text",
      "colorscheme": "light",
      "content": {
        "id": "text",
        "content": {
          "text_elements": [
            {
              "template_id": "paragraph_large",
              "content": {
                "text": "3. Increase women\u2019s participation in the energy sector. An engendered energy policy involves more than the creation of a gender-sensitive set of energy-related goals. The actual process of policy formulation and implementation needs to be engendered. Increased participation of women in the energy sector and improvement of their status relative to men can help to incorporate gender as an integral part of energy policies and practices.\n4. Collect and use disaggregated data. In each step of the policy process, policymakers should specifically address how their decisions will differently impact various population subgroups. This requires use of data sets disaggregated by sex and other social and economic variables to determine who is using what forms of energy to do what."
              }
            }
          ]
        }
      }
    },
    {
      "template_id": "text",
      "colorscheme": "light",
      "content": {
        "id": "text",
        "content": {
          "text_elements": [
            {
              "template_id": "paragraph_large",
              "content": {
                "text": "5. Introduce gender budgeting. Public expenditures on social services and infrastructures are often allocated on a gender-neutral basis. However, budgetary allocations have the power to transform gender inequalities. One approach to ensuring that the needs of women as well as men are met is for government budgets to be gender disaggregated. Gender budgeting is a tool that can be used to break down and identify the differentiated impacts of public revenue allocations and expenditures as they affect men and women.\n6. Define the elements of gender-sensitive energy policies and advocate for gender-sensitivity in the energy policy-making processes. Like any sectoral policy, energy policy has a multidimensional character: it contains political, economic, environmental, and social elements. Each of these elements has a gender dimension. The four general aspects of energy policy listed above need to be correlated with three issues that lie at the heart of women\u2019s energy needs: availability, affordability, and safety. There are a number of different, sometimes overlapping, rationales for incorporating gender sensitivity into energy policies, and different stakeholders may be more or less responsive to different arguments and viewpoints."
              }
            }
          ]
        }
      }
    },
    {
      "template_id": "lesson_subpart_cover",
      "colorscheme": "dark",
      "content": {
        "id": "lesson_subpart_cover",
        "image": {
          "src": "https://ik.imagekit.io/seacademy/Photos/Module_5/M5_C3_L3_8.png",
          "caption": ""
        },
        "intro": "M5: Energy Governance for a Just Energy Transition | Chapter 3 | Lesson 3 | Part 2 | C",
        "title": "C. ",
        "cta": null
      }
    },
    {
      "template_id": "text",
      "colorscheme": "light",
      "content": {
        "id": "text",
        "content": {
          "text_elements": [
            {
              "template_id": "paragraph_large",
              "content": {
                "text": "Meaningful youth engagement refers to the active, informed, and institutionalized participation of young people in decision-making processes. This means that youth are not just consulted but are given a structured role in shaping policies, holding decision-makers accountable, and co-creating solutions. In the context of energy governance, meaningful youth engagement ensures that young people influence the design, implementation, and evaluation of energy policies, promoting sustainability, equity, and climate resilience.\n\nThe UN Secretary-General\u2019s Our Common Agenda Policy Brief 3 on Meaningful Youth Engagement outlines guiding principles to ensure that youth are actively involved in policymaking and decision-making processes. These principles can be adapted to the energy sector to foster inclusive and impactful youth participation in energy governance."
              }
            }
          ]
        }
      }
    },
    {
      "template_id": "text",
      "colorscheme": "light",
      "content": {
        "id": "text",
        "content": {
          "text_elements": [
            {
              "template_id": "paragraph_large",
              "content": {
                "text": "1.\tRights-Based and Safe Participation\nCreating environments where youth can engage in energy policy discussions without barriers or risks encourages broader and more diverse participation.\n\t2.\tInstitutionally Mandated Engagement\nFormalizing youth involvement within energy governance structures can help ensure that young voices are consistently heard in policy discussions and decision-making processes.\n\t3.\tDesignated and Structured Roles\nEstablishing clear roles for youth in energy councils, advisory boards, or community energy projects can enhance the depth and continuity of their engagement."
              }
            }
          ]
        }
      }
    },
    {
      "template_id": "text",
      "colorscheme": "light",
      "content": {
        "id": "text",
        "content": {
          "text_elements": [
            {
              "template_id": "paragraph_large",
              "content": {
                "text": "4.\tResources and Support\nProviding access to funding, technical support, and mentorship can enable youth-led energy initiatives to develop and scale innovative solutions.\n\t5.\tTransparency and Accountability\n\tOpen communication about how youth input is used in energy policies can help build trust and encourage ongoing engagement.\n\t6.\tAccessible and Inclusive Participation\n\tAddressing barriers such as technical complexity, digital access, and language differences can make it easier for more young people to contribute meaningfully."
              }
            }
          ]
        }
      }
    },
    {
      "template_id": "text",
      "colorscheme": "light",
      "content": {
        "id": "text",
        "content": {
          "text_elements": [
            {
              "template_id": "paragraph_large",
              "content": {
                "text": "7.\tVoluntary and Authentic Engagement\nEnsuring that youth engagement is not just symbolic but involves meaningful opportunities to contribute to energy governance can lead to more effective collaboration.\n8.\tCapacity-Building and Knowledge Sharing\nProviding learning opportunities in energy policy, markets, and technology can equip young people with the tools to participate effectively.\n9.\tReciprocal Accountability\nMechanisms that allow youth to see how their input has influenced energy policies can foster long-term engagement and trust."
              }
            }
          ]
        }
      }
    },
    {
      "template_id": "text",
      "colorscheme": "light",
      "content": {
        "id": "text",
        "content": {
          "text_elements": [
            {
              "template_id": "paragraph_large",
              "content": {
                "text": "10.\tDiversity and Inclusion\nEngaging young people from diverse backgrounds, including those in vulnerable or energy-poor communities, can ensure that policies reflect a broad range of perspectives and needs.\n11.\tYouth as Partners in Energy Governance\nEncouraging collaboration between youth, policymakers, and industry stakeholders can lead to co-created solutions for a just and sustainable energy transition."
              }
            }
          ]
        }
      }
    },
    {
      "template_id": "lesson_subpart_cover",
      "colorscheme": "dark",
      "content": {
        "id": "lesson_subpart_cover",
        "image": {
          "src": "https://ik.imagekit.io/seacademy/Photos/Module_5/M5_C3_L3_9.png",
          "caption": ""
        },
        "intro": "M5: Energy Governance for a Just Energy Transition | Chapter 3 | Lesson 3 | Part 2 | D",
        "title": "D. Indigenous communities And People",
        "cta": null
      }
    },
    {
      "template_id": "text",
      "colorscheme": "light",
      "content": {
        "id": "text",
        "content": {
          "text_elements": [
            {
              "template_id": "paragraph_large",
              "content": {
                "text": "Inclusivity of Indigenous Peoples in policy development is also essential to address their specific needs, as seen in Latin America and elsewhere, where they face energy poverty at disproportionate levels. Engaging indigenous communities in energy governance ensures that decisions are open, democratic and respect the human rights of all communities, while making good use of indigenous knowledge and civic participation in the decision-making process. \nCreating an enabling environment for the inclusion of indigenous communities in energy policy must follow a set of principal actions:\nPolicy advocacy to incorporate issues relevant to indigenous people in all levels of policymaking, through building capacities and partnerships with indigenous peoples and organizations.\nTransparent and participatory processes in energy policymaking, aimed at inclusion and empowerment.\nFocus on action-oriented research that involves the relevant constituencies, policy reform, information, coordination and direct involvement of indigenous peoples, through a valorization and protection of indigenous knowledge.\nCapacity-building of indigenous peoples and organizations to build their institutions at the local level, and support and strengthen indigenous networks, at local, national and international levels."
              }
            }
          ]
        }
      }
    },
    {
      "template_id": "lesson_part_cover",
      "colorscheme": "dark",
      "content": {
        "id": "lesson_part_cover",
        "image": {
          "src": "https://ik.imagekit.io/seacademy/Photos/Module_5/M5_C3_L3_10.png",
          "caption": ""
        },
        "intro": "M5: Energy Governance for a Just Energy Transition | Chapter 3 | Lesson 3 | Part 3",
        "title": "Part 3:\nKey actions for civic engagement and empowerment in energy governance\n ",
        "cta": null
      }
    },
    {
      "template_id": "text",
      "colorscheme": "light",
      "content": {
        "id": "text",
        "content": {
          "text_elements": [
            {
              "template_id": "paragraph_large",
              "content": {
                "text": "Ensure that problem analysis, planning, and budgeting processes in energy governance actively involve public participation, community-driven initiatives, and strategic communication to enhance transparency, inclusivity, and accountability.\nRecognize and support the vital role of the media in informing and fostering public discourse to enhance transparency and accountability, which is contingent on a free and open civic space and an independent media landscape.\nPromote understanding of substantive issues related to the governance of energy systems as well as awareness of rights, roles, responsibilities and entitlements of people and communities in the energy transition process.\nBuild trust by establishing conflict-sensitive mechanisms to understand and respond to needs, priorities, and preferences of people and communities \u2014 especially the disadvantaged and the vulnerable groups of our society.\nCreate appropriate platforms to enable meaningful public input into the definition and implementation of energy policy, including mechanisms aimed at promoting transparency and accountability among both public and private actors.\nEnsure the adequate protection of civil society actors, particularly human rights defenders, as well as journalists and other media personnel that are engaging in energy policy, including those expressing positions of dissent.\nIncorporate intergenerational dialogues and safe spaces of inclusion where people can be free to express their views and insights without fear of persecution or judgement"
              }
            }
          ]
        }
      }
    },
    {
      "template_id": "key_takeaways",
      "colorscheme": "dark",
      "content": {
        "id": "key_takeaways",
        "title": "Learning Objectives",
        "intro": "If you only have space to remember 3 things:",
        "cards": [
          {
            "image": {
              "src": "M5_C3_L3_11",
              "caption": "image caption",
              "url": null
            },
            "title": "Civic engagement enhances transparency, accountability, and inclusivity in energy governance. By involving citizens, communities, and civil society organizations in decision-making processes, energy policies become more democratic, reflecting diverse needs and preventing corporate dominance or opaque policymaking",
            "description": ""
          },
          {
            "image": {
              "src": "M5_C3_L3_12",
              "caption": "image caption",
              "url": null
            },
            "title": "Energy democracy and community-driven initiatives empower people to take ownership of the energy transition. Through energy cooperatives, citizen advisory boards, and participatory budgeting, communities can directly shape local energy solutions, fostering innovation, improving efficiency, and increasing public acceptance of renewable energy projects.",
            "description": ""
          },
          {
            "image": {
              "src": "M5_C3_L3_13",
              "caption": "image caption",
              "url": null
            },
            "title": "Stronger community participation leads to more effective and widely accepted energy policies. Energy projects that actively involve local communities face fewer social resistance challenges, gain higher public trust, and result in more sustainable and locally adapted solutions, ensuring smoother implementation and long-term success.",
            "description": ""
          }
        ]
      }
    }
  ]
}