{
  "id": "5.4.3",
  "segments": [
    {
      "template_id": "lesson_cover",
      "colorscheme": "dark",
      "content": {
        "image": {
          "src": "https://ik.imagekit.io/seacademy/Photos/Module_5/M5_C4_L3_1.png",
          "caption": ""
        },
        "intro": {
          "label": "Lesson",
          "number": "3"
        },
        "title": "Agile oversight in Energy Governance",
        "cta": null
      }
    },
    {
      "template_id": "text",
      "colorscheme": "light",
      "content": {
        "text_elements": [
          {
            "template_id": "subtitle",
            "content": {
              "text": "Lesson 3 Overview"
            }
          },
          {
            "template_id": "paragraph_large",
            "content": {
              "text": "Ensuring effective and responsive oversight is critical to maintaining transparency, accountability, and equity in this transition. Agile oversight goes beyond traditional regulatory approaches as it involves flexibility, responsiveness, and iterative learning. This chapter explores how oversight organizations can support the energy transition by aligning with international best practices, integrating innovative tools, and fostering collaboration. Equipping policymakers, regulators, and stakeholders with the knowledge and resources to design agile oversight systems is crucial to foster a just energy transition."
            }
          }
        ]
      }
    },
    {
      "template_id": "lesson_part_cover",
      "colorscheme": "dark",
      "content": {
        "image": {
          "src": "https://ik.imagekit.io/seacademy/Photos/Module_5/M5_C4_L3_2.png",
          "caption": ""
        },
        "intro": "M5: Energy Governance for a Just Energy Transition | Chapter 4 | Lesson 3 | Part 1",
        "title": "Part 1: Agile Oversight",
        "cta": null
      }
    },
    {
      "template_id": "lesson_subpart_cover",
      "colorscheme": "dark",
      "content": {
        "image": {
          "src": "https://ik.imagekit.io/seacademy/Photos/Module_5/M5_C4_L3_3.png",
          "caption": ""
        },
        "intro": "M5: Energy Governance for a Just Energy Transition | Chapter 4 | Lesson 3 | Part 1 | A",
        "title": "A. Defining Agile Overshigh",
        "cta": null
      }
    },
    {
      "template_id": "text",
      "colorscheme": "light",
      "content": {
        "text_elements": [
          {
            "template_id": "paragraph_large",
            "content": {
              "text": "Agile oversight is a flexible and responsive approach, allowing for quick adjustments to energy policies and projects in the face of changing market conditions, technological advancements, or emerging challenges. It enables real-time monitoring and decision-making, ensuring that energy governance remains adaptive and capable of addressing urgent issues such as energy transitions, resource allocation, and market fluctuations."
            }
          }
        ]
      }
    },
    {
      "template_id": "lesson_subpart_cover",
      "colorscheme": "dark",
      "content": {
        "image": {
          "src": "https://ik.imagekit.io/seacademy/Photos/Module_5/M5_C4_L3_4.png",
          "caption": ""
        },
        "intro": "M5: Energy Governance for a Just Energy Transition | Chapter 4 | Lesson 3 | Part 1 | B",
        "title": "B. Key Features of Agile Oversight",
        "cta": null
      }
    },
    {
      "template_id": "text",
      "colorscheme": "light",
      "content": {
        "text_elements": [
          {
            "template_id": "paragraph_large",
            "content": {
              "text": "1. Speed & Responsiveness: Prioritizes rapid identification and reporting of issues requiring immediate action. 2. Flexibility Adapts oversight processes to evolving circumstances, particularly useful in crises. 3. Complementary to Traditional Oversight – Works alongside audits and evaluations, enhancing efficiency. 4. Emphasis on Continuous Monitoring Ensures iterative improvements rather than relying on infrequent, large-scale reviews. 5. Improved Stakeholder Communication Encourages faster, clearer reporting to decision-makers."
            }
          }
        ]
      }
    },
    {
      "template_id": "lesson_subpart_cover",
      "colorscheme": "dark",
      "content": {
        "image": {
          "src": "https://ik.imagekit.io/seacademy/Photos/Module_5/M5_C4_L3_5.png",
          "caption": ""
        },
        "intro": "M5: Energy Governance for a Just Energy Transition | Chapter 4 | Lesson 3 | Part 1 | C",
        "title": "C. When To Use Agile Oversight",
        "cta": null
      }
    },
    {
      "template_id": "photo-vertical",
      "colorscheme": "dark",
      "content": {
        "image": {}
      }
    },
    {
      "template_id": "lesson_part_cover",
      "colorscheme": "dark",
      "content": {
        "image": {
          "src": "https://ik.imagekit.io/seacademy/Photos/Module_5/M5_C4_L3_6.png",
          "caption": ""
        },
        "intro": "M5: Energy Governance for a Just Energy Transition | Chapter 4 | Lesson 3 | Part 2",
        "title": "Part 2: Implementing agile regulatory oversight in the energy sector?",
        "cta": null
      }
    },
    {
      "template_id": "lesson_part_cover",
      "colorscheme": "dark",
      "content": {
        "image": {
          "src": "https://ik.imagekit.io/seacademy/Photos/Module_5/M5_C4_L3_6.png",
          "caption": ""
        },
        "intro": "M5: Energy Governance for a Just Energy Transition | Chapter 4 | Lesson 3 | Part 2",
        "title": "Part 2: Implementing agile regulatory oversight in the energy sector?",
        "cta": null
      }
    },
    {
      "template_id": "text",
      "colorscheme": "light",
      "content": {
        "text_elements": [
          {
            "template_id": "paragraph_large",
            "content": {
              "text": "Developing more adaptive, iterative, and flexible assessment cycles while capitalizing on technological solutions to improve the quality of evidence. The traditional “regulate and forget” mindset must give way to “adapt-and-learn” approaches. The capability to detect and understand innovations and their potential impact on existing regulations, or, more important, the public values that are at stake, is key. Addressing any “pacing problem” requires shortening timeframes throughout the policymaking process and using regulatory management tools in a more dynamic, adaptive, and iterative manner. Putting in place mechanisms for public and stakeholder engagement, including citizens and small innovative enterprises, from an early stage and throughout the policy cycle to enhance transparency, build trust and capitalize on various sources of expertise. Considering the international innovation ecosystem to draw on the most relevant evidence and regulatory approaches, as the most transformative innovations cut across jurisdictional boundaries and, therefore, will inevitably face several jurisdictions concurrently"
            }
          }
        ]
      }
    },
    {
      "template_id": "text",
      "colorscheme": "light",
      "content": {
        "text_elements": [
          {
            "template_id": "paragraph_large",
            "content": {
              "text": "Strengthening regulatory co-operation across policy-making departments and regulatory agencies as well as between national and sub-national levels of government, thus promoting a whole-of-government approach.Stepping up bilateral, regional, and multilateral regulatory co-operation to address the transboundary policy implications of innovation. Adapting governance frameworks and regulatory approaches so that they are forward-looking. Developing more outcome-focused regulatory approaches to enable innovation to thrive by harnessing the opportunities offered by digital technologies and (big) data."
            }
          }
        ]
      }
    },
    {
      "template_id": "text",
      "colorscheme": "light",
      "content": {
        "text_elements": [
          {
            "template_id": "paragraph_large",
            "content": {
              "text": "Harnessing the opportunities provided by non-legally binding approaches either as an alternative or as a complement to other regulatory instruments. Non-binding standards, by being easier to adopt and offering more flexibility in implementation, can help address the regulatory challenges raised by innovation. Enabling greater experimentation, testing, and trialling to stimulate innovation under regulatory supervision. Given the speed, breadth and uncertainty characterising innovation, creating space for experimentation to support innovation while also fostering policy learning and adaptation is essential. Adapting regulatory enforcement strategies and activities to promote compliance, help innovators navigate the regulatory environment and uphold public protection, including across jurisdictions."
            }
          }
        ]
      }
    },
    {
      "template_id": "key_takeaways",
      "colorscheme": "dark",
      "content": {
        "title": "Learning Objectives",
        "intro": "If you only have space to remember 3 things:",
        "cards": [
          {
            "image": {
              "src": "https://ik.imagekit.io/seacademy/Photos/Module_5/M5_C4_L3_7.png",
              "caption": "image caption",
              "url": null
            },
            "title": "Agile oversight improves governance by enabling real-time monitoring, rapid response, and continuous adaptation. Unlike traditional regulatory approaches, it prioritizes flexibility and responsiveness, allowing energy policies and projects to evolve in line with changing market conditions, technological advancements, and emerging challenges.",
            "description": ""
          },
          {
            "image": {
              "src": "https://ik.imagekit.io/seacademy/Photos/Module_5/M5_C4_L3_8.png",
              "caption": "image caption",
              "url": null
            },
            "title": "Agile oversight complements traditional oversight mechanisms by integrating continuous monitoring and stakeholder communication. Instead of relying on periodic audits and large-scale reviews, agile oversight ensures that oversight bodies receive timely updates, facilitating faster decision-making, improving transparency, and strengthening accountability in energy governance.",
            "description": ""
          },
          {
            "image": {
              "src": "https://ik.imagekit.io/seacademy/Photos/Module_5/M5_C4_L3_9.png",
              "caption": "image caption",
              "url": null
            },
            "title": "Leveraging technology and cross-sector collaboration enhances the effectiveness of agile oversight. Digital tools like AIDA (Artificial Intelligence for Development Analytics) support real-time data analysis, while regulatory cooperation across different governance levels ensures that policies remain adaptive, inclusive, and aligned with long-term sustainability goals.",
            "description": ""
          }
        ]
      }
    },
    {
      "template_id": "connection_next",
      "colorscheme": "dark",
      "content": {
        "image": {
          "src": "https://ik.imagekit.io/seacademy/Photos/Module_5/M5_C4_L3_10.png",
          "caption": ""
        },
        "intro": "Next up",
        "title": "Lesson 4: Civic Engagements And Its Role in Energy Governance",
        "nextLessonId": "5.4.-1",
        "cta": "Back"
      }
    }
  ]
}