{
  "id": "5.4.2",
  "segments": [
    {
      "template_id": "lesson_cover",
      "colorscheme": "dark",
      "content": {
        "image": {
          "src": "https://ik.imagekit.io/seacademy/Photos/Module_5/M5_C4_L2_1.png",
          "caption": ""
        },
        "intro": {
          "label": "Lesson",
          "number": "2"
        },
        "title": "Effective And Independent Oversight",
        "cta": null
      }
    },
    {
      "template_id": "text",
      "colorscheme": "light",
      "content": {
        "text_elements": [
          {
            "template_id": "subtitle",
            "content": {
              "text": "Lesson 2 Overview"
            }
          },
          {
            "template_id": "paragraph_large",
            "content": {
              "text": "Effective oversight is a cornerstone of strong energy governance, ensuring transparency, accountability, and integrity in policy implementation. By incorporating both internal self-monitoring mechanisms and external independent audits, oversight frameworks help prevent fraud, improve efficiency, and enforce compliance. A well-structured oversight system strengthens public trust, enhances regulatory effectiveness, and ensures that energy policies contribute to a just and sustainable transition."
            }
          }
        ]
      }
    },
    {
      "template_id": "lesson_part_cover",
      "colorscheme": "dark",
      "content": {
        "image": {
          "src": "https://ik.imagekit.io/seacademy/Photos/Module_5/M5_C4_L2_2.png",
          "caption": ""
        },
        "intro": "M5: Energy Governance for a Just Energy Transition | Chapter 4 | Lesson 2 | Part 1",
        "title": "Part 1: Defining An Effective And Independent Oversight in Energy Governance",
        "cta": null
      }
    },
    {
      "template_id": "text",
      "colorscheme": "light",
      "content": {
        "text_elements": [
          {
            "template_id": "paragraph_large",
            "content": {
              "text": "In energy governance refers to the systematic monitoring and evaluation of energy policies, projects, and systems to ensure they align with established objectives, regulations, and standards. It ensures transparency, accountability, and compliance, while addressing key issues such as access, affordability, and sustainability in the energy sector. Effective oversight helps identify risks, improve decision-making, and enhance the long-term outcomes of energy initiatives. Beyond creating specific mechanisms to establish and strengthen public accountability, oversight can foster learning through evaluation and highlighting bad and good practices. Oversight can take various forms—both internal and external—each serving different purposes and involving different actors."
            }
          }
        ]
      }
    },
    {
      "template_id": "lesson_subpart_cover",
      "colorscheme": "dark",
      "content": {
        "image": {
          "src": "https://ik.imagekit.io/seacademy/Photos/Module_5/M5_C4_L2_3.png",
          "caption": ""
        },
        "intro": "M5: Energy Governance for a Just Energy Transition | Chapter 4 | Lesson 2 | Part 1 | A",
        "title": "A. Internal Oversight",
        "cta": null
      }
    },
    {
      "template_id": "text",
      "colorscheme": "light",
      "content": {
        "text_elements": [
          {
            "template_id": "paragraph_large",
            "content": {
              "text": "Internal Oversight occurs within the energy governance structure itself. Agencies and organizations are responsible for monitoring their own activities to ensure compliance with policies and regulations. For example, energy agencies may have internal units or \"inspectors general\" who perform independent reviews within the agency, ensuring that internal procedures are being followed, resources are properly allocated, and performance is on track. This helps maintain operational efficiency and fosters accountability within the organization. Internal oversight can also include mechanisms that encourage self-reporting of violations or mistakes."
            }
          }
        ]
      }
    },
    {
      "template_id": "text",
      "colorscheme": "light",
      "content": {
        "text_elements": [
          {
            "template_id": "paragraph_large",
            "content": {
              "text": "Encouraging agencies to actively participate in oversight, rather than viewing it as an external enforcement exercise, can foster a culture of transparency and accountability. Rewards or incentives for self-reporting can motivate agencies and regulated entities to take ownership of their operations, facilitating more proactive and honest oversight."
            }
          }
        ]
      }
    },
    {
      "template_id": "photo-vertical",
      "colorscheme": "dark",
      "content": {
        "image": {}
      }
    },
    {
      "template_id": "lesson_subpart_cover",
      "colorscheme": "dark",
      "content": {
        "image": {
          "src": "https://ik.imagekit.io/seacademy/Photos/Module_5/M5_C4_L2_4.png",
          "caption": ""
        },
        "intro": "M5: Energy Governance for a Just Energy Transition | Chapter 4 | Lesson 2 | Part 1 | B",
        "title": "B. External Oversight",
        "cta": null
      }
    },
    {
      "template_id": "text",
      "colorscheme": "light",
      "content": {
        "text_elements": [
          {
            "template_id": "paragraph_large",
            "content": {
              "text": "This involves actors such as regulatory bodies, parliamentary committees, and independent watchdog organizations, each playing distinct roles in ensuring transparency and accountability in the energy sector. Regulatory oversight focuses on enforcing compliance with energy laws and standards. Regulatory authorities may monitor market behavior, set tariffs, ensure fair competition, and protect consumer rights. For example, an energy regulator might investigate market abuses or mandate service quality standards, using various tools—including audits—as part of its enforcement strategy. In parallel, external and independent audits serve as important instruments to verify financial and operational integrity. These audits, which may be conducted by independent bodies or mandated by regulators, assess whether energy companies are complying with legal and financial obligations. For instance, audits of distribution companies can uncover fraudulent practices such as “shadow employment” or misreporting of losses. While audits are sometimes initiated by regulators, they are distinct from regulatory powers and serve as a complementary accountability mechanism. Finally, parliamentary committees or civil society watchdogs may conduct additional oversight—examining whether energy policies are being implemented as intended, whether public funds are used efficiently, and whether reforms are delivering on equity and access goals."
            }
          }
        ]
      }
    },
    {
      "template_id": "photo-vertical",
      "colorscheme": "dark",
      "content": {
        "image": {}
      }
    },
    {
      "template_id": "lesson_part_cover",
      "colorscheme": "dark",
      "content": {
        "image": {
          "src": "https://ik.imagekit.io/seacademy/Photos/Module_5/M5_C4_L2_5.png",
          "caption": ""
        },
        "intro": "M5: Energy Governance for a Just Energy Transition | Chapter 4 | Lesson 2 | Part 2",
        "title": "Part 2: Purposes of An Effective Oversight",
        "cta": null
      }
    },
    {
      "template_id": "text",
      "colorscheme": "light",
      "content": {
        "text_elements": [
          {
            "template_id": "paragraph_large",
            "content": {
              "text": "The purpose of effective oversight can vary depending on the specific context: Ensuring Policy Implementation Oversight can ensure that energy policies are pursued efficiently and effectively, and that the resources allocated to energy projects are used appropriately. Preventing Fraud and Abuse Oversight mechanisms, particularly those involving external actors like law enforcement agencies or auditors, help detect and prevent corruption, fraud, or mismanagement in energy-related projects. Enforcing Accountability Effective oversight holds energy agencies and officials accountable for their actions, ensuring they answer for their decisions and face consequences for any illegal, inefficient, or unethical conduct."
            }
          }
        ]
      }
    },
    {
      "template_id": "text",
      "colorscheme": "light",
      "content": {
        "text_elements": [
          {
            "template_id": "paragraph_large",
            "content": {
              "text": "For oversight to be effective, it must be rooted in a well-established institutional framework that incorporates both answerability (the obligation to explain actions and provide transparency) and enforcement (taking action against violations). This framework requires clear roles for both internal mechanisms within the energy agencies and external bodies, ensuring a balanced, comprehensive approach to oversight that strengthens the integrity and efficiency of energy governance."
            }
          }
        ]
      }
    },
    {
      "template_id": "lesson_part_cover",
      "colorscheme": "dark",
      "content": {
        "image": {
          "src": "https://ik.imagekit.io/seacademy/Photos/Module_5/M5_C4_L2_6.png",
          "caption": ""
        },
        "intro": "M5: Energy Governance for a Just Energy Transition | Chapter 4 | Lesson 2 | Part 3",
        "title": "Part 3: Gender- responsive oversight in Energy Governance",
        "cta": null
      }
    },
    {
      "template_id": "text",
      "colorscheme": "light",
      "content": {
        "text_elements": [
          {
            "template_id": "paragraph_large",
            "content": {
              "text": "Gender Lens Oversight refers to integrating gender perspectives into monitoring and accountability processes to ensure that policies, programs, and decisions consider the different impacts on women, men, and marginalized groups. It aims to identify and address inequalities, promote gender equality, and foster inclusive development."
            }
          }
        ]
      }
    },
    {
      "template_id": "lesson_subpart_cover",
      "colorscheme": "dark",
      "content": {
        "image": {
          "src": "https://ik.imagekit.io/seacademy/Photos/Module_5/M5_C4_L2_7.png",
          "caption": ""
        },
        "intro": "M5: Energy Governance for a Just Energy Transition | Chapter 4 | Lesson 2 | Part 3 | A",
        "title": "A. Strategies For Gender-Inclusive Oversight",
        "cta": null
      }
    },
    {
      "template_id": "text",
      "colorscheme": "light",
      "content": {
        "text_elements": [
          {
            "template_id": "paragraph_large",
            "content": {
              "text": "1. Conduct gender analysis to assess how policies or programs affect different groups based on gender and intersecting factors like age, income, or ethnicity. 2. Build capacity by training oversight bodies on gender equality concepts and analysis tools. 3. Engage stakeholders, including women’s organizations and diverse social groups, in decision-making and review processes. To contribute effectively, these organizations require technical knowledge of the energy sector and the ability to engage with policymakers in relevant terms. 4. Establish metrics, such as gender-sensitive indicators to track progress and outcomes. 5. Ensure accountability through regular reporting on gender impacts and corrective actions when necessary."
            }
          }
        ]
      }
    },
    {
      "template_id": "lesson_subpart_cover",
      "colorscheme": "dark",
      "content": {
        "image": {
          "src": "https://ik.imagekit.io/seacademy/Photos/Module_5/M5_C4_L2_8.png",
          "caption": ""
        },
        "intro": "M5: Energy Governance for a Just Energy Transition | Chapter 4 | Lesson 2 | Part 3 | B",
        "title": "B. Gender- Audit",
        "cta": null
      }
    },
    {
      "template_id": "text",
      "colorscheme": "light",
      "content": {
        "text_elements": [
          {
            "template_id": "paragraph_large",
            "content": {
              "text": "Gender audits are tools used to assess the extent to which gender equality is integrated into an organization’s policies, programs, and operations. They identify gaps, strengths, and opportunities to improve gender mainstreaming and ensure that institutions or initiatives are more inclusive and equitable. Gender audits typically evaluate institutional culture, decision-making processes, resource allocation, and the implementation of gender-related policies. Gender audits propose a more participatory approach, encouraging input from all levels of an organization to foster a collective commitment to gender equality."
            }
          }
        ]
      }
    },
    {
      "template_id": "text",
      "colorscheme": "light",
      "content": {
        "text_elements": [
          {
            "template_id": "paragraph_large",
            "content": {
              "text": "This tool has evolved from being an approach to an institution’s internal evaluation of how gender equality issues were addressed in its programming to adding an external evaluation of the organization’s policies, programs and activities. In other words, it is a tool to analyze the factors that may hinder gender mainstreaming efforts in policies and in the institutions that carry out these policies."
            }
          }
        ]
      }
    },
    {
      "template_id": "photo-vertical",
      "colorscheme": "dark",
      "content": {
        "image": {}
      }
    },
    {
      "template_id": "photo-full-height",
      "colorscheme": "dark",
      "content": {
        "image": {
          "imageUrl": "https://ik.imagekit.io/seacademy/Photos/Module_5/M5_C4_L2_9.png"
        }
      }
    },
    {
      "template_id": "text",
      "colorscheme": "light",
      "content": {
        "text_elements": [
          {
            "template_id": "subtitle",
            "content": {
              "text": "UNDP Gender Equality Seal for Public Institutions"
            }
          },
          {
            "template_id": "paragraph_large",
            "content": {
              "text": "The UNDP Gender Equality Seal for Public Institutions offers a framework to support and recognize public institutions that advance gender equality and women’s empowerment through a structured, voluntary certification process. Its methodology, grounded in international benchmarks, aligns well with energy transition governance, offering tools to integrate gender-responsive practices into policies and operations. The process begins with a self-assessment to identify gender gaps, followed by an implementation plan and external evaluation for certification at bronze, silver, or gold levels."
            }
          }
        ]
      }
    },
    {
      "template_id": "photo-vertical",
      "colorscheme": "dark",
      "content": {
        "image": {}
      }
    },
    {
      "template_id": "text",
      "colorscheme": "light",
      "content": {
        "text_elements": [
          {
            "template_id": "paragraph_large",
            "content": {
              "text": "The Seal’s five dimensions guide institutions to: 1. Planning and management for gender equality Reviews the public policy cycle to ensure a gender perspective throughout the design, formulation, monitoring and evaluation phases, including analysis of human and financial resources and sex-disaggregated information systems, in the context of the 2030 Agenda. 2. Gender equality architecture and capacities Examines organizational structures and horizontal and vertical coordination mechanisms, gender expertise and learning processes, leadership, external communications and knowledge management. 3. Work environments to enable gender equality Analyzes and improves women's participation and access to decision-making positions, facilitating work-life balance for all and preventing gender-based violence, sexual harassment and discrimination."
            }
          }
        ]
      }
    },
    {
      "template_id": "text",
      "colorscheme": "light",
      "content": {
        "text_elements": [
          {
            "template_id": "paragraph_large",
            "content": {
              "text": "4. Participation, partnerships and accountability Sets the scope for improving inter-institutional coordination and partnerships with external organizations and citizen participation for gender equality in the policy cycle and accountability mechanisms. 5. Results and impact of public policies Allows the public institution to showcase its efforts and results towards advancing gender equality and women's empowerment in its area of competence."
            }
          }
        ]
      }
    },
    {
      "template_id": "photo-full-height",
      "colorscheme": "dark",
      "content": {
        "image": {
          "imageUrl": "https://ik.imagekit.io/seacademy/Photos/Module_5/M5_C4_L2_11.png"
        }
      }
    },
    {
      "template_id": "text",
      "colorscheme": "light",
      "content": {
        "text_elements": [
          {
            "template_id": "subtitle",
            "content": {
              "text": "ENERGIA Gender Audit"
            }
          },
          {
            "template_id": "paragraph_large",
            "content": {
              "text": "ENERGIA, the International Network on Gender and Sustainable Energy, is recognized globally as a thought leader and a powerful voice in advancing global and national agendas for a more gender-inclusive energy sector. ENERGIA developed a gender audit methodology tailored to the energy sector, emphasizing early involvement of Ministries of Energy to foster ownership and increase the likelihood of implementing gender-responsive energy policies. The methodology analyzes areas such as energy planning, budgets, institutional capacity for gender mainstreaming, and the integration of gender into energy and broader national development objectives. The audits identify critical gender gaps in policy formulation and implementation, examining how gender issues are addressed by institutions and policies Key steps include data collection (desk reviews, interviews, and focus group discussions), which inform a roadmap to enhance gender capacity, assess energy policies, and develop a gender action plan (GAP). A participatory validation workshop finalizes the process, setting specific targets and timeframes for gender integration and securing the Ministry’s commitment to the findings."
            }
          }
        ]
      }
    },
    {
      "template_id": "key_takeaways",
      "colorscheme": "dark",
      "content": {
        "title": "Learning Objectives",
        "intro": "If you only have space to remember 3 things:",
        "cards": [
          {
            "image": {
              "src": "https://ik.imagekit.io/seacademy/Photos/Module_5/M5_C4_L2_12.png",
              "caption": "image caption",
              "url": null
            },
            "title": "Effective oversight in energy governance requires both internal and external mechanisms to ensure transparency and accountability. Internal oversight encourages agencies to self-monitor and report issues, while external oversight—through regulatory bodies, parliamentary committees, and independent audits—provides checks and balances to prevent fraud and inefficiency.",
            "description": ""
          },
          {
            "image": {
              "src": "https://ik.imagekit.io/seacademy/Photos/Module_5/M5_C4_L2_13.png",
              "caption": "image caption",
              "url": null
            },
            "title": "Independent audits and regulatory scrutiny strengthen energy governance by detecting mismanagement, fraud, and inefficiencies. Transparent and well-conducted audits, such as those reviewing energy distribution companies, play a crucial role in uncovering corrupt practices and improving operational integrity.",
            "description": ""
          },
          {
            "image": {
              "src": "https://ik.imagekit.io/seacademy/Photos/Module_5/M5_C4_L2_14.png",
              "caption": "image caption",
              "url": null
            },
            "title": "Gender-sensitive oversight ensures that energy policies and programs address the diverse needs of women, men, and marginalized groups. Conducting gender audits, using sex-disaggregated data, and integrating gender-sensitive indicators help identify inequalities and promote inclusive policy solutions in the energy transition.",
            "description": ""
          }
        ]
      }
    },
    {
      "template_id": "connection_next",
      "colorscheme": "dark",
      "content": {
        "image": {
          "src": "https://ik.imagekit.io/seacademy/Photos/Module_5/M5_C4_L2_15.png",
          "caption": ""
        },
        "intro": "Next up",
        "title": "Lesson 3: Agile oversight in Energy Governance",
        "nextLessonId": "5.4.3",
        "cta": "Back"
      }
    }
  ]
}