{
  "id": "5.4.4",
  "segments": [
    {
      "template_id": "lesson_cover",
      "colorscheme": "dark",
      "content": {
        "id": "lesson_cover",
        "image": {
          "src": "https://ik.imagekit.io/seacademy/Photos/Module_5/M5_C4_L4_1.png",
          "caption": ""
        },
        "intro": {
          "label": "Lesson",
          "number": "4"
        },
        "title": "Case Study: Governance Framework for Just Energy Transitions in Nigeria",
        "cta": null
      }
    },
    {
      "template_id": "text",
      "colorscheme": "light",
      "content": {
        "id": "text",
        "content": {
          "text_elements": [
            {
              "template_id": "paragraph_large",
              "content": {
                "text": "However, governance gaps have emerged in the implementation of this plan, including:\nFragmented leadership and weak institutional coordination, with ministries and agencies working in silos;\nConflicting policies that undermine long-term transition goals;\nLimited public participation and transparency, with minimal influence from local communities, civil society, and marginalized groups;\nWeak regulatory oversight, allowing vested economic and political interests to shape energy decisions with limited accountability.\nTo understand these challenges more systematically, the UNDP applied a conceptual governance framework to assess Nigeria\u2019s energy transition. Before diving into the specific governance issues, we first explore the elements of this framework."
              }
            }
          ]
        }
      }
    },
    {
      "template_id": "photo-full-height",
      "colorscheme": "dark",
      "content": {
        "id": "photo-full-height",
        "image": {
          "imageUrl": "https://ik.imagekit.io/seacademy/Photos/Module_5/M5_C4_L4_2.png"
        }
      }
    },
    {
      "template_id": "text",
      "colorscheme": "light",
      "content": {
        "id": "text",
        "content": {
          "text_elements": [
            {
              "template_id": "paragraph_large",
              "content": {
                "text": "A conceptual framework\u00a0\nTo analyze how countries govern their energy transitions, the UNDP developed a conceptual framework that integrates governance principles with key elements of energy transition. The framework seeks to answer two critical questions:\n\t1.\tHow do countries use governance mechanisms to manage their energy transitions? (Governance needs)\n\t2.\tHow do energy transitions reshape governance structures? (Governance implications)"
              }
            }
          ]
        }
      }
    },
    {
      "template_id": "text",
      "colorscheme": "light",
      "content": {
        "id": "text",
        "content": {
          "text_elements": [
            {
              "template_id": "paragraph_large",
              "content": {
                "text": "This framework is structured as a matrix (See the next page), combining the four focus areas discussed earlier (X-axis) and Four Elements of Energy Transition (Y-Axis). These represent the key areas where governance plays a role in energy transitions:\n\n\t\u2022\tPolitical Vision & Commitment \u2013 Establishing long-term strategies and leadership for the transition.\n\t\u2022\tFinancial Capital & Investment \u2013 Mobilizing clean energy financing and ensuring financial transparency.\n\t\u2022\tSystem Infrastructure & Innovation \u2013 Expanding renewable energy grids, technologies, and innovation.\n\t\u2022\tSocial Impacts & Equity \u2013 Managing job losses, reskilling, and social protection in the transition"
              }
            }
          ]
        }
      }
    },
    {
      "template_id": "photo-vertical",
      "colorscheme": "dark",
      "content": {
        "id": "photo-vertical",
        "image": {
          "src": null,
          "caption": ""
        }
      }
    },
    {
      "template_id": "text",
      "colorscheme": "light",
      "content": {
        "id": "text",
        "content": {
          "text_elements": [
            {
              "template_id": "paragraph_large",
              "content": {
                "text": "Each intersection in the matrix highlights a guiding question that helps assess the governance needs and implications for a fair energy transition.\u00a0\n\nBy mapping these governance principles to energy transition elements, the framework helps identify gaps, risks, and opportunities in how a country manages its just energy transition."
              }
            }
          ]
        }
      }
    },
    {
      "template_id": "text",
      "colorscheme": "light",
      "content": {
        "id": "text",
        "content": {
          "text_elements": [
            {
              "template_id": "paragraph_large",
              "content": {
                "text": "To evaluate the effectiveness of the Just Energy Transition Governance Framework, the application of this conceptual framework was tested its application in Nigeria. \n\nNote: It is important to note that the below content is not yet a case study but simply paraphrases and summarizes contributions that were shared by participants of the initial group conversations in Nigeria. These contributions are not analyzed or contextualized and represent the views of the individual interlocutors. The purpose of sharing this \u2018raw material\u2019 is to illustrate what discussions the conceptual framework proposed here can trigger."
              }
            }
          ]
        }
      }
    },
    {
      "template_id": "text",
      "colorscheme": "light",
      "content": {
        "id": "text",
        "content": {
          "text_elements": [
            {
              "template_id": "paragraph_large",
              "content": {
                "text": "The objective was to assess how governance mechanisms influence Nigeria\u2019s energy transition policies, identify key challenges, and gather insights for refining the framework before applying it to other case studies."
              }
            }
          ]
        }
      }
    },
    {
      "template_id": "text",
      "colorscheme": "light",
      "content": {
        "id": "text",
        "content": {
          "text_elements": [
            {
              "template_id": "paragraph_large",
              "content": {
                "text": "The research team used a two-step approach:\n\t1.\tDesk research: Reviewing Nigeria\u2019s energy transition policies, governance structures, and socio-economic context.\n\t2.\tStakeholder consultations: Engaging 29 stakeholders from government, civil society, academia, industry, and international organizations to validate the framework\u2019s relevance."
              }
            }
          ]
        }
      }
    },
    {
      "template_id": "text",
      "colorscheme": "light",
      "content": {
        "id": "text",
        "content": {
          "text_elements": [
            {
              "template_id": "paragraph_large",
              "content": {
                "text": "The research team then mapped the findings onto the framework to create heat map below highlighting the most frequently discussed governance challenge."
              }
            }
          ]
        }
      }
    },
    {
      "template_id": "photo-vertical",
      "colorscheme": "dark",
      "content": {
        "id": "photo-vertical",
        "image": {}
      }
    },
    {
      "template_id": "text",
      "colorscheme": "light",
      "content": {
        "id": "text",
        "content": {
          "text_elements": [
            {
              "template_id": "paragraph_large",
              "content": {
                "text": "The application of the Just Energy Transition Governance Framework in Nigeria revealed critical governance gaps affecting the country\u2019s energy transition. The most frequently discussed challenge was Political Vision & Commitment, with stakeholders highlighting institutional fragmentation, weak policy coordination, and short-term political decision-making as major barriers. Legal and regulatory inconsistencies\u2014such as conflicting fossil fuel and renewable energy policies\u2014also emerged as significant concerns.\nCivic engagement and transparency remain weak, with minimal inclusion of local communities, women, and marginalized groups in shaping Nigeria\u2019s Energy Transition Plan (ETP). Stakeholders also noted power imbalances in land ownership and resource control, which could impact equitable access to energy transition benefits.\nFinancial governance was less discussed, but concerns were raised about rushed investments in critical minerals, lack of transparency in climate finance, and limited awareness of carbon markets.\nRead here for more insights!"
              }
            }
          ]
        }
      }
    },
    {
      "template_id": "key_takeaways",
      "colorscheme": "dark",
      "content": {
        "id": "key_takeaways",
        "title": "Learning Objectives",
        "intro": "If you only have space to remember 3 things:",
        "cards": [
          {
            "image": {
              "src": "M5_C4_L4_4",
              "caption": "image caption",
              "url": null
            },
            "title": "Energy governance comprises the mechanisms, processes, policies, and institutions through which governments, people, communities, and corporations articulate their interests, exercise their legal rights, meet their obligations, and mediate their differences in relation to energy.",
            "description": ""
          },
          {
            "image": {
              "src": "M5_C4_L4_5",
              "caption": "image caption",
              "url": null
            },
            "title": "Governance systems must prioritize integrity, transparency, and independent oversight to build trust and ensure responsible decision-making. Mechanisms like independent audits and regulatory agencies are essential to evaluate and uphold accountability during energy transitions.",
            "description": ""
          },
          {
            "image": {
              "src": "M5_C4_L4_6",
              "caption": "image caption",
              "url": null
            },
            "title": "A just energy transition prioritieses Inclusive and effective institutions, legal and regulatory frameworks, civic engagement and empowerment and appropriate and independent oversight.",
            "description": ""
          }
        ]
      }
    }
  ]
}