{
  "id": "5.4.0",
  "segments": [
    {
      "template_id": "chapter_cover",
      "colorscheme": "dark",
      "content": {
        "id": "chapter_cover",
        "image": {
          "src": "https://ik.imagekit.io/seacademy/Photos/Module_5/M5_C4_Intro_1.png",
          "caption": ""
        },
        "intro": {
          "label": "4",
          "number": "chapter"
        },
        "title": "Transparency and Oversight In Energy Governance",
        "cta": "Scroll, tab or use your keyboard to move ahead "
      }
    },
    {
      "template_id": "text",
      "colorscheme": "light",
      "content": {
        "id": "text",
        "content": {
          "text_elements": [
            {
              "template_id": "subtitle",
              "content": {
                "text": "Chapter 4 Overview"
              }
            },
            {
              "template_id": "paragraph_large",
              "content": {
                "text": "This chapter explores the role of appropriate and independent oversight in energy governance, ensuring transparency, accountability, and integrity in policy implementation. It highlights the importance of internal and external oversight mechanisms, including independent audits and regulatory scrutiny, to prevent fraud, enhance efficiency, and build public trust. The chapter also introduces agile oversight, emphasizing flexibility, responsiveness, and continuous monitoring to adapt to evolving energy challenges. Additionally, gender lens oversight and gender audits are discussed as essential tools for integrating gender equality into energy policies and governance structures. By leveraging oversight strategies, digital tools, and inclusive frameworks, this chapter underscores the need for strong governance systems to support a just and equitable energy transition."
              }
            }
          ]
        }
      }
    },
    {
      "template_id": "list_of_lessons",
      "colorscheme": "dark",
      "content": {
        "id": "list_of_lessons",
        "title": "What's next in this chapter?",
        "lessons": [
          {
            "cta": "Go to the lesson",
            "image": {
              "src": "M5_C4_Intro_2",
              "caption": "image caption",
              "url": null
            },
            "title": "1.1 Transparency, Public Confidence and Trust in Institutions",
            "progress": "completed"
          },
          {
            "cta": "Go to the lesson",
            "image": {
              "src": "M5_C4_Intro_3",
              "caption": "image caption",
              "url": null
            },
            "title": "1.2 Effective And Independent Oversight",
            "progress": "completed"
          },
          {
            "cta": "Go to the lesson",
            "image": {
              "src": "M5_C4_Intro_4",
              "caption": "image caption",
              "url": null
            },
            "title": "1.3 Agile oversight in Energy Governance",
            "progress": "not_started"
          },
          {
            "cta": "Go to the lesson",
            "image": {
              "src": "M5_C4_Intro_5",
              "caption": "image caption",
              "url": null
            },
            "title": "1.4 Case Study: Governance Framework for Just Energy Transitions in Nigeria",
            "progress": "not_started"
          },
          {
            "cta": "Go to the lesson",
            "image": {
              "src": "M5_C4_Intro_6",
              "caption": "image caption",
              "url": null
            },
            "title": "Module conclusion",
            "progress": "not_started"
          }
        ]
      }
    },
    {
      "template_id": "connection_next",
      "colorscheme": "dark",
      "content": {
        "id": "connection_next",
        "image": {
          "src": "https://ik.imagekit.io/seacademy/Photos/Module_5/M5_C4_Intro_7.png",
          "caption": ""
        },
        "intro": "Next up",
        "title": "Lesson 1: Transparency, Public Confidence and Trust in Institutions",
        "cta": "Start learning"
      }
    }
  ]
}