{
  "id": "5.4.1",
  "segments": [
    {
      "template_id": "lesson_cover",
      "colorscheme": "dark",
      "content": {
        "id": "lesson_cover",
        "image": {
          "src": "https://ik.imagekit.io/seacademy/Photos/Module_5/M5_C4_L1_1.png",
          "caption": ""
        },
        "intro": {
          "label": "Lesson",
          "number": "1"
        },
        "title": "Transparency, Public Confidence and Trust in Institutions",
        "cta": null
      }
    },
    {
      "template_id": "text",
      "colorscheme": "light",
      "content": {
        "id": "text",
        "content": {
          "text_elements": [
            {
              "template_id": "subtitle",
              "content": {
                "text": "Lesson 1 Overview"
              }
            },
            {
              "template_id": "paragraph_large",
              "content": {
                "text": "Open and transparent institutions are essential for a successful energy governance, ensuring trust, accountability, and effective policymaking. Corruption risks\u2014such as state capture, bribery, and embezzlement\u2014can undermine progress, making strong governance and data-driven transparency critical. This lesson explores how transparency enhances public confidence, facilitates investment, and promotes efficient resource allocation in the energy sector."
              }
            }
          ]
        }
      }
    },
    {
      "template_id": "text",
      "colorscheme": "light",
      "content": {
        "id": "text",
        "content": {
          "text_elements": [
            {
              "template_id": "paragraph_large",
              "content": {
                "text": "Transparency in energy governance involves the open disclosure of information related to policy decisions, financial flows, and project implementations. Such openness allows stakeholders\u2014including governments, businesses, civil society, and the general public\u2014to access pertinent information, thereby facilitating informed decision-making and fostering accountability."
              }
            }
          ]
        }
      }
    },
    {
      "template_id": "text",
      "colorscheme": "light",
      "content": {
        "id": "text",
        "content": {
          "text_elements": [
            {
              "template_id": "paragraph_large",
              "content": {
                "text": "In the context of the energy transition, transparency serves multiple critical functions:\nEnhancing Public Trust\nWhen institutions operate transparently, they build credibility and trust among citizens. This trust is vital for public acceptance of energy policies, especially when such policies require significant behavioral or economic adjustments from the populace.\nFacilitating Investment\nTransparent markets attract investors by reducing informational asymmetries and perceived risks. Investors are more likely to fund renewable energy projects when they have clear insights into regulatory frameworks, financial incentives, and market operations.\nPromoting Efficient Resource Allocation\nTransparency ensures that resources allocated for the energy transition are used effectively. It allows for the monitoring of fund disbursement and project execution, thereby minimizing waste and mismanagement."
              }
            }
          ]
        }
      }
    },
    {
      "template_id": "text",
      "colorscheme": "light",
      "content": {
        "id": "text",
        "content": {
          "text_elements": [
            {
              "template_id": "paragraph_large",
              "content": {
                "text": "The Green Bond Transparency Platform, Inter-American Development Bank[\nThe Green Bond Transparency Platform (GBTP), launched in April 2021 by the Inter-American Development Bank and IDB Invest, exemplifies how transparency can drive sustainable energy investments. This platform aims to increase transparency in the green bond market, facilitating reporting and verification of green investments."
              }
            }
          ]
        }
      }
    },
    {
      "template_id": "text",
      "colorscheme": "light",
      "content": {
        "id": "text",
        "content": {
          "text_elements": [
            {
              "template_id": "paragraph_large",
              "content": {
                "text": "Within a year of its launch, the GBTP became the primary reporting tool for 73% of the green bond market in Latin America and the Caribbean, representing $26.8 billion in investments.\nThe GBTP enhances transparency by enabling issuers and external reviewers to report directly on the use of green bond proceeds and their development impacts in a secure, blockchain-enabled environment. \nThis ensures the integrity and reliability of data, which builds investor confidence and facilitates greater participation in the green bond market. By providing verifiable insights into the performance of sustainable energy investments, the platform shows the importance of transparency in scaling sustainable energy initiatives and demonstrates how robust governance can accelerate the transition to renewable energy."
              }
            }
          ]
        }
      }
    },
    {
      "template_id": "lesson_part_cover",
      "colorscheme": "dark",
      "content": {
        "id": "lesson_part_cover",
        "image": {
          "src": "https://ik.imagekit.io/seacademy/Photos/Module_5/M5_C4_L1_3.png",
          "caption": ""
        },
        "intro": "M5: Energy Governance for a Just Energy Transition | Chapter 4 | Lesson 1 | Part 1",
        "title": "Part 1: Corruption Risks in the Energy Transition\n",
        "cta": null
      }
    },
    {
      "template_id": "photo-full-height",
      "colorscheme": "dark",
      "content": {
        "id": "photo-full-height",
        "image": {
          "imageUrl": "https://ik.imagekit.io/seacademy/Photos/Module_5/M5_C4_L1_4.png"
        }
      }
    },
    {
      "template_id": "text",
      "colorscheme": "light",
      "content": {
        "id": "text",
        "content": {
          "text_elements": [
            {
              "template_id": "paragraph_large",
              "content": {
                "text": "Despite the noble objectives of the energy transition, it is susceptible to various forms of corruption that can undermine its effectiveness and fairness:\nState Capture\nThis occurs when powerful individuals, groups, or corporations manipulate policy formation and regulatory environments to serve their interests at the expense of the public good. In the energy sector, this could manifest as the prioritization of projects that benefit a select few rather than addressing broader societal needs.\nBribery and Cronyism\nCorruption can infiltrate the procurement processes of energy projects, leading to the selection of contractors based on favoritism rather than merit. Such practices can result in substandard work, inflated costs, and projects that do not meet the intended environmental or social objectives.\nEmbezzlement and Fraud\nThe substantial funds allocated for energy projects can be misappropriated by corrupt officials or business entities, leading to project delays, failures, or the complete derailment of energy transition efforts."
              }
            }
          ]
        }
      }
    },
    {
      "template_id": "lesson_part_cover",
      "colorscheme": "dark",
      "content": {
        "id": "lesson_part_cover",
        "image": {
          "src": "https://ik.imagekit.io/seacademy/Photos/Module_5/M5_C4_L1_5.png",
          "caption": ""
        },
        "intro": "M5: Energy Governance for a Just Energy Transition | Chapter 4 | Lesson 1 | Part 2",
        "title": "Part 2: Mitigating Corruption Risks and Enhancing Transparency In the Energy Transition",
        "cta": null
      }
    },
    {
      "template_id": "lesson_subpart_cover",
      "colorscheme": "dark",
      "content": {
        "id": "lesson_subpart_cover",
        "image": {
          "src": "https://ik.imagekit.io/seacademy/Photos/Module_5/M5_C4_L1_6.png",
          "caption": ""
        },
        "intro": "M5: Energy Governance for a Just Energy Transition | Chapter 4 | Lesson 1 | Part 2 | A",
        "title": "A. Build Strong Foundations for Clean Governance",
        "cta": null
      }
    },
    {
      "template_id": "text",
      "colorscheme": "light",
      "content": {
        "id": "text",
        "content": {
          "text_elements": [
            {
              "template_id": "paragraph_large",
              "content": {
                "text": "These are enabling actions that establish the baseline capacities and frameworks necessary for transparent, accountable energy transition governance.\nStrengthen Enforcement of Anti-Corruption Laws\nEven where anti-corruption laws exist, enforcement is often weak. National governments must increase the capacity and independence of anti-corruption bodies\u2014through staffing, training, legal autonomy, and budget protections\u2014to enable effective investigation and prosecution.\nPromote Adoption and Implementation of Anti-Corruption Instruments\nCountries should ratify and align national policies with global and regional frameworks such as the United Nations Convention Against Corruption (UNCAC). Development partners can support legal harmonization and institutional strengthening to uphold these commitments.\nProvide Capacity-Building for Fund Administration\nInvest in the capacity of ministries, national funds, and procurement bodies to manage climate and energy finance transparently. This includes adopting digital public financial management systems, modern procurement platforms, and training programs.\nConsolidate and Streamline Funding Channels\nReduce fragmentation in funding structures by establishing unified financing platforms, integrating reporting systems, and ensuring centralized oversight. This limits leakages and increases efficiency in tracking climate-related expenditures."
              }
            }
          ]
        }
      }
    },
    {
      "template_id": "lesson_subpart_cover",
      "colorscheme": "dark",
      "content": {
        "id": "lesson_subpart_cover",
        "image": {
          "src": "https://ik.imagekit.io/seacademy/Photos/Module_5/M5_C4_L1_7.png",
          "caption": ""
        },
        "intro": "M5: Energy Governance for a Just Energy Transition | Chapter 4 | Lesson 1 | Part 2 | B",
        "title": "B. \u00a0Institutionalize Oversight and Risk Management",
        "cta": null
      }
    },
    {
      "template_id": "text",
      "colorscheme": "light",
      "content": {
        "id": "text",
        "content": {
          "text_elements": [
            {
              "template_id": "paragraph_large",
              "content": {
                "text": "These actions support the creation of structured mechanisms to identify risks and enable real-time accountability.\nConduct Corruption Risk Assessments\nRegulators and ministries should conduct regular, sector-specific corruption risk assessments (CRAs) to identify vulnerabilities, especially in procurement, licensing, and subsidy disbursement. These assessments should guide the design of targeted safeguards.\nSupport and Strengthen Independent Anti-Corruption Bodies\nBeyond enforcement, anti-corruption commissions should be empowered to conduct system audits, advise on integrity in public-private partnerships, and provide early warning indicators to avoid reputational or financial risks.\nImplement Multi-Stakeholder Accountability Mechanisms\nIntroduce governance structures where civil society, the private sector, and affected communities participate in project design, budget allocation, and monitoring. Independent oversight boards or social audit mechanisms can add layers of scrutiny and legitimacy."
              }
            }
          ]
        }
      }
    },
    {
      "template_id": "lesson_subpart_cover",
      "colorscheme": "dark",
      "content": {
        "id": "lesson_subpart_cover",
        "image": {
          "src": "https://ik.imagekit.io/seacademy/Photos/Module_5/M5_C4_L1_8.png",
          "caption": ""
        },
        "intro": "M5: Energy Governance for a Just Energy Transition | Chapter 4 | Lesson 1 | Part 2 | C",
        "title": "C. Enable Inclusive and Localized Accountability",
        "cta": null
      }
    },
    {
      "template_id": "text",
      "colorscheme": "light",
      "content": {
        "id": "text",
        "content": {
          "text_elements": [
            {
              "template_id": "paragraph_large",
              "content": {
                "text": "To build public trust and reach underserved populations, accountability must be community-driven and locally grounded.\n Enhance Local Governance Transparency and Accountability\nLocal authorities should adopt participatory planning, transparent procurement, and accessible grievance redress mechanisms. Projects should include budget disclosures at the municipal level and community monitoring systems.\nEmpower Civil Society as Independent Watchdogs\nCivil society organizations must be resourced and protected to monitor energy transition projects. Legal protections for whistleblowers, access to public data, and avenues for lodging complaints can enable them to expose misuse and demand reform."
              }
            }
          ]
        }
      }
    },
    {
      "template_id": "lesson_part_cover",
      "colorscheme": "dark",
      "content": {
        "id": "lesson_part_cover",
        "image": {
          "src": "https://ik.imagekit.io/seacademy/Photos/Module_5/M5_C4_L1_9.png",
          "caption": ""
        },
        "intro": "M5: Energy Governance for a Just Energy Transition | Chapter 4 | Lesson 1 | Part 3",
        "title": "Part 3: The Role of Data in enhancing transparency In Energy Governance\n\n ",
        "cta": null
      }
    },
    {
      "template_id": "text",
      "colorscheme": "light",
      "content": {
        "id": "text",
        "content": {
          "text_elements": [
            {
              "template_id": "paragraph_large",
              "content": {
                "text": "Data governance plays a crucial role in improving transparency in the energy sector by ensuring the accuracy, integrity, and accessibility of energy-related data. \nThis enhanced transparency contributes to better decision-making, increased public trust, and more effective energy policies. For example, IRENA identifies opacity and fragmentation of existing data as key transparency challenges for the energy transition, potentially leading to poor investment decisions and supply chain disruptions. \nEnergy policy modeling and planning should be informed by data and analytics covering key governance factors such as institutional effectiveness, the rule of law, transparency, political economy, and civic engagement."
              }
            }
          ]
        }
      }
    },
    {
      "template_id": "text",
      "colorscheme": "light",
      "content": {
        "id": "text",
        "content": {
          "text_elements": [
            {
              "template_id": "paragraph_large",
              "content": {
                "text": "Access to reliable information and quality data, both internally and externally, are critical when developing an effective energy transition. \nFirst steps to strengthening sustainable energy data systems include:\n\u00b7 Advocate for data transparency by pushing for centralized repositories of energy data and encouraging governments to make data available for public download, enabling independent analyses.\n\u00b7 Create formal protocols for data sharing with clear access guidelines, ensuring the accuracy and reliability of data for monitoring emissions, energy efficiency, and renewable energy progress.\n\u00b7 Promote capacity building through institutional training on energy reporting guidelines, encourage collaboration with international partners to share knowledge, and leverage resources."
              }
            }
          ]
        }
      }
    },
    {
      "template_id": "photo-full-height",
      "colorscheme": "dark",
      "content": {
        "id": "photo-full-height",
        "image": {
          "imageUrl": "https://ik.imagekit.io/seacademy/Photos/Module_5/imageUrl.png"
        }
      }
    },
    {
      "template_id": "text",
      "colorscheme": "light",
      "content": {
        "id": "text",
        "content": {
          "text_elements": [
            {
              "template_id": "subtitle",
              "content": {
                "text": "IEA\u2019s Designing an energy statistics roadmap Assessment tool"
              }
            },
            {
              "template_id": "paragraph_large",
              "content": {
                "text": "The IEA guidebook provides a comprehensive framework for strengthening national energy information systems, crucial for tracking progress in clean energy transitions. It addresses the need for robust, accurate, and accessible energy data to inform policy decisions, monitor efficiency, and assess emissions and renewable energy goals. Developed through consultations with countries and experts, the guidebook outlines a three-dimensional strategy for improving data collection: planning, setting up infrastructure, and tracking data quality and accessibility."
              }
            }
          ]
        }
      }
    },
    {
      "template_id": "text",
      "colorscheme": "light",
      "content": {
        "id": "text",
        "content": {
          "text_elements": [
            {
              "template_id": "paragraph_large",
              "content": {
                "text": "It offers practical steps and best practices, emphasizing the importance of governance, resource allocation, and innovation, such as digitization. Targeted especially at developing countries, the guidebook helps assess energy data systems, identify gaps, and create tailored action plans. By aligning with international standards, it supports transparency, governance effectiveness, and data-driven policymaking for sustainable energy transitions."
              }
            }
          ]
        }
      }
    },
    {
      "template_id": "photo-vertical",
      "colorscheme": "dark",
      "content": {
        "id": "photo-vertical",
        "image": {}
      }
    },
    {
      "template_id": "text",
      "colorscheme": "light",
      "content": {
        "id": "text",
        "content": {
          "text_elements": [
            {
              "template_id": "subtitle",
              "content": {
                "text": "IEA\u2019s Designing an energy statistics roadmap Assessment tool"
              }
            },
            {
              "template_id": "paragraph_large",
              "content": {
                "text": "UNDP has worked with 126 developing countries to improve their transparency in line with the Modalities, Procedures and Guidelines (MPGs). This support originated from numerous global programmes and bilateral donor-supported projects, such as the Low Emission Capacity Development Programme (2011-2018), the NDC Support Programme (2017-2023), the Climate Compromise (2019-) and several Global Environment Facility projects."
              }
            }
          ]
        }
      }
    },
    {
      "template_id": "photo-vertical",
      "colorscheme": "dark",
      "content": {
        "id": "photo-vertical",
        "image": {}
      }
    },
    {
      "template_id": "photo-full-height",
      "colorscheme": "dark",
      "content": {
        "id": "photo-full-height",
        "image": {
          "imageUrl": "https://ik.imagekit.io/seacademy/Photos/Module_5/M5_C4_L1_11.png"
        }
      }
    },
    {
      "template_id": "text",
      "colorscheme": "light",
      "content": {
        "id": "text",
        "content": {
          "text_elements": [
            {
              "template_id": "subtitle",
              "content": {
                "text": "MRV tracking visualization platform in Uruguay"
              }
            },
            {
              "template_id": "paragraph_large",
              "content": {
                "text": "During the development of its Third Biennial Update Report, Uruguay implemented a domestic Monitoring, Reporting and Verification (MRV) system in the form of a database of policies and measures, relevant emissions reductions or avoided emissions, and information on adaptation, technology transfer, financing, capacity-building, and mitigation (UNDP, 2022). Also included in the system are technical sheets and methodologies that define indicators towards the implementation of different measures."
              }
            }
          ]
        }
      }
    },
    {
      "template_id": "text",
      "colorscheme": "light",
      "content": {
        "id": "text",
        "content": {
          "text_elements": [
            {
              "template_id": "paragraph_large",
              "content": {
                "text": "In June 2019, a visualization platform was created and made publicly available on the Ministry of Environment website to inform Uruguayan citizens of the progress made towards the goal for each measure, its contribution to the National Climate Change Policy, and the SDGs, as well as a classification on each measure\u2019s gender sensitivity. (UNDP, 2022d)"
              }
            }
          ]
        }
      }
    },
    {
      "template_id": "photo-vertical",
      "colorscheme": "dark",
      "content": {
        "id": "photo-vertical",
        "image": {}
      }
    },
    {
      "template_id": "key_takeaways",
      "colorscheme": "dark",
      "content": {
        "id": "key_takeaways",
        "title": "Learning Objectives",
        "intro": "If you only have space to remember 3 things:",
        "cards": [
          {
            "image": {
              "src": "M5_C4_L1_13",
              "caption": "image caption",
              "url": null
            },
            "title": "Transparency is the cornerstone of energy governance, ensuring public trust, efficient resource allocation, and investment confidence in the energy transition.",
            "description": ""
          },
          {
            "image": {
              "src": "M5_C4_L1_14",
              "caption": "image caption",
              "url": null
            },
            "title": "Corruption risks, including state capture, bribery, and embezzlement, threaten the effectiveness of the energy transition, making strong governance, accountability, and data-driven decision-making essential.",
            "description": ""
          },
          {
            "image": {
              "src": "M5_C4_L1_15",
              "caption": "image caption",
              "url": null
            },
            "title": "Innovative tools like the Green Bond Transparency Platform and MRV systems showcase how digital transparency solutions can strengthen oversight, accelerate sustainable energy investments, and enhance public confidence.",
            "description": ""
          }
        ]
      }
    },
    {
      "template_id": "connection_next",
      "colorscheme": "dark",
      "content": {
        "id": "connection_next",
        "image": {
          "src": "https://ik.imagekit.io/seacademy/Photos/Module_5/M5_C4_L1_17.png",
          "caption": ""
        },
        "intro": "Next up",
        "title": "Lesson 2: Effective And Independent Oversight",
        "cta": "Back"
      }
    }
  ]
}