{
  "id": "5.4.-1",
  "segments": [
    {
      "template_id": "chapter_outro",
      "colorscheme": "dark",
      "content": {
        "intro": "This concludes",
        "title": "Title of the scenario",
        "subtitle": "Chapter Transparency And Oversight In Energy Governance",
        "body": "Thank you for joining us for the fourth chapter of “An Energy Governance For A Just Energy Transition” Module. We invite you to interact with the closing scenario, and to reflect on how you can take action to move these ideas from ambitions into action.",
        "nextBlock": {
          "intro": "Interactive Scenario",
          "title": "Title of the scenario",
          "cta": "You have a meeting with the minister of energy to discuss data-driven policy. Are you ready?",
          "button_cta": "Launch the interactive scenario",
          "image": {
            "src": "https://ik.imagekit.io/seacademy/Photos/Module_5/M5_C4_Outro_1.png",
            "caption": "image caption",
            "url": null
          },
          "nextBlockId": "1.1.5"
        }
      }
    },
    {
      "template_id": "connection_next",
      "colorscheme": "dark",
      "content": {
        "image": {
          "src": "https://ik.imagekit.io/seacademy/Photos/Module_5/M5_C4_Outro_2.png",
          "caption": ""
        },
        "intro": "Next up",
        "title": "Module 5 Wrapup : Energy Governance for a Just Energy Transition",
        "nextLessonId": "5.-1.0",
        "cta": "Start learning"
      }
    }
  ]
}