{
  "id": "1.0.0",
  "segments": [
    {
      "template_id": "module_cover",
      "content": {
        "image": {
          "src": "https://www.undp.org/sites/g/files/zskgke326/files/2023-05/1525381088_0.jpg",
          "caption": ""
        },
        "module": {
          "label": "Module",
          "Number": "1"
        },
        "title": "Module 1 Introduction",
        "cta": "Scroll, tab or use your keyboard to move ahead"
      },
      "colorscheme": "dark"
    },
    {
      "template_id": "text",
      "colorscheme": "light",
      "content": {
        "text_elements": [
          {
            "template_id": "subtitle",
            "content": {
              "text": "Module Overview"
            }
          },
          {
            "template_id": "subtitle_small",
            "content": {
              "text": "Etincidunt amet sit neque non."
            }
          },
          {
            "template_id": "paragraph_large",
            "content": {
              "text": "Etincidunt tempora quisquam quiquia quisquam quiquia voluptatem. Dolor quiquia dolore tempora ipsum aliquam tempora amet. Porro voluptatem voluptatem non velit. Eius voluptatem est sit. Voluptatem dolor modi porro dolor tempora. Adipisci quisquam quiquia consectetur neque eius dolor. Dolor etincidunt dolorem dolore ut sit labore consectetur. Amet dolore est tempora eius dolore labore. Non est dolor tempora. Labore numquam neque dolore tempora ut ut."
            }
          }
        ]
      }
    },
    {
      "template_id": "learning_objectives",
      "content": {
        "title": "Learning Objectives",
        "intro": "Amet non neque eius.",
        "objectives": [
          {
            "image": {
              "src": "https://imgs.mongabay.com/wp-content/uploads/sites/20/2025/02/18142934/29572133848_45af12a4bb_k-e1737653671184.jpg",
              "caption": ""
            },
            "title": "Sed ut etincidunt labore etincidunt.",
            "description": "Sit quaerat est velit est ipsum. Quiquia voluptatem consectetur ut eius amet dolor ipsum. Ut porro quaerat etincidunt eius aliquam. Adipisci numquam numquam adipisci tempora. Eius ipsum adipisci aliqu"
          },
          {
            "image": {
              "src": "https://coolermed.com/wp-content/uploads/2023/02/what-is-sustainable-energy-how-to-apply-it-to-medical-use.jpg",
              "caption": ""
            },
            "title": "Etincidunt etincidunt adipisci sed voluptatem.",
            "description": "Etincidunt eius tempora non voluptatem. Quiquia quisquam ipsum quisquam. Magnam aliquam porro non quisquam neque porro quiquia. Est labore dolor eius quisquam adipisci dolor. Adipisci quisquam ipsum v"
          },
          {
            "image": {
              "src": "https://imgs.mongabay.com/wp-content/uploads/sites/20/2025/02/18142934/29572133848_45af12a4bb_k-e1737653671184.jpg",
              "caption": ""
            },
            "title": "Consectetur aliquam sed quiquia.",
            "description": "Consectetur non aliquam voluptatem ut labore voluptatem est. Sit eius sit ut porro quiquia. Etincidunt labore magnam dolor. Magnam quaerat eius quiquia. Dolor est dolore velit ut. Velit magnam ut porr"
          },
          {
            "image": {
              "src": "https://elements-resized.envatousercontent.com/elements-video-cover-images/3254f24d-2426-43ae-b55d-aedc5cd25fea/video_preview/video_preview_0000.jpg?w=1400&cf_fit=cover&q=85&format=auto&s=8801a0bc8becf7ebb4baee10701611ef4b9f3f6939ca660e3a0b90514b7cf8d2",
              "caption": ""
            },
            "title": "Non ut consectetur dolore adipisci dolor dolor tempora.",
            "description": "Ut ipsum non magnam etincidunt magnam. Etincidunt modi neque porro. Quiquia quisquam numquam velit voluptatem. Adipisci labore ipsum neque est dolore. Sit aliquam adipisci aliquam labore voluptatem ad"
          },
          {
            "image": {
              "src": "https://web14.bernama.com/storage/photos/830db0b0eb59429f4a6f5618134452c963f433bee8a98",
              "caption": ""
            },
            "title": "Non sit etincidunt numquam labore numquam quaerat porro.",
            "description": "Quaerat quisquam numquam dolor est. Est adipisci porro dolore neque. Numquam dolor amet ipsum. Numquam consectetur modi sit tempora voluptatem. Porro tempora adipisci eius labore quaerat. Dolorem labo"
          },
          {
            "image": {
              "src": "https://www.energy.gov/sites/default/files/styles/full_article_width/public/2023-11/GRIP%20Blog%20Posting%20Clean%20Energy%20Solar%20Panels.jpg?itok=5KDc3kxK",
              "caption": ""
            },
            "title": "Sed voluptatem ut sed aliquam modi modi aliquam.",
            "description": "Sit sit etincidunt dolorem. Modi quisquam adipisci labore non quaerat. Neque porro sed ipsum sit sit. Non porro adipisci labore velit. Etincidunt dolor dolore quisquam. Adipisci est amet dolor modi ip"
          }
        ]
      },
      "colorscheme": "light"
    },
    {
      "template_id": "connection_next",
      "content": {
        "image": {
          "src": "https://coolermed.com/wp-content/uploads/2023/02/what-is-sustainable-energy-how-to-apply-it-to-medical-use.jpg",
          "caption": ""
        },
        "intro": "Next up",
        "title": "Chapter 1 Introduction",
        "cta": "Start learning",
        "nextLessonId": "1.1.0"
      }
    }
  ]
}