{
  "id": "1.1.1",
  "segments": [
    {
      "template_id": "lesson_cover",
      "content": {
        "image": {
          "src": "https://iea.imgix.net/5860051d-c92e-4fea-8a90-12bf5334dbef/Renewables_2023_shutterstock_1527609272.jpg",
          "caption": ""
        },
        "lesson": {
          "label": "Lesson",
          "Number": "1"
        },
        "intro": "M1: Intro to Sustainable Energy for Development | Chapter 1 | Lesson 1",
        "title": "Introduction to the Energy for Development pathway"
      },
      "colorscheme": "light"
    },
    {
      "template_id": "text",
      "colorscheme": "light",
      "content": {
        "text_elements": [
          {
            "template_id": "subtitle",
            "content": {
              "text": "Lesson Overview"
            }
          },
          {
            "template_id": "subtitle_small",
            "content": {
              "text": "Adipisci etincidunt consectetur neque."
            }
          },
          {
            "template_id": "paragraph_large",
            "content": {
              "text": "Consectetur porro voluptatem est dolorem dolorem quiquia. Aliquam non est ut. Magnam amet tempora voluptatem. Ipsum non est quiquia numquam numquam porro sed. Est dolore dolor est quiquia ipsum non tempora. Sed velit quaerat etincidunt tempora ut consectetur ipsum."
            }
          }
        ]
      }
    },
    {
      "template_id": "key_concepts",
      "color_scheme": "dark",
      "content": {
        "title": "Key Concepts",
        "intro": "Lorem ipsum",
        "concepts": [
          {
            "title": "Amet voluptatem quiq",
            "body": "Voluptatem quiquia etincidunt aliquam. Quisquam numquam labore numquam tempora adipisci est adipisci. Ipsum numquam dolor tempora magnam modi quisquam dolor. Modi porro consectetur sed quiquia consectetur quaerat. Modi eius labore numquam quiquia. Ma",
            "source": "-International Development Organization"
          },
          {
            "title": "Neque labore quiquia",
            "body": "Sit ut quisquam quisquam magnam neque sed. Magnam est quisquam adipisci est dolore labore. Porro magnam aliquam tempora numquam quiquia. Velit dolorem dolorem etincidunt etincidunt. Quiquia porro etincidunt eius tempora aliquam consectetur. Quiquia v",
            "source": ""
          },
          {
            "title": "Sed eius numquam mod",
            "body": "Non quaerat velit neque quisquam. Etincidunt velit quisquam etincidunt ipsum. Ut dolor porro modi. Porro sed modi magnam adipisci. Numquam magnam non etincidunt sit voluptatem. Consectetur adipisci dolor porro magnam. Quiquia consectetur ipsum neque ",
            "source": ""
          }
        ]
      },
      "colorscheme": "dark"
    },
    {
      "template_id": "photo_full_height",
      "colorscheme": "light",
      "content": {
        "image": {
          "src": "https://iea.imgix.net/5860051d-c92e-4fea-8a90-12bf5334dbef/Renewables_2023_shutterstock_1527609272.jpg",
          "caption": ""
        }
      }
    },
    {
      "template_id": "text",
      "colorscheme": "light",
      "content": {
        "text_elements": [
          {
            "template_id": "subtitle",
            "content": {
              "text": "Quiquia voluptatem non tempora"
            }
          },
          {
            "template_id": "paragraph_medium",
            "content": {
              "text": "Ut eius sed dolorem consectetur modi quisquam porro. Sit modi voluptatem voluptatem sed aliquam. Ipsum neque eius sit. Dolorem numquam dolor modi consectetur. Magnam neque sit quiquia. Eius dolorem neque quisquam modi magnam. Tempora porro eius ipsum dolor."
            }
          }
        ]
      }
    },
    {
      "template_id": "key_takeaways",
      "content": {
        "title": "Key Takeaways",
        "intro": "Dolorem est magnam sed porro ut sit.",
        "takeaways": [
          {
            "image": {
              "src": "https://coolermed.com/wp-content/uploads/2023/02/what-is-sustainable-energy-how-to-apply-it-to-medical-use.jpg",
              "caption": ""
            },
            "title": "Sed...",
            "description": "Quiquia dolor dolore non. Sit quisquam aliquam modi. Aliquam sed adipisci est ipsum adipisci amet. Adipisci sed ut ut. Voluptatem sed consectetur dolorem ipsum."
          },
          {
            "image": {
              "src": "https://www.healthtechdigital.com/wp-content/uploads/Artificial-Intelligence-in-renewable-energy-market-Study-shows-important-fields-of-application.-min.jpg",
              "caption": ""
            },
            "title": "Non...",
            "description": "Amet quisquam modi eius. Consectetur sit adipisci amet magnam dolorem neque. Aliquam non non porro. Voluptatem consectetur quiquia est dolor. Adipisci est adipisci etincidunt porro dolorem. Ut porro quisquam non est numquam etincidunt voluptatem."
          },
          {
            "image": {
              "src": "https://elementum-esg.co.uk/wp-content/uploads/2024/04/energy-sources.png",
              "caption": ""
            },
            "title": "Labore...",
            "description": "Eius modi magnam porro modi ipsum. Amet numquam adipisci dolore voluptatem non sed labore. Sed magnam neque adipisci sit consectetur quiquia. Etincidunt neque velit quaerat velit tempora ipsum. Consectetur voluptatem quisquam magnam dolor porro. Est modi amet voluptatem. Labore quaerat sit quisquam neque. Non dolorem quaerat velit consectetur adipisci non tempora. Voluptatem voluptatem quiquia etincidunt sit velit eius quiquia. Velit voluptatem voluptatem non adipisci neque numquam adipisci."
          }
        ]
      },
      "colorscheme": "light"
    },
    {
      "template_id": "key_resources",
      "content": {
        "title": "Key Resources",
        "resources": [
          {
            "image": {
              "src": "https://www.resusenergy.lk/images/Resus_Enegry_Images/Project_Images/mahiyagnanaya/dji_0008.jpg",
              "caption": ""
            },
            "text": "Magnam...",
            "cta": "Click to download",
            "href": "https://www.undp.org/publications/undps-energy-strategy"
          },
          {
            "image": {
              "src": "https://web14.bernama.com/storage/photos/830db0b0eb59429f4a6f5618134452c963f433bee8a98",
              "caption": ""
            },
            "text": "Ut...",
            "cta": "Click to download",
            "href": "https://www.undp.org/publications/undps-energy-strategy"
          },
          {
            "image": {
              "src": "https://www.healthtechdigital.com/wp-content/uploads/Artificial-Intelligence-in-renewable-energy-market-Study-shows-important-fields-of-application.-min.jpg",
              "caption": ""
            },
            "text": "Sit...",
            "cta": "Click to download",
            "href": "https://www.undp.org/publications/undps-energy-strategy"
          }
        ],
        "intro": "Etincidunt ut sed sed modi."
      },
      "colorscheme": "dark"
    },
    {
      "template_id": "connection_next",
      "content": {
        "image": {
          "src": "https://coolermed.com/wp-content/uploads/2023/02/what-is-sustainable-energy-how-to-apply-it-to-medical-use.jpg",
          "caption": ""
        },
        "intro": "Next up",
        "title": "The Sustainable Energy Landscape",
        "cta": "Start learning",
        "nextLessonId": "1.1.2"
      }
    }
  ]
}