{
  "id": "1.1.2",
  "segments": [
    {
      "template_id": "lesson_cover",
      "content": {
        "image": {
          "src": "https://iea.imgix.net/5860051d-c92e-4fea-8a90-12bf5334dbef/Renewables_2023_shutterstock_1527609272.jpg",
          "caption": ""
        },
        "lesson": {
          "label": "Lesson",
          "Number": "2"
        },
        "intro": "M1: Intro to Sustainable Energy for Development | Chapter 1 | Lesson 2",
        "title": "The Sustainable Energy Landscape"
      },
      "colorscheme": "light"
    },
    {
      "template_id": "text",
      "colorscheme": "light",
      "content": {
        "text_elements": [
          {
            "template_id": "subtitle",
            "content": {
              "text": "Lesson Overview"
            }
          },
          {
            "template_id": "subtitle_small",
            "content": {
              "text": "Dolorem dolore voluptatem quisquam aliquam magnam quisquam neque."
            }
          },
          {
            "template_id": "paragraph_large",
            "content": {
              "text": "Porro adipisci dolorem numquam ipsum velit. Etincidunt magnam quisquam modi velit porro velit dolore. Ipsum quisquam amet quaerat adipisci numquam quiquia. Est porro numquam modi dolor quisquam modi. Amet dolor quisquam dolor. Velit dolorem velit aliquam aliquam velit eius quaerat. Etincidunt sit quaerat aliquam dolore. Ut ipsum amet labore."
            }
          }
        ]
      }
    },
    {
      "template_id": "key_concepts",
      "color_scheme": "dark",
      "content": {
        "title": "Key Concepts",
        "intro": "Lorem ipsum",
        "concepts": [
          {
            "title": "Dolorem labore etinc",
            "body": "Sed ut quaerat quiquia. Voluptatem voluptatem quaerat dolor aliquam ut eius tempora. Sit neque ipsum dolorem. Etincidunt quiquia aliquam non. Porro non dolore amet modi dolorem sed. Voluptatem tempora magnam neque voluptatem dolorem dolorem etincidun",
            "source": "-International Development Organization"
          },
          {
            "title": "Voluptatem modi veli",
            "body": "Voluptatem voluptatem aliquam porro. Non magnam velit voluptatem magnam. Quisquam velit consectetur adipisci numquam magnam aliquam ut. Aliquam quiquia sed velit labore tempora. Quiquia consectetur numquam quiquia tempora adipisci ipsum. Sit neque qu",
            "source": ""
          },
          {
            "title": "Non quisquam ipsum n",
            "body": "Dolor quaerat sit quisquam modi est quiquia est. Modi quisquam quisquam tempora. Aliquam quisquam quiquia labore. Modi neque dolore sit quaerat dolore velit est. Voluptatem velit ut dolorem ut aliquam. Quiquia etincidunt quaerat quisquam consectetur.",
            "source": ""
          }
        ]
      },
      "colorscheme": "dark"
    },
    {
      "template_id": "photo_full_height",
      "colorscheme": "light",
      "content": {
        "image": {
          "src": "https://iea.imgix.net/5860051d-c92e-4fea-8a90-12bf5334dbef/Renewables_2023_shutterstock_1527609272.jpg",
          "caption": ""
        }
      }
    },
    {
      "template_id": "text",
      "colorscheme": "light",
      "content": {
        "text_elements": [
          {
            "template_id": "subtitle",
            "content": {
              "text": "Eius eius modi magnam"
            }
          },
          {
            "template_id": "paragraph_medium",
            "content": {
              "text": "Amet velit dolor neque dolore. Labore amet quaerat numquam. Neque ipsum voluptatem neque quisquam. Velit magnam amet dolor etincidunt quaerat consectetur porro. Non adipisci magnam adipisci adipisci aliquam numquam ipsum. Ut consectetur quaerat quiquia consectetur quiquia magnam etincidunt. Etincidunt etincidunt dolorem labore quiquia. Numquam amet aliquam dolor dolorem. Dolorem etincidunt quisquam modi. Eius modi amet labore magnam."
            }
          }
        ]
      }
    },
    {
      "template_id": "key_takeaways",
      "content": {
        "title": "Key Takeaways",
        "intro": "Est velit porro velit non.",
        "takeaways": [
          {
            "image": {
              "src": "https://www.energy.gov/sites/default/files/styles/full_article_width/public/2023-11/GRIP%20Blog%20Posting%20Clean%20Energy%20Solar%20Panels.jpg?itok=5KDc3kxK",
              "caption": ""
            },
            "title": "Quaerat...",
            "description": "Dolore adipisci quaerat dolorem numquam voluptatem numquam quaerat. Neque quaerat labore tempora numquam tempora. Sit modi porro quiquia. Velit quisquam modi modi ut sed. Ipsum dolor amet eius sed ut voluptatem ipsum. Est numquam voluptatem non consectetur dolor voluptatem quiquia. Adipisci ipsum consectetur amet modi."
          },
          {
            "image": {
              "src": "https://elementum-esg.co.uk/wp-content/uploads/2024/04/energy-sources.png",
              "caption": ""
            },
            "title": "Consectetur...",
            "description": "Consectetur porro neque ipsum quisquam dolorem. Tempora magnam ut non tempora. Sed tempora numquam numquam adipisci tempora numquam. Dolore magnam quaerat non tempora sed etincidunt modi. Non eius voluptatem modi dolore dolor ipsum. Neque modi est etincidunt sit. Dolor numquam sit dolorem. Voluptatem modi tempora modi numquam aliquam ipsum labore. Modi ut dolore amet. Quiquia neque quaerat numquam labore."
          },
          {
            "image": {
              "src": "https://elementum-esg.co.uk/wp-content/uploads/2024/04/energy-sources.png",
              "caption": ""
            },
            "title": "Aliquam...",
            "description": "Ut neque eius tempora. Amet non quaerat ut tempora. Non tempora neque ipsum. Sit modi numquam quisquam neque dolorem eius porro. Magnam dolore quiquia numquam amet. Eius quaerat neque ipsum consectetur dolor. Modi est etincidunt sit est. Aliquam neque ipsum est non modi. Non non eius dolorem amet voluptatem ut amet. Quaerat porro numquam ipsum adipisci aliquam consectetur."
          }
        ]
      },
      "colorscheme": "light"
    },
    {
      "template_id": "key_resources",
      "content": {
        "title": "Key Resources",
        "resources": [
          {
            "image": {
              "src": "https://live.staticflickr.com/5504/14454539704_b8910261c0_b.jpg",
              "caption": ""
            },
            "text": "Velit...",
            "cta": "Click to download",
            "href": "https://www.undp.org/publications/undps-energy-strategy"
          },
          {
            "image": {
              "src": "https://www.energy.gov/sites/default/files/styles/full_article_width/public/2023-11/GRIP%20Blog%20Posting%20Clean%20Energy%20Solar%20Panels.jpg?itok=5KDc3kxK",
              "caption": ""
            },
            "text": "Dolore...",
            "cta": "Click to download",
            "href": "https://www.undp.org/publications/undps-energy-strategy"
          },
          {
            "image": {
              "src": "https://live.staticflickr.com/3775/10838225595_b7d942e452_h.jpg",
              "caption": ""
            },
            "text": "Tempora...",
            "cta": "Click to download",
            "href": "https://www.undp.org/publications/undps-energy-strategy"
          }
        ],
        "intro": "Neque neque est modi dolore porro amet."
      },
      "colorscheme": "dark"
    },
    {
      "template_id": "connection_next",
      "content": {
        "image": {
          "src": "https://coolermed.com/wp-content/uploads/2023/02/what-is-sustainable-energy-how-to-apply-it-to-medical-use.jpg",
          "caption": ""
        },
        "intro": "Next up",
        "title": "The Path to Achieving Universal Energy Access by 2030",
        "cta": "Start learning",
        "nextLessonId": "1.1.3"
      }
    }
  ]
}