{
  "id": "1.1.0",
  "segments": [
    {
      "template_id": "chapter_cover",
      "content": {
        "image": {
          "src": "https://www.resusenergy.lk/images/Resus_Enegry_Images/Project_Images/mahiyagnanaya/dji_0008.jpg",
          "caption": ""
        },
        "chapter": {
          "label": "Chapter",
          "Number": "1"
        },
        "intro": "Just Energy Transition | chapter 1",
        "title": "Chapter 1 Introduction",
        "cta": "Scroll, tab or use your keyboard to move ahead",
        "subtitle": "M1: Intro to Sustainable Energy for Development | Chapter 1"
      },
      "colorscheme": "dark"
    },
    {
      "template_id": "text",
      "colorscheme": "light",
      "content": {
        "text_elements": [
          {
            "template_id": "subtitle",
            "content": {
              "text": "Chapter Overview"
            }
          },
          {
            "template_id": "subtitle_small",
            "content": {
              "text": "Labore quaerat adipisci quiquia aliquam non dolor."
            }
          },
          {
            "template_id": "paragraph_large",
            "content": {
              "text": "Quaerat consectetur modi adipisci. Labore etincidunt etincidunt adipisci amet non. Amet numquam ut porro ipsum. Non sit amet aliquam voluptatem quiquia sed consectetur. Porro adipisci consectetur quiquia non. Non dolorem dolorem dolor sit dolorem dolor consectetur."
            }
          }
        ]
      }
    },
    {
      "template_id": "list_of_lessons",
      "content": {
        "title": "What's next in this chapter?",
        "lessons": [
          {
            "cta": "Go to the lesson",
            "description": "Magnam quaerat eius consectetur voluptatem velit labore.",
            "lessonId": "1.1.1",
            "image": {
              "src": "https://live.staticflickr.com/5504/14454539704_b8910261c0_b.jpg",
              "caption": ""
            },
            "title": "Introduction to the Energy for Development pathway",
            "type": "Lesson",
            "progress": "in_progress"
          },
          {
            "cta": "Go to the lesson",
            "description": "Dolore consectetur porro velit.",
            "lessonId": "1.1.2",
            "image": {
              "src": "https://www.resusenergy.lk/images/Resus_Enegry_Images/Project_Images/mahiyagnanaya/dji_0008.jpg",
              "caption": ""
            },
            "title": "The Sustainable Energy Landscape",
            "type": "Lesson",
            "progress": "not_started"
          },
          {
            "cta": "Go to the lesson",
            "description": "Tempora neque sit porro tempora eius sed.",
            "lessonId": "1.1.3",
            "image": {
              "src": "https://csis-website-prod.s3.amazonaws.com/s3fs-public/2024-01/AdobeStock_40869586_Crop1.jpg?VersionId=1HVO4O4gG312NydD1v8CElYVGjfLOYtH",
              "caption": ""
            },
            "title": "The Path to Achieving Universal Energy Access by 2030",
            "type": "Lesson",
            "progress": "completed"
          },
          {
            "cta": "Go to the lesson",
            "description": "Non ut eius ut numquam.",
            "lessonId": "1.1.4",
            "image": {
              "src": "https://www.healthtechdigital.com/wp-content/uploads/Artificial-Intelligence-in-renewable-energy-market-Study-shows-important-fields-of-application.-min.jpg",
              "caption": ""
            },
            "title": "Financing the Sustainable Energy Revolution",
            "type": "Lesson",
            "progress": "not_started"
          }
        ]
      },
      "colorscheme": "light"
    },
    {
      "template_id": "connection_next",
      "content": {
        "image": {
          "src": "https://www.powerengineeringint.com/wp-content/uploads/2024/04/renewable-energy_cybersecurity.jpg",
          "caption": ""
        },
        "intro": "Next up",
        "title": "Introduction to the Energy for Development pathway",
        "cta": "Start learning",
        "nextLessonId": "1.1.1"
      }
    }
  ]
}