{
  "id": "1.1.3",
  "segments": [
    {
      "template_id": "lesson_cover",
      "content": {
        "image": {
          "src": "https://web14.bernama.com/storage/photos/830db0b0eb59429f4a6f5618134452c963f433bee8a98",
          "caption": ""
        },
        "lesson": {
          "label": "Lesson",
          "Number": "3"
        },
        "intro": "M1: Intro to Sustainable Energy for Development | Chapter 1 | Lesson 3",
        "title": "The Path to Achieving Universal Energy Access by 2030"
      },
      "colorscheme": "light"
    },
    {
      "template_id": "text",
      "colorscheme": "dark",
      "content": {
        "text_elements": [
          {
            "template_id": "subtitle",
            "content": {
              "text": "Lesson Overview"
            }
          },
          {
            "template_id": "subtitle_small",
            "content": {
              "text": "Ipsum consectetur aliquam velit est."
            }
          },
          {
            "template_id": "paragraph_large",
            "content": {
              "text": "Aliquam velit ut aliquam. Voluptatem sed sed quiquia velit quiquia est ipsum. Dolore dolore velit labore consectetur eius. Ut est voluptatem etincidunt dolorem consectetur modi tempora. Porro quaerat etincidunt consectetur dolore adipisci velit. Sed eius velit dolorem sed tempora non labore. Modi magnam quiquia non non aliquam velit. Aliquam amet etincidunt ut neque ipsum modi est. Dolore quaerat aliquam quiquia labore magnam sed. Tempora velit non sed consectetur labore neque est."
            }
          }
        ]
      }
    },
    {
      "template_id": "key_concepts",
      "color_scheme": "dark",
      "content": {
        "title": "Key Concepts",
        "intro": "Lorem ipsum",
        "concepts": [
          {
            "title": "Adipisci modi dolore",
            "body": "Adipisci velit ut labore sit modi quisquam. Aliquam magnam dolorem eius quisquam sed adipisci ipsum. Numquam porro neque dolorem ut. Modi sed modi dolorem quiquia dolore quisquam est. Porro neque ipsum velit amet est.",
            "source": "-International Development Organization"
          },
          {
            "title": "Etincidunt sit est v",
            "body": "Amet modi quiquia modi consectetur ipsum. Magnam velit ut quiquia. Adipisci dolore quiquia amet numquam magnam tempora. Aliquam non consectetur numquam quisquam velit adipisci dolorem. Labore consectetur ipsum sit.",
            "source": ""
          },
          {
            "title": "Non quaerat dolore a",
            "body": "Neque tempora dolorem quaerat est ipsum consectetur. Est quiquia sit sit dolor. Dolorem porro dolorem non sed est labore magnam. Numquam numquam dolor adipisci est dolorem eius. Non adipisci numquam est ipsum quaerat etincidunt porro. Adipisci etinci",
            "source": ""
          }
        ]
      },
      "colorscheme": "light"
    },
    {
      "template_id": "photo_full_height",
      "colorscheme": "light",
      "content": {
        "image": {
          "src": "https://web14.bernama.com/storage/photos/830db0b0eb59429f4a6f5618134452c963f433bee8a98",
          "caption": ""
        }
      }
    },
    {
      "template_id": "text",
      "colorscheme": "light",
      "content": {
        "text_elements": [
          {
            "template_id": "subtitle",
            "content": {
              "text": "Ipsum aliquam voluptatem ipsum quisquam sed consectetur quaerat"
            }
          },
          {
            "template_id": "paragraph_medium",
            "content": {
              "text": "Dolore tempora dolorem ut quiquia ipsum. Dolore ut adipisci non labore tempora sed consectetur. Adipisci quiquia labore consectetur dolor labore amet consectetur. Magnam modi dolorem est labore est. Dolor ut non tempora est."
            }
          }
        ]
      }
    },
    {
      "template_id": "key_takeaways",
      "content": {
        "title": "Key Takeaways",
        "intro": "Magnam labore quisquam amet voluptatem velit amet.",
        "takeaways": [
          {
            "image": {
              "src": "https://web14.bernama.com/storage/photos/830db0b0eb59429f4a6f5618134452c963f433bee8a98",
              "caption": ""
            },
            "title": "Neque...",
            "description": "Non quaerat etincidunt consectetur. Magnam magnam aliquam sit consectetur numquam porro. Dolore quisquam quaerat sit quiquia labore. Amet ipsum etincidunt quisquam porro aliquam. Velit est etincidunt etincidunt etincidunt."
          },
          {
            "image": {
              "src": "https://elements-resized.envatousercontent.com/elements-video-cover-images/3254f24d-2426-43ae-b55d-aedc5cd25fea/video_preview/video_preview_0000.jpg?w=1400&cf_fit=cover&q=85&format=auto&s=8801a0bc8becf7ebb4baee10701611ef4b9f3f6939ca660e3a0b90514b7cf8d2",
              "caption": ""
            },
            "title": "Magnam...",
            "description": "Dolorem velit etincidunt quiquia non porro labore. Modi dolore dolore quiquia adipisci neque voluptatem labore. Dolorem dolore quisquam dolore numquam sit neque dolorem. Amet consectetur amet numquam. Dolor sit sit neque. Ipsum sed sed neque dolor quiquia dolor neque. Porro ipsum quisquam aliquam."
          },
          {
            "image": {
              "src": "https://www.powerengineeringint.com/wp-content/uploads/2024/04/renewable-energy_cybersecurity.jpg",
              "caption": ""
            },
            "title": "Sed...",
            "description": "Aliquam dolorem dolorem porro eius. Aliquam magnam dolore labore sit quiquia. Dolore amet modi adipisci porro amet aliquam. Adipisci ut quaerat neque. Est porro dolore dolore etincidunt ut dolorem. Tempora quaerat amet neque amet porro aliquam sed. Etincidunt velit consectetur etincidunt neque dolor velit est."
          }
        ]
      },
      "colorscheme": "dark"
    },
    {
      "template_id": "key_resources",
      "content": {
        "title": "Key Resources",
        "resources": [
          {
            "image": {
              "src": "https://www.undp.org/sites/g/files/zskgke326/files/2022-07/UNDP-Peru-2018_rural_solar_04-Photo%20UNDP%20Peru-Monica%20Sua%CC%81rez%20Galindo.jpg",
              "caption": ""
            },
            "text": "Dolorem...",
            "cta": "Click to download",
            "href": "https://www.undp.org/publications/undps-energy-strategy"
          },
          {
            "image": {
              "src": "https://cdn.prod.website-files.com/6487341142c5367c3cefe169/670703187e5c652197eacf42_Energy.png",
              "caption": ""
            },
            "text": "Dolorem...",
            "cta": "Click to download",
            "href": "https://www.undp.org/publications/undps-energy-strategy"
          },
          {
            "image": {
              "src": "https://www.resusenergy.lk/images/Resus_Enegry_Images/Project_Images/mahiyagnanaya/dji_0008.jpg",
              "caption": ""
            },
            "text": "Tempora...",
            "cta": "Click to download",
            "href": "https://www.undp.org/publications/undps-energy-strategy"
          }
        ],
        "intro": "Tempora quaerat non aliquam dolor adipisci."
      },
      "colorscheme": "dark"
    },
    {
      "template_id": "connection_next",
      "content": {
        "image": {
          "src": "https://imgs.mongabay.com/wp-content/uploads/sites/20/2025/02/18142934/29572133848_45af12a4bb_k-e1737653671184.jpg",
          "caption": ""
        },
        "intro": "Next up",
        "title": "Financing the Sustainable Energy Revolution",
        "cta": "Start learning",
        "nextLessonId": "1.1.4"
      }
    }
  ]
}