{
  "id": "1.2.4",
  "segments": [
    {
      "template_id": "lesson_cover",
      "content": {
        "image": {
          "src": "https://live.staticflickr.com/3775/10838225595_b7d942e452_h.jpg",
          "caption": ""
        },
        "lesson": {
          "label": "Lesson",
          "Number": "4"
        },
        "intro": "M1: Intro to Sustainable Energy for Development | Chapter 2 | Lesson 4",
        "title": "Integrated Approach"
      },
      "colorscheme": "light"
    },
    {
      "template_id": "text",
      "colorscheme": "light",
      "content": {
        "text_elements": [
          {
            "template_id": "subtitle",
            "content": {
              "text": "Lesson Overview"
            }
          },
          {
            "template_id": "subtitle_small",
            "content": {
              "text": "Sed voluptatem sit magnam tempora adipisci."
            }
          },
          {
            "template_id": "paragraph_large",
            "content": {
              "text": "Etincidunt dolorem adipisci quisquam porro labore amet adipisci. Velit aliquam ipsum eius. Non magnam est etincidunt. Dolore sed dolor numquam velit magnam sed. Aliquam etincidunt quisquam est labore modi. Aliquam modi eius etincidunt velit quaerat labore. Neque dolor est aliquam magnam. Modi amet dolor est."
            }
          }
        ]
      }
    },
    {
      "template_id": "key_concepts",
      "color_scheme": "dark",
      "content": {
        "title": "Key Concepts",
        "intro": "Lorem ipsum",
        "concepts": [
          {
            "title": "Neque voluptatem mod",
            "body": "Quisquam quisquam voluptatem dolore. Magnam est neque velit sed labore tempora. Magnam tempora velit modi eius dolore non. Porro magnam eius numquam etincidunt quisquam. Porro magnam quaerat quaerat quaerat. Neque amet modi numquam aliquam voluptatem",
            "source": "-International Development Organization"
          },
          {
            "title": "Tempora adipisci num",
            "body": "Amet voluptatem eius numquam adipisci tempora magnam. Velit quisquam eius ut. Sit magnam sit non ut quisquam sit dolor. Neque ipsum dolor numquam aliquam numquam. Velit dolor sit voluptatem aliquam non. Labore quaerat quiquia neque dolore neque ut. A",
            "source": ""
          },
          {
            "title": "Sit ut ipsum etincid",
            "body": "Velit tempora ipsum neque. Eius quisquam tempora modi neque magnam. Ipsum aliquam dolorem numquam. Tempora porro magnam non labore voluptatem dolor etincidunt. Dolor eius non quiquia.",
            "source": ""
          }
        ]
      },
      "colorscheme": "light"
    },
    {
      "template_id": "photo_full_height",
      "colorscheme": "light",
      "content": {
        "image": {
          "src": "https://live.staticflickr.com/3775/10838225595_b7d942e452_h.jpg",
          "caption": ""
        }
      }
    },
    {
      "template_id": "text",
      "colorscheme": "light",
      "content": {
        "text_elements": [
          {
            "template_id": "subtitle",
            "content": {
              "text": "Tempora est adipisci etincidunt eius quiquia amet"
            }
          },
          {
            "template_id": "paragraph_medium",
            "content": {
              "text": "Consectetur aliquam quaerat labore etincidunt quisquam. Ipsum est porro non porro dolor ut. Est non aliquam est eius quisquam. Dolorem modi velit aliquam magnam. Aliquam etincidunt quiquia numquam. Etincidunt voluptatem etincidunt magnam voluptatem voluptatem consectetur labore. Dolor est porro neque aliquam sed numquam. Magnam velit amet aliquam voluptatem magnam dolorem. Eius dolor consectetur sed sed consectetur."
            }
          }
        ]
      }
    },
    {
      "template_id": "key_takeaways",
      "content": {
        "title": "Key Takeaways",
        "intro": "Ut sed aliquam etincidunt.",
        "takeaways": [
          {
            "image": {
              "src": "https://www.energy.gov/sites/default/files/styles/full_article_width/public/2023-11/GRIP%20Blog%20Posting%20Clean%20Energy%20Solar%20Panels.jpg?itok=5KDc3kxK",
              "caption": ""
            },
            "title": "Magnam...",
            "description": "Sit non etincidunt dolorem velit quisquam sed. Etincidunt etincidunt amet adipisci velit dolorem. Non dolorem amet consectetur magnam sed voluptatem. Sit tempora tempora dolorem voluptatem. Ut quaerat est etincidunt. Sed consectetur amet quaerat quaerat. Porro consectetur porro tempora eius tempora amet est. Dolore eius est ut numquam est."
          },
          {
            "image": {
              "src": "https://web14.bernama.com/storage/photos/830db0b0eb59429f4a6f5618134452c963f433bee8a98",
              "caption": ""
            },
            "title": "Dolor...",
            "description": "Ut numquam sit voluptatem quiquia. Etincidunt dolor sit aliquam voluptatem neque. Tempora modi adipisci dolore sit. Aliquam dolore sed neque quiquia. Porro etincidunt sit labore porro modi est. Dolore amet velit amet modi est."
          },
          {
            "image": {
              "src": "https://imgs.mongabay.com/wp-content/uploads/sites/20/2025/02/18142934/29572133848_45af12a4bb_k-e1737653671184.jpg",
              "caption": ""
            },
            "title": "Sit...",
            "description": "Numquam sed dolore sit dolor est voluptatem. Quaerat non dolore eius neque dolorem quaerat. Sit aliquam amet sit dolor voluptatem quaerat. Voluptatem numquam magnam aliquam. Dolore tempora sed sit."
          }
        ]
      },
      "colorscheme": "light"
    },
    {
      "template_id": "key_resources",
      "content": {
        "title": "Key Resources",
        "resources": [
          {
            "image": {
              "src": "https://elementum-esg.co.uk/wp-content/uploads/2024/04/energy-sources.png",
              "caption": ""
            },
            "text": "Porro...",
            "cta": "Click to download",
            "href": "https://www.undp.org/publications/undps-energy-strategy"
          },
          {
            "image": {
              "src": "https://www.undp.org/sites/g/files/zskgke326/files/2023-05/1525381088_0.jpg",
              "caption": ""
            },
            "text": "Aliquam...",
            "cta": "Click to download",
            "href": "https://www.undp.org/publications/undps-energy-strategy"
          },
          {
            "image": {
              "src": "https://live.staticflickr.com/5504/14454539704_b8910261c0_b.jpg",
              "caption": ""
            },
            "text": "Labore...",
            "cta": "Click to download",
            "href": "https://www.undp.org/publications/undps-energy-strategy"
          }
        ],
        "intro": "Quaerat dolor aliquam numquam aliquam dolorem."
      },
      "colorscheme": "light"
    },
    {
      "template_id": "connection_next",
      "content": {
        "image": {
          "src": "https://www.undp.org/sites/g/files/zskgke326/files/2022-07/UNDP-Peru-2018_rural_solar_04-Photo%20UNDP%20Peru-Monica%20Sua%CC%81rez%20Galindo.jpg",
          "caption": ""
        },
        "intro": "Next up",
        "title": "Chapter 2 Outro",
        "cta": "Start learning",
        "nextLessonId": "1.2.-1"
      }
    }
  ]
}