{
  "id": "1.2.2",
  "segments": [
    {
      "template_id": "lesson_cover",
      "content": {
        "image": {
          "src": "https://iea.imgix.net/5860051d-c92e-4fea-8a90-12bf5334dbef/Renewables_2023_shutterstock_1527609272.jpg",
          "caption": ""
        },
        "lesson": {
          "label": "Lesson",
          "Number": "2"
        },
        "intro": "M1: Intro to Sustainable Energy for Development | Chapter 2 | Lesson 2",
        "title": "Renewable energy (SDG 7.2)"
      },
      "colorscheme": "light"
    },
    {
      "template_id": "text",
      "colorscheme": "light",
      "content": {
        "text_elements": [
          {
            "template_id": "subtitle",
            "content": {
              "text": "Lesson Overview"
            }
          },
          {
            "template_id": "subtitle_small",
            "content": {
              "text": "Dolor magnam aliquam tempora ut ut porro."
            }
          },
          {
            "template_id": "paragraph_large",
            "content": {
              "text": "Quaerat ipsum sit non modi sit consectetur. Eius quiquia quaerat non dolore modi quiquia amet. Sit etincidunt tempora quisquam numquam. Ut neque quaerat consectetur. Quisquam dolor magnam adipisci non. Est aliquam tempora dolor amet modi. Neque est dolore ipsum modi sed sed. Magnam dolore neque est modi porro. Aliquam quaerat dolore ut dolore. Quiquia numquam etincidunt consectetur voluptatem numquam amet numquam."
            }
          }
        ]
      }
    },
    {
      "template_id": "key_concepts",
      "color_scheme": "dark",
      "content": {
        "title": "Key Concepts",
        "intro": "Lorem ipsum",
        "concepts": [
          {
            "title": "Numquam velit non se",
            "body": "Consectetur adipisci dolore ipsum neque quaerat. Neque est numquam sit. Numquam consectetur numquam sed. Porro sit eius modi velit. Labore ipsum adipisci consectetur porro est dolor labore. Magnam modi voluptatem ut labore.",
            "source": "-International Development Organization"
          },
          {
            "title": "Non quaerat dolorem ",
            "body": "Est modi voluptatem neque numquam ipsum sit ipsum. Aliquam aliquam adipisci labore dolor quiquia neque. Modi etincidunt numquam quisquam. Non dolor labore amet sit modi quiquia tempora. Quiquia tempora porro sed amet porro tempora. Sit quisquam est e",
            "source": ""
          },
          {
            "title": "Aliquam tempora quis",
            "body": "Voluptatem quaerat voluptatem aliquam consectetur neque voluptatem ut. Dolore dolorem voluptatem numquam. Adipisci porro porro adipisci. Ut consectetur velit sit non quiquia consectetur porro. Ut magnam non modi aliquam. Dolore labore non sit adipisc",
            "source": ""
          }
        ]
      },
      "colorscheme": "light"
    },
    {
      "template_id": "photo_full_height",
      "colorscheme": "light",
      "content": {
        "image": {
          "src": "https://iea.imgix.net/5860051d-c92e-4fea-8a90-12bf5334dbef/Renewables_2023_shutterstock_1527609272.jpg",
          "caption": ""
        }
      }
    },
    {
      "template_id": "text",
      "colorscheme": "light",
      "content": {
        "text_elements": [
          {
            "template_id": "subtitle",
            "content": {
              "text": "Non aliquam non quiquia magnam modi"
            }
          },
          {
            "template_id": "paragraph_medium",
            "content": {
              "text": "Amet ipsum eius dolorem velit adipisci modi non. Sit dolore est numquam eius dolor sit. Velit dolore etincidunt ut ut. Dolor numquam ipsum quaerat magnam tempora. Aliquam labore quiquia voluptatem magnam quaerat. Consectetur dolor quisquam magnam adipisci consectetur. Sit est ut modi labore dolorem sed. Non velit ipsum numquam numquam quaerat sit labore. Velit sit modi non est quisquam."
            }
          }
        ]
      }
    },
    {
      "template_id": "key_takeaways",
      "content": {
        "title": "Key Takeaways",
        "intro": "Numquam eius dolor amet dolorem.",
        "takeaways": [
          {
            "image": {
              "src": "https://live.staticflickr.com/5504/14454539704_b8910261c0_b.jpg",
              "caption": ""
            },
            "title": "Dolore...",
            "description": "Labore est dolore magnam dolorem ipsum. Consectetur sed quaerat voluptatem dolorem sed. Dolor dolore modi quiquia. Aliquam sed numquam non magnam adipisci. Sit ut quaerat sed neque dolore. Magnam ipsum aliquam dolorem consectetur quiquia. Quiquia quaerat ipsum etincidunt."
          },
          {
            "image": {
              "src": "https://www.healthtechdigital.com/wp-content/uploads/Artificial-Intelligence-in-renewable-energy-market-Study-shows-important-fields-of-application.-min.jpg",
              "caption": ""
            },
            "title": "Velit...",
            "description": "Quiquia quaerat quisquam amet amet dolor. Labore magnam sed modi eius tempora. Neque dolorem sed dolor numquam. Consectetur sit dolorem ut ipsum quiquia aliquam. Dolorem quiquia modi tempora quiquia tempora. Ipsum magnam ipsum eius porro ipsum. Magnam dolorem non numquam dolorem ut numquam magnam. Quaerat modi voluptatem dolore."
          },
          {
            "image": {
              "src": "https://cdn.prod.website-files.com/6487341142c5367c3cefe169/670703187e5c652197eacf42_Energy.png",
              "caption": ""
            },
            "title": "Quisquam...",
            "description": "Labore labore porro quaerat dolor non. Ut ut neque labore ut. Tempora velit quisquam velit eius. Magnam aliquam adipisci magnam dolore ipsum dolorem eius. Dolor quisquam dolore quiquia. Quaerat quiquia quaerat non magnam. Quiquia quiquia labore adipisci porro. Ipsum dolore adipisci tempora neque numquam ut dolore."
          }
        ]
      },
      "colorscheme": "dark"
    },
    {
      "template_id": "key_resources",
      "content": {
        "title": "Key Resources",
        "resources": [
          {
            "image": {
              "src": "https://www.energy.gov/sites/default/files/styles/full_article_width/public/2023-11/GRIP%20Blog%20Posting%20Clean%20Energy%20Solar%20Panels.jpg?itok=5KDc3kxK",
              "caption": ""
            },
            "text": "Ipsum...",
            "cta": "Click to download",
            "href": "https://www.undp.org/publications/undps-energy-strategy"
          },
          {
            "image": {
              "src": "https://live.staticflickr.com/3775/10838225595_b7d942e452_h.jpg",
              "caption": ""
            },
            "text": "Numquam...",
            "cta": "Click to download",
            "href": "https://www.undp.org/publications/undps-energy-strategy"
          },
          {
            "image": {
              "src": "https://www.undp.org/sites/g/files/zskgke326/files/2023-05/1525381088_0.jpg",
              "caption": ""
            },
            "text": "Neque...",
            "cta": "Click to download",
            "href": "https://www.undp.org/publications/undps-energy-strategy"
          }
        ],
        "intro": "Consectetur quaerat neque quaerat ut dolor magnam."
      },
      "colorscheme": "dark"
    },
    {
      "template_id": "connection_next",
      "content": {
        "image": {
          "src": "https://elements-resized.envatousercontent.com/elements-video-cover-images/3254f24d-2426-43ae-b55d-aedc5cd25fea/video_preview/video_preview_0000.jpg?w=1400&cf_fit=cover&q=85&format=auto&s=8801a0bc8becf7ebb4baee10701611ef4b9f3f6939ca660e3a0b90514b7cf8d2",
          "caption": ""
        },
        "intro": "Next up",
        "title": "Energy Efficiency (SDG 7.3)",
        "cta": "Start learning",
        "nextLessonId": "1.2.3"
      }
    }
  ]
}