{
  "id": "1.2.1",
  "segments": [
    {
      "template_id": "lesson_cover",
      "content": {
        "image": {
          "src": "https://www.powerengineeringint.com/wp-content/uploads/2024/04/renewable-energy_cybersecurity.jpg",
          "caption": ""
        },
        "lesson": {
          "label": "Lesson",
          "Number": "1"
        },
        "intro": "M1: Intro to Sustainable Energy for Development | Chapter 2 | Lesson 1",
        "title": "Access to electricity and clean cooking (SDG 7.1)"
      },
      "colorscheme": "light"
    },
    {
      "template_id": "text",
      "colorscheme": "light",
      "content": {
        "text_elements": [
          {
            "template_id": "subtitle",
            "content": {
              "text": "Lesson Overview"
            }
          },
          {
            "template_id": "subtitle_small",
            "content": {
              "text": "Porro velit labore sit eius."
            }
          },
          {
            "template_id": "paragraph_large",
            "content": {
              "text": "Etincidunt est modi consectetur ut amet modi. Velit dolore ipsum est. Ipsum amet etincidunt sed. Quiquia est amet dolorem. Dolore sed tempora consectetur velit. Magnam eius dolore porro labore ipsum non dolor. Dolore neque magnam neque magnam."
            }
          }
        ]
      }
    },
    {
      "template_id": "key_concepts",
      "color_scheme": "dark",
      "content": {
        "title": "Key Concepts",
        "intro": "Lorem ipsum",
        "concepts": [
          {
            "title": "Dolor consectetur ut",
            "body": "Porro sit tempora neque quaerat porro est ipsum. Est neque velit ipsum. Etincidunt modi porro porro. Neque tempora labore sed etincidunt. Quaerat adipisci numquam neque dolore. Dolore sed ut dolor consectetur est voluptatem aliquam. Ut dolorem eius n",
            "source": "-International Development Organization"
          },
          {
            "title": "Consectetur amet lab",
            "body": "Sit modi velit dolorem quaerat. Numquam porro dolor ut. Consectetur porro adipisci quaerat etincidunt sit velit. Sed voluptatem est aliquam adipisci modi labore velit. Amet quaerat dolorem dolore aliquam amet consectetur. Modi velit non labore ut sit",
            "source": ""
          },
          {
            "title": "Aliquam neque adipis",
            "body": "Porro ipsum aliquam dolore quaerat. Quaerat ipsum quisquam modi etincidunt dolore. Modi quisquam voluptatem neque quisquam quisquam. Etincidunt adipisci porro quaerat quaerat sed. Modi sit sit dolorem numquam quaerat. Labore ipsum numquam quiquia num",
            "source": ""
          }
        ]
      },
      "colorscheme": "dark"
    },
    {
      "template_id": "photo_full_height",
      "colorscheme": "light",
      "content": {
        "image": {
          "src": "https://www.powerengineeringint.com/wp-content/uploads/2024/04/renewable-energy_cybersecurity.jpg",
          "caption": ""
        }
      }
    },
    {
      "template_id": "text",
      "colorscheme": "light",
      "content": {
        "text_elements": [
          {
            "template_id": "subtitle",
            "content": {
              "text": "Dolor dolor numquam sed voluptatem voluptatem"
            }
          },
          {
            "template_id": "paragraph_medium",
            "content": {
              "text": "Dolore quaerat quiquia porro adipisci sed dolor. Consectetur non sed dolorem. Non voluptatem sit est. Est labore magnam sit. Voluptatem magnam etincidunt porro amet. Dolorem quiquia amet modi velit magnam amet sed."
            }
          }
        ]
      }
    },
    {
      "template_id": "key_takeaways",
      "content": {
        "title": "Key Takeaways",
        "intro": "Aliquam voluptatem est voluptatem.",
        "takeaways": [
          {
            "image": {
              "src": "https://www.healthtechdigital.com/wp-content/uploads/Artificial-Intelligence-in-renewable-energy-market-Study-shows-important-fields-of-application.-min.jpg",
              "caption": ""
            },
            "title": "Dolor...",
            "description": "Dolore magnam sit etincidunt labore. Voluptatem dolor etincidunt quiquia est. Velit consectetur labore labore. Magnam ut adipisci numquam non tempora tempora magnam. Ipsum velit voluptatem velit consectetur. Eius quaerat adipisci amet ipsum quiquia labore numquam."
          },
          {
            "image": {
              "src": "https://www.powerengineeringint.com/wp-content/uploads/2024/04/renewable-energy_cybersecurity.jpg",
              "caption": ""
            },
            "title": "Labore...",
            "description": "Quisquam numquam dolore ut velit numquam. Dolore amet numquam eius est. Velit quisquam tempora velit ut velit sed. Quiquia ipsum modi ut. Sit non tempora quisquam voluptatem. Dolor quisquam eius sit tempora neque. Est modi quisquam sit neque. Consectetur amet labore ut non voluptatem etincidunt."
          },
          {
            "image": {
              "src": "https://elementum-esg.co.uk/wp-content/uploads/2024/04/energy-sources.png",
              "caption": ""
            },
            "title": "Magnam...",
            "description": "Sit adipisci labore aliquam. Sed quiquia consectetur tempora voluptatem. Quaerat labore dolor consectetur neque quisquam consectetur numquam. Sed quaerat adipisci dolore sed amet sed. Quisquam ipsum modi dolor ut quiquia etincidunt. Dolor non est amet sed dolore dolor. Dolor quaerat eius dolor velit. Eius aliquam modi neque dolorem amet tempora dolor."
          }
        ]
      },
      "colorscheme": "light"
    },
    {
      "template_id": "key_resources",
      "content": {
        "title": "Key Resources",
        "resources": [
          {
            "image": {
              "src": "https://live.staticflickr.com/3775/10838225595_b7d942e452_h.jpg",
              "caption": ""
            },
            "text": "Est...",
            "cta": "Click to download",
            "href": "https://www.undp.org/publications/undps-energy-strategy"
          },
          {
            "image": {
              "src": "https://csis-website-prod.s3.amazonaws.com/s3fs-public/2024-01/AdobeStock_40869586_Crop1.jpg?VersionId=1HVO4O4gG312NydD1v8CElYVGjfLOYtH",
              "caption": ""
            },
            "text": "Numquam...",
            "cta": "Click to download",
            "href": "https://www.undp.org/publications/undps-energy-strategy"
          },
          {
            "image": {
              "src": "https://www.undp.org/sites/g/files/zskgke326/files/2022-07/UNDP-Peru-2018_rural_solar_04-Photo%20UNDP%20Peru-Monica%20Sua%CC%81rez%20Galindo.jpg",
              "caption": ""
            },
            "text": "Dolorem...",
            "cta": "Click to download",
            "href": "https://www.undp.org/publications/undps-energy-strategy"
          }
        ],
        "intro": "Sit ipsum neque voluptatem neque neque labore dolorem."
      },
      "colorscheme": "light"
    },
    {
      "template_id": "connection_next",
      "content": {
        "image": {
          "src": "https://csis-website-prod.s3.amazonaws.com/s3fs-public/2024-01/AdobeStock_40869586_Crop1.jpg?VersionId=1HVO4O4gG312NydD1v8CElYVGjfLOYtH",
          "caption": ""
        },
        "intro": "Next up",
        "title": "Renewable energy (SDG 7.2)",
        "cta": "Start learning",
        "nextLessonId": "1.2.2"
      }
    }
  ]
}