{
  "id": "1.2.3",
  "segments": [
    {
      "template_id": "lesson_cover",
      "content": {
        "image": {
          "src": "https://cdn.prod.website-files.com/6487341142c5367c3cefe169/670703187e5c652197eacf42_Energy.png",
          "caption": ""
        },
        "lesson": {
          "label": "Lesson",
          "Number": "3"
        },
        "intro": "M1: Intro to Sustainable Energy for Development | Chapter 2 | Lesson 3",
        "title": "Energy Efficiency (SDG 7.3)"
      },
      "colorscheme": "light"
    },
    {
      "template_id": "text",
      "colorscheme": "dark",
      "content": {
        "text_elements": [
          {
            "template_id": "subtitle",
            "content": {
              "text": "Lesson Overview"
            }
          },
          {
            "template_id": "subtitle_small",
            "content": {
              "text": "Consectetur modi adipisci etincidunt voluptatem etincidunt quiquia."
            }
          },
          {
            "template_id": "paragraph_large",
            "content": {
              "text": "Modi sed amet non est est quaerat velit. Dolorem dolore modi dolorem quiquia. Numquam ipsum eius eius ut neque. Dolor sed amet consectetur dolore non non ipsum. Dolor sit tempora dolore velit. Consectetur modi etincidunt aliquam magnam."
            }
          }
        ]
      }
    },
    {
      "template_id": "key_concepts",
      "color_scheme": "dark",
      "content": {
        "title": "Key Concepts",
        "intro": "Lorem ipsum",
        "concepts": [
          {
            "title": "Labore neque ipsum e",
            "body": "Dolor eius consectetur modi quiquia. Non labore amet magnam. Neque sed voluptatem ut dolore. Dolorem voluptatem sed tempora etincidunt etincidunt aliquam. Est voluptatem dolore etincidunt dolore dolore. Adipisci porro dolore quaerat. Neque porro modi",
            "source": "-International Development Organization"
          },
          {
            "title": "Magnam tempora conse",
            "body": "Labore numquam dolore etincidunt consectetur. Consectetur porro ipsum quiquia eius sed aliquam aliquam. Amet dolorem tempora porro porro sed dolore. Est est quiquia velit. Modi labore amet eius adipisci non velit ut.",
            "source": ""
          },
          {
            "title": "Est sit labore velit",
            "body": "Numquam consectetur ipsum dolore magnam ipsum. Aliquam aliquam est ipsum. Numquam magnam eius etincidunt non etincidunt labore quisquam. Voluptatem ipsum quisquam adipisci etincidunt porro velit. Sit modi labore est sed consectetur.",
            "source": ""
          }
        ]
      },
      "colorscheme": "light"
    },
    {
      "template_id": "photo_full_height",
      "colorscheme": "light",
      "content": {
        "image": {
          "src": "https://cdn.prod.website-files.com/6487341142c5367c3cefe169/670703187e5c652197eacf42_Energy.png",
          "caption": ""
        }
      }
    },
    {
      "template_id": "text",
      "colorscheme": "light",
      "content": {
        "text_elements": [
          {
            "template_id": "subtitle",
            "content": {
              "text": "Eius tempora amet velit quiquia eius quiquia"
            }
          },
          {
            "template_id": "paragraph_medium",
            "content": {
              "text": "Etincidunt dolorem ipsum est ipsum. Dolor quaerat etincidunt tempora ipsum. Numquam dolor quiquia est sed eius dolore. Quisquam numquam aliquam modi modi consectetur quiquia. Adipisci sit labore magnam dolor tempora consectetur. Ut labore adipisci numquam adipisci quisquam ut porro. Velit voluptatem quiquia velit modi. Sit velit modi velit. Dolorem velit modi ut numquam etincidunt numquam."
            }
          }
        ]
      }
    },
    {
      "template_id": "key_takeaways",
      "content": {
        "title": "Key Takeaways",
        "intro": "Non numquam labore quiquia labore adipisci.",
        "takeaways": [
          {
            "image": {
              "src": "https://live.staticflickr.com/3775/10838225595_b7d942e452_h.jpg",
              "caption": ""
            },
            "title": "Non...",
            "description": "Quaerat velit aliquam sit eius consectetur ipsum neque. Ipsum modi voluptatem est labore. Magnam consectetur dolor consectetur. Dolore est numquam adipisci amet. Non tempora etincidunt magnam. Quisquam etincidunt adipisci velit porro ut dolor. Dolor dolorem porro neque neque tempora tempora amet. Est eius est voluptatem neque sed voluptatem etincidunt."
          },
          {
            "image": {
              "src": "https://imgs.mongabay.com/wp-content/uploads/sites/20/2025/02/18142934/29572133848_45af12a4bb_k-e1737653671184.jpg",
              "caption": ""
            },
            "title": "Numquam...",
            "description": "Non consectetur ipsum consectetur tempora non sed. Quiquia amet magnam ipsum. Dolorem eius adipisci aliquam quisquam. Voluptatem consectetur sed est consectetur tempora porro. Sed adipisci dolorem est aliquam eius. Ipsum dolor aliquam adipisci adipisci. Quaerat eius velit dolor ut quaerat. Sed magnam etincidunt aliquam quaerat est eius dolorem."
          },
          {
            "image": {
              "src": "https://elements-resized.envatousercontent.com/elements-video-cover-images/3254f24d-2426-43ae-b55d-aedc5cd25fea/video_preview/video_preview_0000.jpg?w=1400&cf_fit=cover&q=85&format=auto&s=8801a0bc8becf7ebb4baee10701611ef4b9f3f6939ca660e3a0b90514b7cf8d2",
              "caption": ""
            },
            "title": "Neque...",
            "description": "Quiquia dolore numquam tempora. Voluptatem consectetur amet non quisquam labore. Etincidunt consectetur modi dolorem dolore. Non etincidunt ipsum sit ut eius. Velit quisquam sit non dolor. Consectetur magnam voluptatem adipisci porro numquam. Dolorem quisquam etincidunt labore."
          }
        ]
      },
      "colorscheme": "dark"
    },
    {
      "template_id": "key_resources",
      "content": {
        "title": "Key Resources",
        "resources": [
          {
            "image": {
              "src": "https://live.staticflickr.com/5504/14454539704_b8910261c0_b.jpg",
              "caption": ""
            },
            "text": "Etincidunt...",
            "cta": "Click to download",
            "href": "https://www.undp.org/publications/undps-energy-strategy"
          },
          {
            "image": {
              "src": "https://live.staticflickr.com/5504/14454539704_b8910261c0_b.jpg",
              "caption": ""
            },
            "text": "Porro...",
            "cta": "Click to download",
            "href": "https://www.undp.org/publications/undps-energy-strategy"
          },
          {
            "image": {
              "src": "https://www.undp.org/sites/g/files/zskgke326/files/2023-05/1525381088_0.jpg",
              "caption": ""
            },
            "text": "Ut...",
            "cta": "Click to download",
            "href": "https://www.undp.org/publications/undps-energy-strategy"
          }
        ],
        "intro": "Voluptatem ut numquam consectetur dolore sit adipisci."
      },
      "colorscheme": "dark"
    },
    {
      "template_id": "connection_next",
      "content": {
        "image": {
          "src": "https://www.resusenergy.lk/images/Resus_Enegry_Images/Project_Images/mahiyagnanaya/dji_0008.jpg",
          "caption": ""
        },
        "intro": "Next up",
        "title": "Integrated Approach",
        "cta": "Start learning",
        "nextLessonId": "1.2.4"
      }
    }
  ]
}