{
  "id": "1.3.2",
  "segments": [
    {
      "template_id": "lesson_cover",
      "content": {
        "image": {
          "src": "https://live.staticflickr.com/1552/26342931015_38814fbfac_b.jpg",
          "caption": ""
        },
        "lesson": {
          "label": "Lesson",
          "Number": "2"
        },
        "intro": "M1: Intro to Sustainable Energy for Development | Chapter 3 | Lesson 2",
        "title": "Eastern Europe and Central Asia"
      },
      "colorscheme": "light"
    },
    {
      "template_id": "text",
      "colorscheme": "light",
      "content": {
        "text_elements": [
          {
            "template_id": "subtitle",
            "content": {
              "text": "Lesson Overview"
            }
          },
          {
            "template_id": "subtitle_small",
            "content": {
              "text": "Velit dolorem aliquam quiquia dolor tempora dolore numquam."
            }
          },
          {
            "template_id": "paragraph_large",
            "content": {
              "text": "Etincidunt quiquia porro sit labore sit quaerat etincidunt. Voluptatem numquam est ut non quiquia. Aliquam eius dolore amet voluptatem numquam ipsum. Sed sit magnam dolore. Porro modi ipsum eius sit numquam. Quisquam quiquia dolorem ut amet sed modi."
            }
          }
        ]
      }
    },
    {
      "template_id": "key_concepts",
      "color_scheme": "dark",
      "content": {
        "title": "Key Concepts",
        "intro": "Lorem ipsum",
        "concepts": [
          {
            "title": "Amet consectetur sit",
            "body": "Dolorem quisquam etincidunt velit numquam numquam. Porro neque porro ipsum amet sed porro. Labore modi etincidunt dolor sit. Etincidunt dolor tempora porro labore labore magnam. Quisquam sed amet ut sit amet dolorem tempora. Magnam adipisci amet modi",
            "source": "-International Development Organization"
          },
          {
            "title": "Numquam sed quiquia ",
            "body": "Eius neque non quaerat ut. Velit dolor porro aliquam etincidunt sit magnam eius. Dolore velit tempora voluptatem dolore eius ut. Eius amet voluptatem sed modi neque. Tempora etincidunt amet non sed quaerat dolor. Magnam est labore neque numquam. Volu",
            "source": ""
          },
          {
            "title": "Porro dolorem magnam",
            "body": "Ut ipsum quisquam quaerat neque. Eius numquam modi porro est dolore ut. Non quisquam numquam numquam neque. Dolorem aliquam quiquia dolore est ut tempora quaerat. Quisquam est labore labore eius. Numquam etincidunt tempora magnam. Dolorem amet magnam",
            "source": ""
          }
        ]
      },
      "colorscheme": "light"
    },
    {
      "template_id": "photo_full_height",
      "colorscheme": "light",
      "content": {
        "image": {
          "src": "https://live.staticflickr.com/1552/26342931015_38814fbfac_b.jpg",
          "caption": ""
        }
      }
    },
    {
      "template_id": "text",
      "colorscheme": "light",
      "content": {
        "text_elements": [
          {
            "template_id": "subtitle",
            "content": {
              "text": "Sit porro numquam numquam neque"
            }
          },
          {
            "template_id": "paragraph_medium",
            "content": {
              "text": "Eius quisquam dolorem adipisci tempora. Ut consectetur amet consectetur consectetur numquam tempora numquam. Quisquam consectetur quiquia quaerat est. Ipsum sed sit sed magnam. Consectetur modi sed eius eius. Numquam neque quiquia non. Est neque amet modi sit magnam modi quiquia. Quisquam dolor voluptatem non modi. Ut labore sit voluptatem dolore dolore quisquam velit. Numquam quaerat etincidunt etincidunt porro."
            }
          }
        ]
      }
    },
    {
      "template_id": "key_takeaways",
      "content": {
        "title": "Key Takeaways",
        "intro": "Adipisci etincidunt consectetur quiquia quisquam sed.",
        "takeaways": [
          {
            "image": {
              "src": "https://www.energy.gov/sites/default/files/styles/full_article_width/public/2023-11/GRIP%20Blog%20Posting%20Clean%20Energy%20Solar%20Panels.jpg?itok=5KDc3kxK",
              "caption": ""
            },
            "title": "Neque...",
            "description": "Etincidunt voluptatem dolorem quaerat modi. Amet dolore quiquia non ut. Ipsum est quiquia amet etincidunt porro porro etincidunt. Ipsum quaerat est aliquam. Neque velit labore dolorem voluptatem non dolor. Dolore eius voluptatem quaerat ipsum quaerat porro. Dolorem adipisci neque dolore. Voluptatem neque etincidunt quiquia. Modi porro numquam sit amet."
          },
          {
            "image": {
              "src": "https://www.powerengineeringint.com/wp-content/uploads/2024/04/renewable-energy_cybersecurity.jpg",
              "caption": ""
            },
            "title": "Tempora...",
            "description": "Aliquam sit tempora ipsum. Quisquam aliquam eius eius numquam. Consectetur eius etincidunt sit dolore dolorem. Dolor aliquam dolorem etincidunt ipsum amet aliquam labore. Non etincidunt sed dolore porro quiquia numquam quaerat. Tempora numquam adipisci consectetur est. Labore quisquam quiquia sit ut neque aliquam quaerat. Porro tempora quisquam quiquia."
          },
          {
            "image": {
              "src": "https://imgs.mongabay.com/wp-content/uploads/sites/20/2025/02/18142934/29572133848_45af12a4bb_k-e1737653671184.jpg",
              "caption": ""
            },
            "title": "Porro...",
            "description": "Etincidunt amet non quiquia neque non quisquam tempora. Modi sit est adipisci quisquam eius. Consectetur modi neque dolorem quisquam consectetur sed velit. Tempora ut etincidunt non voluptatem sit voluptatem aliquam. Porro modi voluptatem modi."
          }
        ]
      },
      "colorscheme": "dark"
    },
    {
      "template_id": "key_resources",
      "content": {
        "title": "Key Resources",
        "resources": [
          {
            "image": {
              "src": "https://elements-resized.envatousercontent.com/elements-video-cover-images/3254f24d-2426-43ae-b55d-aedc5cd25fea/video_preview/video_preview_0000.jpg?w=1400&cf_fit=cover&q=85&format=auto&s=8801a0bc8becf7ebb4baee10701611ef4b9f3f6939ca660e3a0b90514b7cf8d2",
              "caption": ""
            },
            "text": "Sed...",
            "cta": "Click to download",
            "href": "https://www.undp.org/publications/undps-energy-strategy"
          },
          {
            "image": {
              "src": "https://www.undp.org/sites/g/files/zskgke326/files/2022-07/UNDP-Peru-2018_rural_solar_04-Photo%20UNDP%20Peru-Monica%20Sua%CC%81rez%20Galindo.jpg",
              "caption": ""
            },
            "text": "Quiquia...",
            "cta": "Click to download",
            "href": "https://www.undp.org/publications/undps-energy-strategy"
          },
          {
            "image": {
              "src": "https://cdn.prod.website-files.com/6487341142c5367c3cefe169/670703187e5c652197eacf42_Energy.png",
              "caption": ""
            },
            "text": "Voluptatem...",
            "cta": "Click to download",
            "href": "https://www.undp.org/publications/undps-energy-strategy"
          }
        ],
        "intro": "Labore dolorem non eius velit etincidunt."
      },
      "colorscheme": "light"
    },
    {
      "template_id": "connection_next",
      "content": {
        "image": {
          "src": "https://elementum-esg.co.uk/wp-content/uploads/2024/04/energy-sources.png",
          "caption": ""
        },
        "intro": "Next up",
        "title": "Arab States",
        "cta": "Start learning",
        "nextLessonId": "1.3.3"
      }
    }
  ]
}