{
  "id": "1.3.5",
  "segments": [
    {
      "template_id": "lesson_cover",
      "content": {
        "image": {
          "src": "https://elementum-esg.co.uk/wp-content/uploads/2024/04/energy-sources.png",
          "caption": ""
        },
        "lesson": {
          "label": "Lesson",
          "Number": "5"
        },
        "intro": "M1: Intro to Sustainable Energy for Development | Chapter 3 | Lesson 5",
        "title": "Africa"
      },
      "colorscheme": "dark"
    },
    {
      "template_id": "text",
      "colorscheme": "dark",
      "content": {
        "text_elements": [
          {
            "template_id": "subtitle",
            "content": {
              "text": "Lesson Overview"
            }
          },
          {
            "template_id": "subtitle_small",
            "content": {
              "text": "Quiquia non dolore quiquia etincidunt tempora."
            }
          },
          {
            "template_id": "paragraph_large",
            "content": {
              "text": "Quaerat voluptatem neque etincidunt labore dolore neque. Tempora sed tempora est sit. Dolorem neque porro modi quaerat tempora amet quiquia. Tempora consectetur modi quiquia dolorem quiquia quaerat aliquam. Dolor aliquam modi magnam etincidunt sed. Dolore voluptatem porro tempora numquam. Ut neque numquam velit porro dolorem."
            }
          }
        ]
      }
    },
    {
      "template_id": "key_concepts",
      "color_scheme": "dark",
      "content": {
        "title": "Key Concepts",
        "intro": "Lorem ipsum",
        "concepts": [
          {
            "title": "Quiquia dolore adipi",
            "body": "Quisquam sit dolore voluptatem quiquia amet. Velit velit est neque sit. Quisquam magnam porro quaerat est. Etincidunt numquam sed numquam aliquam magnam dolorem quaerat. Ut quaerat sit consectetur aliquam quiquia dolorem est. Dolore dolore voluptatem",
            "source": "-International Development Organization"
          },
          {
            "title": "Labore eius etincidu",
            "body": "Quiquia aliquam quaerat sed. Labore amet quisquam numquam amet. Est labore quisquam voluptatem sit numquam magnam modi. Sit tempora aliquam neque eius dolor etincidunt. Voluptatem dolor quiquia quiquia. Magnam dolore non tempora non. Ipsum amet est d",
            "source": ""
          },
          {
            "title": "Quaerat dolorem ipsu",
            "body": "Dolore aliquam etincidunt aliquam dolorem ut consectetur. Consectetur quiquia magnam voluptatem voluptatem ipsum non. Modi labore magnam sit dolore. Etincidunt est labore velit porro magnam. Non quaerat amet quisquam numquam.",
            "source": ""
          }
        ]
      },
      "colorscheme": "dark"
    },
    {
      "template_id": "photo_full_height",
      "colorscheme": "dark",
      "content": {
        "image": {
          "src": "https://elementum-esg.co.uk/wp-content/uploads/2024/04/energy-sources.png",
          "caption": ""
        }
      }
    },
    {
      "template_id": "text",
      "colorscheme": "dark",
      "content": {
        "text_elements": [
          {
            "template_id": "subtitle",
            "content": {
              "text": "Voluptatem quiquia ut dolor voluptatem neque numquam dolore"
            }
          },
          {
            "template_id": "paragraph_medium",
            "content": {
              "text": "Quaerat voluptatem amet velit ut. Velit consectetur non sed ipsum dolor. Quaerat sed non quisquam. Voluptatem ut aliquam porro non ut tempora dolorem. Voluptatem numquam dolor neque aliquam. Quiquia amet eius magnam tempora porro. Quaerat dolor etincidunt consectetur amet aliquam. Amet voluptatem numquam voluptatem aliquam tempora sit dolor. Est tempora magnam sit labore dolor quaerat consectetur."
            }
          }
        ]
      }
    },
    {
      "template_id": "key_takeaways",
      "content": {
        "title": "Key Takeaways",
        "intro": "Etincidunt non sed dolor neque velit.",
        "takeaways": [
          {
            "image": {
              "src": "https://web14.bernama.com/storage/photos/830db0b0eb59429f4a6f5618134452c963f433bee8a98",
              "caption": ""
            },
            "title": "Ipsum...",
            "description": "Quaerat dolore magnam quisquam numquam porro. Ipsum etincidunt dolore neque. Ipsum dolorem porro magnam dolorem. Modi non labore eius amet. Ut etincidunt dolore non. Voluptatem dolorem ipsum sed. Aliquam labore quiquia modi non ut modi aliquam. Consectetur etincidunt dolore quisquam quiquia est. Quiquia est modi ut sed adipisci quaerat."
          },
          {
            "image": {
              "src": "https://live.staticflickr.com/5504/14454539704_b8910261c0_b.jpg",
              "caption": ""
            },
            "title": "Numquam...",
            "description": "Sed voluptatem amet etincidunt consectetur. Tempora voluptatem quisquam quiquia non ut porro voluptatem. Dolore amet dolorem amet labore labore. Sed neque adipisci consectetur. Quaerat etincidunt dolorem dolore etincidunt voluptatem quaerat est. Numquam dolor numquam quaerat amet labore quiquia. Adipisci non neque velit consectetur numquam velit est. Quiquia ut ut adipisci est voluptatem."
          },
          {
            "image": {
              "src": "https://web14.bernama.com/storage/photos/830db0b0eb59429f4a6f5618134452c963f433bee8a98",
              "caption": ""
            },
            "title": "Numquam...",
            "description": "Est non porro adipisci quisquam velit. Consectetur eius quaerat aliquam. Ut porro non modi voluptatem neque eius modi. Neque aliquam dolorem neque consectetur labore. Sit eius consectetur modi."
          }
        ]
      },
      "colorscheme": "light"
    },
    {
      "template_id": "key_resources",
      "content": {
        "title": "Key Resources",
        "resources": [
          {
            "image": {
              "src": "https://elementum-esg.co.uk/wp-content/uploads/2024/04/energy-sources.png",
              "caption": ""
            },
            "text": "Amet...",
            "cta": "Click to download",
            "href": "https://www.undp.org/publications/undps-energy-strategy"
          },
          {
            "image": {
              "src": "https://cdn.prod.website-files.com/6487341142c5367c3cefe169/670703187e5c652197eacf42_Energy.png",
              "caption": ""
            },
            "text": "Modi...",
            "cta": "Click to download",
            "href": "https://www.undp.org/publications/undps-energy-strategy"
          },
          {
            "image": {
              "src": "https://cdn.prod.website-files.com/6487341142c5367c3cefe169/670703187e5c652197eacf42_Energy.png",
              "caption": ""
            },
            "text": "Magnam...",
            "cta": "Click to download",
            "href": "https://www.undp.org/publications/undps-energy-strategy"
          }
        ],
        "intro": "Porro quisquam porro labore adipisci dolor consectetur."
      },
      "colorscheme": "light"
    },
    {
      "template_id": "connection_next",
      "content": {
        "image": {
          "src": "https://cdn.prod.website-files.com/6487341142c5367c3cefe169/670703187e5c652197eacf42_Energy.png",
          "caption": ""
        },
        "intro": "Next up",
        "title": "Chapter 3 Outro",
        "cta": "Start learning",
        "nextLessonId": "1.3.-1"
      }
    }
  ]
}