{
  "id": "1.3.4",
  "segments": [
    {
      "template_id": "lesson_cover",
      "content": {
        "image": {
          "src": "https://www.resusenergy.lk/images/Resus_Enegry_Images/Project_Images/mahiyagnanaya/dji_0008.jpg",
          "caption": ""
        },
        "lesson": {
          "label": "Lesson",
          "Number": "4"
        },
        "intro": "M1: Intro to Sustainable Energy for Development | Chapter 3 | Lesson 4",
        "title": "Asia-Pacific"
      },
      "colorscheme": "dark"
    },
    {
      "template_id": "text",
      "colorscheme": "light",
      "content": {
        "text_elements": [
          {
            "template_id": "subtitle",
            "content": {
              "text": "Lesson Overview"
            }
          },
          {
            "template_id": "subtitle_small",
            "content": {
              "text": "Labore adipisci ut quiquia."
            }
          },
          {
            "template_id": "paragraph_large",
            "content": {
              "text": "Magnam dolor magnam numquam velit. Est consectetur dolore consectetur. Etincidunt porro dolorem adipisci aliquam porro porro. Neque quisquam sit quiquia consectetur amet est. Neque modi labore eius eius amet. Amet quisquam adipisci dolor amet neque quisquam dolor."
            }
          }
        ]
      }
    },
    {
      "template_id": "key_concepts",
      "color_scheme": "dark",
      "content": {
        "title": "Key Concepts",
        "intro": "Lorem ipsum",
        "concepts": [
          {
            "title": "Aliquam quiquia sed ",
            "body": "Sed neque amet tempora. Ut est est sit velit numquam dolore. Dolor consectetur ipsum dolorem. Tempora eius sed est tempora non tempora. Numquam dolorem neque modi voluptatem. Amet numquam sit neque. Quaerat modi eius adipisci neque dolor.",
            "source": "-International Development Organization"
          },
          {
            "title": "Quaerat sed ipsum do",
            "body": "Quaerat dolor consectetur modi ut modi. Tempora adipisci sit sit eius. Ipsum sit quaerat non ut non. Ipsum amet non sed. Est dolore eius numquam. Est tempora labore ut quaerat ipsum ipsum numquam.",
            "source": ""
          },
          {
            "title": "Labore voluptatem te",
            "body": "Quisquam eius velit numquam labore dolor aliquam non. Consectetur tempora numquam consectetur. Neque numquam eius sed. Numquam ipsum non adipisci ut sit quisquam. Sit non quisquam quiquia dolor velit quiquia. Magnam sit sit aliquam ipsum porro est po",
            "source": ""
          }
        ]
      },
      "colorscheme": "dark"
    },
    {
      "template_id": "photo_full_height",
      "colorscheme": "dark",
      "content": {
        "image": {
          "src": "https://www.resusenergy.lk/images/Resus_Enegry_Images/Project_Images/mahiyagnanaya/dji_0008.jpg",
          "caption": ""
        }
      }
    },
    {
      "template_id": "text",
      "colorscheme": "dark",
      "content": {
        "text_elements": [
          {
            "template_id": "subtitle",
            "content": {
              "text": "Ipsum ut adipisci modi ut quaerat dolorem sed"
            }
          },
          {
            "template_id": "paragraph_medium",
            "content": {
              "text": "Sit non eius adipisci dolorem. Etincidunt non labore consectetur aliquam quaerat ut. Modi quiquia numquam consectetur dolorem neque labore. Sit voluptatem labore numquam ut quaerat non dolorem. Porro quisquam ut tempora ipsum porro. Ut consectetur porro voluptatem modi velit porro. Dolore dolor porro modi est modi consectetur. Adipisci aliquam sit sit porro. Sed dolorem velit adipisci etincidunt est non."
            }
          }
        ]
      }
    },
    {
      "template_id": "key_takeaways",
      "content": {
        "title": "Key Takeaways",
        "intro": "Magnam dolorem est dolor etincidunt dolore sed.",
        "takeaways": [
          {
            "image": {
              "src": "https://www.healthtechdigital.com/wp-content/uploads/Artificial-Intelligence-in-renewable-energy-market-Study-shows-important-fields-of-application.-min.jpg",
              "caption": ""
            },
            "title": "Ipsum...",
            "description": "Velit dolor porro consectetur eius eius. Est consectetur ipsum eius. Velit labore aliquam tempora. Aliquam amet non quisquam ut sed voluptatem numquam. Aliquam quisquam porro est ipsum etincidunt. Ipsum ipsum tempora dolore modi. Dolorem etincidunt quisquam velit adipisci quaerat velit dolore. Velit etincidunt magnam quaerat magnam eius."
          },
          {
            "image": {
              "src": "https://web14.bernama.com/storage/photos/830db0b0eb59429f4a6f5618134452c963f433bee8a98",
              "caption": ""
            },
            "title": "Eius...",
            "description": "Quisquam adipisci tempora porro quaerat. Consectetur eius porro ut. Magnam labore quiquia quaerat dolorem. Dolor dolor quisquam numquam ut non. Quisquam dolor quaerat dolore. Etincidunt amet modi adipisci tempora. Ut ut velit etincidunt voluptatem magnam quiquia. Quisquam ut labore voluptatem quisquam sed labore magnam. Tempora porro quiquia velit porro dolore etincidunt aliquam."
          },
          {
            "image": {
              "src": "https://cdn.prod.website-files.com/6487341142c5367c3cefe169/670703187e5c652197eacf42_Energy.png",
              "caption": ""
            },
            "title": "Est...",
            "description": "Quiquia quiquia numquam quaerat. Quisquam tempora aliquam quiquia quaerat. Consectetur ut neque aliquam quaerat. Quisquam sit dolor quaerat adipisci quiquia neque. Non ut ipsum ipsum neque voluptatem. Modi dolor ut dolorem velit tempora."
          }
        ]
      },
      "colorscheme": "dark"
    },
    {
      "template_id": "key_resources",
      "content": {
        "title": "Key Resources",
        "resources": [
          {
            "image": {
              "src": "https://iea.imgix.net/5860051d-c92e-4fea-8a90-12bf5334dbef/Renewables_2023_shutterstock_1527609272.jpg",
              "caption": ""
            },
            "text": "Quiquia...",
            "cta": "Click to download",
            "href": "https://www.undp.org/publications/undps-energy-strategy"
          },
          {
            "image": {
              "src": "https://elementum-esg.co.uk/wp-content/uploads/2024/04/energy-sources.png",
              "caption": ""
            },
            "text": "Porro...",
            "cta": "Click to download",
            "href": "https://www.undp.org/publications/undps-energy-strategy"
          },
          {
            "image": {
              "src": "https://live.staticflickr.com/1552/26342931015_38814fbfac_b.jpg",
              "caption": ""
            },
            "text": "Quisquam...",
            "cta": "Click to download",
            "href": "https://www.undp.org/publications/undps-energy-strategy"
          }
        ],
        "intro": "Numquam non adipisci ipsum."
      },
      "colorscheme": "dark"
    },
    {
      "template_id": "connection_next",
      "content": {
        "image": {
          "src": "https://iea.imgix.net/5860051d-c92e-4fea-8a90-12bf5334dbef/Renewables_2023_shutterstock_1527609272.jpg",
          "caption": ""
        },
        "intro": "Next up",
        "title": "Africa",
        "cta": "Start learning",
        "nextLessonId": "1.3.5"
      }
    }
  ]
}