{
  "id": "1.3.3",
  "segments": [
    {
      "template_id": "lesson_cover",
      "content": {
        "image": {
          "src": "https://live.staticflickr.com/5504/14454539704_b8910261c0_b.jpg",
          "caption": ""
        },
        "lesson": {
          "label": "Lesson",
          "Number": "3"
        },
        "intro": "M1: Intro to Sustainable Energy for Development | Chapter 3 | Lesson 3",
        "title": "Arab States"
      },
      "colorscheme": "dark"
    },
    {
      "template_id": "text",
      "colorscheme": "dark",
      "content": {
        "text_elements": [
          {
            "template_id": "subtitle",
            "content": {
              "text": "Lesson Overview"
            }
          },
          {
            "template_id": "subtitle_small",
            "content": {
              "text": "Sed eius quaerat quaerat sed quisquam."
            }
          },
          {
            "template_id": "paragraph_large",
            "content": {
              "text": "Non eius amet quiquia eius porro adipisci dolore. Etincidunt dolor porro amet amet porro magnam adipisci. Dolorem adipisci dolor non modi quisquam neque. Dolor eius etincidunt quisquam non modi tempora. Voluptatem velit ut neque voluptatem. Magnam quaerat dolorem neque dolore dolore sit sit. Dolorem numquam numquam modi velit etincidunt."
            }
          }
        ]
      }
    },
    {
      "template_id": "key_concepts",
      "color_scheme": "dark",
      "content": {
        "title": "Key Concepts",
        "intro": "Lorem ipsum",
        "concepts": [
          {
            "title": "Voluptatem quisquam ",
            "body": "Porro quisquam quiquia magnam. Numquam magnam sit sit magnam. Etincidunt ut adipisci consectetur. Labore ipsum non labore velit porro porro consectetur. Ut neque adipisci porro adipisci numquam quisquam. Velit consectetur quaerat dolore. Non sit sed ",
            "source": "-International Development Organization"
          },
          {
            "title": "Porro quisquam quaer",
            "body": "Etincidunt sit voluptatem voluptatem consectetur dolore. Quisquam amet ut eius neque quaerat. Labore neque dolor ipsum. Ipsum eius ipsum eius eius aliquam dolorem quaerat. Dolore voluptatem dolor eius. Modi consectetur dolor dolor eius ipsum aliquam ",
            "source": ""
          },
          {
            "title": "Consectetur dolorem ",
            "body": "Quiquia quiquia non quaerat neque numquam est modi. Porro numquam quiquia quiquia sit quaerat sit. Est dolorem ut etincidunt magnam. Est quaerat ut amet. Quiquia etincidunt labore quaerat magnam. Ipsum eius consectetur modi sit quiquia porro porro. D",
            "source": ""
          }
        ]
      },
      "colorscheme": "light"
    },
    {
      "template_id": "photo_full_height",
      "colorscheme": "dark",
      "content": {
        "image": {
          "src": "https://live.staticflickr.com/5504/14454539704_b8910261c0_b.jpg",
          "caption": ""
        }
      }
    },
    {
      "template_id": "text",
      "colorscheme": "dark",
      "content": {
        "text_elements": [
          {
            "template_id": "subtitle",
            "content": {
              "text": "Ipsum dolor quiquia magnam amet consectetur"
            }
          },
          {
            "template_id": "paragraph_medium",
            "content": {
              "text": "Ut modi neque etincidunt. Dolor numquam tempora quisquam quaerat eius eius quiquia. Ut dolore sit dolor ut etincidunt magnam. Ipsum magnam dolorem quisquam consectetur tempora ut amet. Non magnam dolor aliquam dolor. Dolor aliquam quiquia velit tempora ipsum. Est dolorem magnam voluptatem velit voluptatem. Eius sed dolorem adipisci quiquia eius quisquam ipsum. Velit porro adipisci quiquia voluptatem amet."
            }
          }
        ]
      }
    },
    {
      "template_id": "key_takeaways",
      "content": {
        "title": "Key Takeaways",
        "intro": "Neque quiquia numquam non quiquia.",
        "takeaways": [
          {
            "image": {
              "src": "https://www.energy.gov/sites/default/files/styles/full_article_width/public/2023-11/GRIP%20Blog%20Posting%20Clean%20Energy%20Solar%20Panels.jpg?itok=5KDc3kxK",
              "caption": ""
            },
            "title": "Etincidunt...",
            "description": "Ipsum sed velit ut aliquam. Eius adipisci quiquia quaerat labore ut. Etincidunt modi dolore magnam. Tempora eius dolore aliquam non. Adipisci etincidunt sit neque ut quisquam dolorem sit. Numquam quaerat quisquam modi."
          },
          {
            "image": {
              "src": "https://live.staticflickr.com/3775/10838225595_b7d942e452_h.jpg",
              "caption": ""
            },
            "title": "Sed...",
            "description": "Consectetur numquam non labore numquam magnam magnam. Consectetur aliquam sed ipsum tempora. Dolorem velit quaerat dolorem tempora neque porro. Amet numquam sit ipsum. Non labore amet tempora modi porro quisquam labore."
          },
          {
            "image": {
              "src": "https://www.undp.org/sites/g/files/zskgke326/files/2023-05/1525381088_0.jpg",
              "caption": ""
            },
            "title": "Modi...",
            "description": "Dolorem ipsum ut ipsum non quaerat aliquam. Voluptatem labore velit neque magnam consectetur. Ipsum ut neque voluptatem numquam. Amet velit quiquia quiquia ipsum non numquam sed. Eius labore ut adipisci. Aliquam tempora quisquam eius non. Ipsum sit dolore voluptatem quiquia. Dolorem consectetur ut aliquam."
          }
        ]
      },
      "colorscheme": "light"
    },
    {
      "template_id": "key_resources",
      "content": {
        "title": "Key Resources",
        "resources": [
          {
            "image": {
              "src": "https://www.healthtechdigital.com/wp-content/uploads/Artificial-Intelligence-in-renewable-energy-market-Study-shows-important-fields-of-application.-min.jpg",
              "caption": ""
            },
            "text": "Non...",
            "cta": "Click to download",
            "href": "https://www.undp.org/publications/undps-energy-strategy"
          },
          {
            "image": {
              "src": "https://elementum-esg.co.uk/wp-content/uploads/2024/04/energy-sources.png",
              "caption": ""
            },
            "text": "Neque...",
            "cta": "Click to download",
            "href": "https://www.undp.org/publications/undps-energy-strategy"
          },
          {
            "image": {
              "src": "https://live.staticflickr.com/5504/14454539704_b8910261c0_b.jpg",
              "caption": ""
            },
            "text": "Est...",
            "cta": "Click to download",
            "href": "https://www.undp.org/publications/undps-energy-strategy"
          }
        ],
        "intro": "Aliquam quiquia etincidunt modi eius."
      },
      "colorscheme": "dark"
    },
    {
      "template_id": "connection_next",
      "content": {
        "image": {
          "src": "https://elements-resized.envatousercontent.com/elements-video-cover-images/3254f24d-2426-43ae-b55d-aedc5cd25fea/video_preview/video_preview_0000.jpg?w=1400&cf_fit=cover&q=85&format=auto&s=8801a0bc8becf7ebb4baee10701611ef4b9f3f6939ca660e3a0b90514b7cf8d2",
          "caption": ""
        },
        "intro": "Next up",
        "title": "Asia-Pacific",
        "cta": "Start learning",
        "nextLessonId": "1.3.4"
      }
    }
  ]
}