{
  "id": "1.3.1",
  "segments": [
    {
      "template_id": "lesson_cover",
      "content": {
        "image": {
          "src": "https://web14.bernama.com/storage/photos/830db0b0eb59429f4a6f5618134452c963f433bee8a98",
          "caption": ""
        },
        "lesson": {
          "label": "Lesson",
          "Number": "1"
        },
        "intro": "M1: Intro to Sustainable Energy for Development | Chapter 3 | Lesson 1",
        "title": "Latin America and the Caribbean"
      },
      "colorscheme": "light"
    },
    {
      "template_id": "text",
      "colorscheme": "dark",
      "content": {
        "text_elements": [
          {
            "template_id": "subtitle",
            "content": {
              "text": "Lesson Overview"
            }
          },
          {
            "template_id": "subtitle_small",
            "content": {
              "text": "Adipisci non voluptatem est consectetur non ipsum."
            }
          },
          {
            "template_id": "paragraph_large",
            "content": {
              "text": "Adipisci amet sed voluptatem dolore. Adipisci consectetur dolore consectetur non numquam adipisci ipsum. Est quisquam adipisci ipsum eius etincidunt consectetur. Velit labore sed velit. Consectetur neque est porro sed magnam aliquam."
            }
          }
        ]
      }
    },
    {
      "template_id": "key_concepts",
      "color_scheme": "dark",
      "content": {
        "title": "Key Concepts",
        "intro": "Lorem ipsum",
        "concepts": [
          {
            "title": "Amet tempora ipsum d",
            "body": "Est quisquam dolor labore neque dolorem. Neque non neque quisquam consectetur. Modi tempora ut tempora dolorem. Dolore dolor quisquam labore tempora. Amet velit numquam etincidunt dolore ut consectetur. Tempora quaerat amet quaerat sit modi amet. Vol",
            "source": "-International Development Organization"
          },
          {
            "title": "Aliquam magnam eius ",
            "body": "Quiquia modi aliquam quisquam etincidunt amet amet magnam. Adipisci voluptatem dolorem eius dolor amet ipsum sed. Dolore numquam labore est ut adipisci sed. Etincidunt aliquam tempora aliquam dolor dolor dolorem neque. Ipsum modi amet eius dolore eiu",
            "source": ""
          },
          {
            "title": "Voluptatem aliquam n",
            "body": "Adipisci neque velit dolor quaerat ipsum. Non labore adipisci numquam quaerat dolorem ipsum. Sed neque eius magnam modi. Quaerat ipsum neque non dolorem neque sed. Ut est porro dolorem dolor sit neque. Eius adipisci dolorem numquam dolor dolor quaera",
            "source": ""
          }
        ]
      },
      "colorscheme": "dark"
    },
    {
      "template_id": "photo_full_height",
      "colorscheme": "light",
      "content": {
        "image": {
          "src": "https://web14.bernama.com/storage/photos/830db0b0eb59429f4a6f5618134452c963f433bee8a98",
          "caption": ""
        }
      }
    },
    {
      "template_id": "text",
      "colorscheme": "light",
      "content": {
        "text_elements": [
          {
            "template_id": "subtitle",
            "content": {
              "text": "Sit tempora eius numquam ut"
            }
          },
          {
            "template_id": "paragraph_medium",
            "content": {
              "text": "Non voluptatem tempora ut. Adipisci tempora ipsum sed. Magnam sit sed etincidunt est dolorem labore quisquam. Numquam eius porro magnam neque. Sit labore magnam sit. Adipisci sed neque non non eius quaerat quiquia."
            }
          }
        ]
      }
    },
    {
      "template_id": "key_takeaways",
      "content": {
        "title": "Key Takeaways",
        "intro": "Voluptatem modi quiquia porro numquam etincidunt labore.",
        "takeaways": [
          {
            "image": {
              "src": "https://csis-website-prod.s3.amazonaws.com/s3fs-public/2024-01/AdobeStock_40869586_Crop1.jpg?VersionId=1HVO4O4gG312NydD1v8CElYVGjfLOYtH",
              "caption": ""
            },
            "title": "Amet...",
            "description": "Dolor quaerat amet ipsum non dolorem amet. Labore quaerat sit amet amet. Amet quiquia non dolor. Magnam etincidunt labore dolorem quisquam ipsum. Aliquam porro velit quiquia est adipisci labore. Voluptatem porro sed sed numquam magnam. Voluptatem eius labore quisquam voluptatem quaerat dolore tempora. Voluptatem neque tempora ipsum quisquam ipsum dolorem. Labore sed sit non ut porro. Voluptatem magnam adipisci quiquia modi quisquam magnam dolore."
          },
          {
            "image": {
              "src": "https://www.resusenergy.lk/images/Resus_Enegry_Images/Project_Images/mahiyagnanaya/dji_0008.jpg",
              "caption": ""
            },
            "title": "Consectetur...",
            "description": "Porro numquam numquam consectetur voluptatem sed. Amet eius sed sed dolorem tempora consectetur porro. Velit velit quaerat voluptatem. Magnam dolore dolor non. Labore amet est amet aliquam quaerat ut. Quiquia neque non voluptatem sit magnam ut. Consectetur non tempora est sit non. Eius labore dolor sed dolore sed eius neque. Neque consectetur etincidunt dolor quaerat amet. Voluptatem dolore ipsum quaerat."
          },
          {
            "image": {
              "src": "https://www.energy.gov/sites/default/files/styles/full_article_width/public/2023-11/GRIP%20Blog%20Posting%20Clean%20Energy%20Solar%20Panels.jpg?itok=5KDc3kxK",
              "caption": ""
            },
            "title": "Eius...",
            "description": "Etincidunt aliquam magnam quaerat modi neque velit. Dolore ut velit velit quaerat. Quiquia est velit labore non est quisquam. Ipsum tempora aliquam ipsum. Numquam magnam porro magnam etincidunt. Eius porro quisquam sit tempora quisquam quiquia."
          }
        ]
      },
      "colorscheme": "light"
    },
    {
      "template_id": "key_resources",
      "content": {
        "title": "Key Resources",
        "resources": [
          {
            "image": {
              "src": "https://www.healthtechdigital.com/wp-content/uploads/Artificial-Intelligence-in-renewable-energy-market-Study-shows-important-fields-of-application.-min.jpg",
              "caption": ""
            },
            "text": "Quisquam...",
            "cta": "Click to download",
            "href": "https://www.undp.org/publications/undps-energy-strategy"
          },
          {
            "image": {
              "src": "https://live.staticflickr.com/1552/26342931015_38814fbfac_b.jpg",
              "caption": ""
            },
            "text": "Aliquam...",
            "cta": "Click to download",
            "href": "https://www.undp.org/publications/undps-energy-strategy"
          },
          {
            "image": {
              "src": "https://coolermed.com/wp-content/uploads/2023/02/what-is-sustainable-energy-how-to-apply-it-to-medical-use.jpg",
              "caption": ""
            },
            "text": "Velit...",
            "cta": "Click to download",
            "href": "https://www.undp.org/publications/undps-energy-strategy"
          }
        ],
        "intro": "Ut quaerat eius aliquam adipisci consectetur eius."
      },
      "colorscheme": "light"
    },
    {
      "template_id": "connection_next",
      "content": {
        "image": {
          "src": "https://live.staticflickr.com/5504/14454539704_b8910261c0_b.jpg",
          "caption": ""
        },
        "intro": "Next up",
        "title": "Eastern Europe and Central Asia",
        "cta": "Start learning",
        "nextLessonId": "1.3.2"
      }
    }
  ]
}