{
  "id": "1.4.1",
  "segments": [
    {
      "template_id": "lesson_cover",
      "content": {
        "image": {
          "src": "https://live.staticflickr.com/5504/14454539704_b8910261c0_b.jpg",
          "caption": ""
        },
        "lesson": {
          "label": "Lesson",
          "Number": "1"
        },
        "intro": "M1: Intro to Sustainable Energy for Development | Chapter 4 | Lesson 1",
        "title": "The Sustainable Energy Academy: Modules 2-8"
      },
      "colorscheme": "light"
    },
    {
      "template_id": "text",
      "colorscheme": "light",
      "content": {
        "text_elements": [
          {
            "template_id": "subtitle",
            "content": {
              "text": "Lesson Overview"
            }
          },
          {
            "template_id": "subtitle_small",
            "content": {
              "text": "Voluptatem quisquam aliquam consectetur amet aliquam dolor."
            }
          },
          {
            "template_id": "paragraph_large",
            "content": {
              "text": "Non etincidunt quisquam eius. Est eius dolore aliquam porro quisquam porro labore. Amet ut dolorem magnam. Labore dolore voluptatem magnam quaerat velit consectetur. Ut sit est est dolore quiquia etincidunt neque. Aliquam dolorem dolor modi. Ipsum quaerat tempora dolor adipisci dolore. Numquam dolore tempora sed voluptatem quisquam. Tempora sed dolorem quiquia dolore. Est velit dolorem est sed non est eius."
            }
          }
        ]
      }
    },
    {
      "template_id": "key_concepts",
      "color_scheme": "dark",
      "content": {
        "title": "Key Concepts",
        "intro": "Lorem ipsum",
        "concepts": [
          {
            "title": "Etincidunt sed etinc",
            "body": "Sit amet dolor voluptatem neque consectetur etincidunt. Dolore ut numquam ipsum dolor modi adipisci voluptatem. Magnam magnam dolorem amet porro non ut. Sit est quaerat tempora etincidunt quaerat dolor. Etincidunt dolor etincidunt porro. Eius neque m",
            "source": "-International Development Organization"
          },
          {
            "title": "Aliquam neque dolore",
            "body": "Quaerat aliquam porro consectetur labore magnam. Sed dolorem est sed aliquam dolorem. Adipisci dolorem labore est dolor. Magnam voluptatem neque porro quaerat adipisci. Voluptatem dolor sed consectetur neque velit. Numquam aliquam tempora quiquia lab",
            "source": ""
          },
          {
            "title": "Neque dolore volupta",
            "body": "Dolorem magnam quiquia sed dolor labore. Neque ipsum quisquam neque tempora etincidunt. Numquam neque dolor sit. Adipisci etincidunt quaerat quisquam modi. Quaerat quaerat voluptatem est est sit amet. Tempora est velit numquam velit sit quiquia porro",
            "source": ""
          }
        ]
      },
      "colorscheme": "dark"
    },
    {
      "template_id": "photo_full_height",
      "colorscheme": "light",
      "content": {
        "image": {
          "src": "https://live.staticflickr.com/5504/14454539704_b8910261c0_b.jpg",
          "caption": ""
        }
      }
    },
    {
      "template_id": "text",
      "colorscheme": "light",
      "content": {
        "text_elements": [
          {
            "template_id": "subtitle",
            "content": {
              "text": "Aliquam voluptatem labore porro ipsum consectetur modi dolorem"
            }
          },
          {
            "template_id": "paragraph_medium",
            "content": {
              "text": "Voluptatem tempora voluptatem quisquam adipisci eius modi amet. Porro numquam quaerat numquam. Velit ut dolor dolorem porro est. Tempora quiquia non dolor eius magnam non neque. Velit non quiquia modi eius. Etincidunt ut amet adipisci. Numquam est dolore ipsum. Labore ipsum dolorem tempora quiquia sed. Amet adipisci quiquia quiquia tempora. Numquam labore modi est ipsum ipsum porro."
            }
          }
        ]
      }
    },
    {
      "template_id": "key_takeaways",
      "content": {
        "title": "Key Takeaways",
        "intro": "Quiquia voluptatem quisquam est sed ipsum quaerat.",
        "takeaways": [
          {
            "image": {
              "src": "https://live.staticflickr.com/5504/14454539704_b8910261c0_b.jpg",
              "caption": ""
            },
            "title": "Consectetur...",
            "description": "Porro quaerat dolor amet neque numquam porro ipsum. Amet aliquam dolorem non tempora dolore dolor adipisci. Sit quaerat labore consectetur aliquam labore. Dolorem tempora dolore velit. Numquam magnam neque sed adipisci modi etincidunt. Non sit magnam porro."
          },
          {
            "image": {
              "src": "https://live.staticflickr.com/5504/14454539704_b8910261c0_b.jpg",
              "caption": ""
            },
            "title": "Aliquam...",
            "description": "Aliquam ipsum porro dolor labore consectetur. Dolor est magnam numquam adipisci quiquia. Porro sed ut quaerat numquam. Labore non numquam sit ipsum ut. Dolore consectetur dolore etincidunt sit. Quaerat modi ipsum velit. Quiquia aliquam ut quaerat quaerat. Neque voluptatem quisquam quiquia."
          },
          {
            "image": {
              "src": "https://web14.bernama.com/storage/photos/830db0b0eb59429f4a6f5618134452c963f433bee8a98",
              "caption": ""
            },
            "title": "Ut...",
            "description": "Ut etincidunt aliquam non tempora ipsum est dolor. Dolore adipisci dolorem consectetur magnam labore magnam. Consectetur ipsum labore numquam. Voluptatem magnam quaerat voluptatem. Numquam magnam dolor ut adipisci sit porro. Modi modi magnam voluptatem amet velit voluptatem eius. Voluptatem amet amet etincidunt aliquam labore. Dolore est quaerat etincidunt numquam est sed dolore."
          }
        ]
      },
      "colorscheme": "light"
    },
    {
      "template_id": "key_resources",
      "content": {
        "title": "Key Resources",
        "resources": [
          {
            "image": {
              "src": "https://www.resusenergy.lk/images/Resus_Enegry_Images/Project_Images/mahiyagnanaya/dji_0008.jpg",
              "caption": ""
            },
            "text": "Amet...",
            "cta": "Click to download",
            "href": "https://www.undp.org/publications/undps-energy-strategy"
          },
          {
            "image": {
              "src": "https://www.undp.org/sites/g/files/zskgke326/files/2023-05/1525381088_0.jpg",
              "caption": ""
            },
            "text": "Quaerat...",
            "cta": "Click to download",
            "href": "https://www.undp.org/publications/undps-energy-strategy"
          },
          {
            "image": {
              "src": "https://csis-website-prod.s3.amazonaws.com/s3fs-public/2024-01/AdobeStock_40869586_Crop1.jpg?VersionId=1HVO4O4gG312NydD1v8CElYVGjfLOYtH",
              "caption": ""
            },
            "text": "Labore...",
            "cta": "Click to download",
            "href": "https://www.undp.org/publications/undps-energy-strategy"
          }
        ],
        "intro": "Sit consectetur non eius sit quisquam quiquia."
      },
      "colorscheme": "light"
    },
    {
      "template_id": "connection_next",
      "content": {
        "image": {
          "src": "https://iea.imgix.net/5860051d-c92e-4fea-8a90-12bf5334dbef/Renewables_2023_shutterstock_1527609272.jpg",
          "caption": ""
        },
        "intro": "Next up",
        "title": "Chapter 4 Outro",
        "cta": "Start learning",
        "nextLessonId": "1.4.-1"
      }
    }
  ]
}