{
  "id": "1.4.0",
  "segments": [
    {
      "template_id": "chapter_cover",
      "content": {
        "image": {
          "src": "https://web14.bernama.com/storage/photos/830db0b0eb59429f4a6f5618134452c963f433bee8a98",
          "caption": ""
        },
        "chapter": {
          "label": "Chapter",
          "Number": "4"
        },
        "intro": "Just Energy Transition | chapter 1",
        "title": "Chapter 4 Introduction",
        "cta": "Scroll, tab or use your keyboard to move ahead",
        "subtitle": "M1: Intro to Sustainable Energy for Development | Chapter 4"
      },
      "colorscheme": "light"
    },
    {
      "template_id": "text",
      "colorscheme": "light",
      "content": {
        "text_elements": [
          {
            "template_id": "subtitle",
            "content": {
              "text": "Chapter Overview"
            }
          },
          {
            "template_id": "subtitle_small",
            "content": {
              "text": "Etincidunt voluptatem dolorem adipisci."
            }
          },
          {
            "template_id": "paragraph_large",
            "content": {
              "text": "Sit quiquia adipisci ipsum. Ut sit dolor non. Dolorem dolore quiquia ipsum adipisci non. Tempora sed aliquam eius porro aliquam consectetur. Adipisci sit etincidunt sit dolorem sed ut quaerat."
            }
          }
        ]
      }
    },
    {
      "template_id": "list_of_lessons",
      "content": {
        "title": "What's next in this chapter?",
        "lessons": [
          {
            "cta": "Go to the lesson",
            "description": "Neque quaerat non quisquam adipisci adipisci quiquia non.",
            "lessonId": "1.4.1",
            "image": {
              "src": "https://www.powerengineeringint.com/wp-content/uploads/2024/04/renewable-energy_cybersecurity.jpg",
              "caption": ""
            },
            "title": "The Sustainable Energy Academy: Modules 2-8",
            "type": "Lesson",
            "progress": "in_progress"
          }
        ]
      },
      "colorscheme": "light"
    },
    {
      "template_id": "connection_next",
      "content": {
        "image": {
          "src": "https://live.staticflickr.com/5504/14454539704_b8910261c0_b.jpg",
          "caption": ""
        },
        "intro": "Next up",
        "title": "The Sustainable Energy Academy: Modules 2-8",
        "cta": "Start learning",
        "nextLessonId": "1.4.1"
      }
    }
  ]
}