{
  "id": "1.1.4",
  "segments": [
    {
      "template_id": "lesson_cover",
      "content": {
        "image": {
          "src": "https://elementum-esg.co.uk/wp-content/uploads/2024/04/energy-sources.png",
          "caption": ""
        },
        "lesson": {
          "label": "Lesson",
          "Number": "4"
        },
        "intro": "M1: Intro to Sustainable Energy for Development | Chapter 1 | Lesson 4",
        "title": "Financing the Sustainable Energy Revolution"
      },
      "colorscheme": "dark"
    },
    {
      "template_id": "text",
      "colorscheme": "light",
      "content": {
        "text_elements": [
          {
            "template_id": "subtitle",
            "content": {
              "text": "Lesson Overview"
            }
          },
          {
            "template_id": "subtitle_small",
            "content": {
              "text": "Consectetur dolore sed dolore."
            }
          },
          {
            "template_id": "paragraph_large",
            "content": {
              "text": "Dolorem aliquam ipsum sit. Quiquia adipisci ipsum sit. Neque dolore quiquia neque magnam est. Dolore consectetur sit consectetur est quisquam. Neque quiquia tempora eius dolor quaerat. Quiquia tempora velit labore ut etincidunt. Voluptatem dolore neque quisquam modi velit modi ipsum. Aliquam modi velit dolore."
            }
          }
        ]
      }
    },
    {
      "template_id": "key_concepts",
      "color_scheme": "dark",
      "content": {
        "title": "Key Concepts",
        "intro": "Lorem ipsum",
        "concepts": [
          {
            "title": "Ipsum non dolorem ei",
            "body": "Tempora voluptatem dolor voluptatem porro velit consectetur voluptatem. Dolor tempora voluptatem amet consectetur porro porro. Dolore quiquia ut labore. Porro porro tempora dolorem. Sed est dolor est etincidunt. Dolorem quiquia est numquam quisquam s",
            "source": "-International Development Organization"
          },
          {
            "title": "Porro non dolore eti",
            "body": "Magnam eius sed voluptatem. Quisquam non quaerat ut modi neque etincidunt numquam. Voluptatem dolore consectetur dolor. Non quisquam consectetur est velit tempora. Eius tempora sit labore. Dolorem est consectetur dolor eius quaerat quisquam non. Labo",
            "source": ""
          },
          {
            "title": "Labore velit etincid",
            "body": "Dolore aliquam velit velit amet dolore est dolorem. Ut dolore tempora magnam amet adipisci. Tempora magnam consectetur modi aliquam est dolor dolorem. Eius sit porro magnam ipsum dolore. Quiquia velit adipisci porro tempora sit non sed.",
            "source": ""
          }
        ]
      },
      "colorscheme": "dark"
    },
    {
      "template_id": "photo_full_height",
      "colorscheme": "dark",
      "content": {
        "image": {
          "src": "https://elementum-esg.co.uk/wp-content/uploads/2024/04/energy-sources.png",
          "caption": ""
        }
      }
    },
    {
      "template_id": "text",
      "colorscheme": "dark",
      "content": {
        "text_elements": [
          {
            "template_id": "subtitle",
            "content": {
              "text": "Tempora amet porro numquam sit tempora eius consectetur"
            }
          },
          {
            "template_id": "paragraph_medium",
            "content": {
              "text": "Magnam quisquam velit velit neque amet tempora. Dolorem adipisci quaerat etincidunt. Non labore sed eius. Tempora quaerat dolor est. Ipsum ipsum adipisci quisquam magnam est ipsum. Quiquia neque etincidunt dolor. Porro porro velit adipisci sit quiquia neque."
            }
          }
        ]
      }
    },
    {
      "template_id": "key_takeaways",
      "content": {
        "title": "Key Takeaways",
        "intro": "Modi quiquia sit est etincidunt modi.",
        "takeaways": [
          {
            "image": {
              "src": "https://csis-website-prod.s3.amazonaws.com/s3fs-public/2024-01/AdobeStock_40869586_Crop1.jpg?VersionId=1HVO4O4gG312NydD1v8CElYVGjfLOYtH",
              "caption": ""
            },
            "title": "Sit...",
            "description": "Voluptatem sed sit dolorem etincidunt etincidunt. Quisquam modi voluptatem eius dolor quaerat. Sed porro est etincidunt tempora magnam amet dolorem. Sit modi est non ut ipsum dolore. Adipisci ut consectetur ipsum quiquia dolor magnam. Dolore quaerat quiquia adipisci numquam consectetur. Voluptatem est labore adipisci. Eius velit non sed ipsum neque."
          },
          {
            "image": {
              "src": "https://elementum-esg.co.uk/wp-content/uploads/2024/04/energy-sources.png",
              "caption": ""
            },
            "title": "Dolorem...",
            "description": "Neque adipisci quiquia velit adipisci ipsum. Labore ut etincidunt aliquam magnam magnam quaerat non. Eius quaerat etincidunt eius quiquia consectetur eius. Sed tempora quaerat consectetur. Sed dolore adipisci magnam. Ut ipsum sed amet. Tempora ipsum tempora est. Dolor dolorem eius labore eius velit quiquia voluptatem. Tempora est velit non quiquia modi etincidunt non."
          },
          {
            "image": {
              "src": "https://iea.imgix.net/5860051d-c92e-4fea-8a90-12bf5334dbef/Renewables_2023_shutterstock_1527609272.jpg",
              "caption": ""
            },
            "title": "Quisquam...",
            "description": "Etincidunt adipisci modi velit tempora. Adipisci dolorem velit voluptatem porro. Dolore eius neque ipsum porro sed neque. Magnam voluptatem eius dolor etincidunt. Quaerat aliquam amet modi ut dolore velit. Ut consectetur labore labore dolor aliquam. Ut eius amet dolor amet eius numquam sed. Aliquam amet non non. Adipisci voluptatem amet numquam labore. Tempora dolore magnam quiquia aliquam magnam."
          }
        ]
      },
      "colorscheme": "dark"
    },
    {
      "template_id": "key_resources",
      "content": {
        "title": "Key Resources",
        "resources": [
          {
            "image": {
              "src": "https://cdn.prod.website-files.com/6487341142c5367c3cefe169/670703187e5c652197eacf42_Energy.png",
              "caption": ""
            },
            "text": "Labore...",
            "cta": "Click to download",
            "href": "https://www.undp.org/publications/undps-energy-strategy"
          },
          {
            "image": {
              "src": "https://live.staticflickr.com/5504/14454539704_b8910261c0_b.jpg",
              "caption": ""
            },
            "text": "Voluptatem...",
            "cta": "Click to download",
            "href": "https://www.undp.org/publications/undps-energy-strategy"
          },
          {
            "image": {
              "src": "https://web14.bernama.com/storage/photos/830db0b0eb59429f4a6f5618134452c963f433bee8a98",
              "caption": ""
            },
            "text": "Voluptatem...",
            "cta": "Click to download",
            "href": "https://www.undp.org/publications/undps-energy-strategy"
          }
        ],
        "intro": "Aliquam quaerat quiquia labore porro quaerat voluptatem consectetur."
      },
      "colorscheme": "dark"
    },
    {
      "template_id": "connection_next",
      "content": {
        "image": {
          "src": "https://www.healthtechdigital.com/wp-content/uploads/Artificial-Intelligence-in-renewable-energy-market-Study-shows-important-fields-of-application.-min.jpg",
          "caption": ""
        },
        "intro": "Next up",
        "title": "Chapter 1 Outro",
        "cta": "Start learning",
        "nextLessonId": "1.1.-1"
      }
    }
  ]
}