{
  "id": "1.2.0",
  "segments": [
    {
      "template_id": "chapter_cover",
      "content": {
        "image": {
          "src": "https://imgs.mongabay.com/wp-content/uploads/sites/20/2025/02/18142934/29572133848_45af12a4bb_k-e1737653671184.jpg",
          "caption": ""
        },
        "chapter": {
          "label": "Chapter",
          "Number": "2"
        },
        "intro": "Just Energy Transition | chapter 1",
        "title": "Chapter 2 Introduction",
        "cta": "Scroll, tab or use your keyboard to move ahead",
        "subtitle": "M1: Intro to Sustainable Energy for Development | Chapter 2"
      },
      "colorscheme": "light"
    },
    {
      "template_id": "text",
      "colorscheme": "light",
      "content": {
        "text_elements": [
          {
            "template_id": "subtitle",
            "content": {
              "text": "Chapter Overview"
            }
          },
          {
            "template_id": "subtitle_small",
            "content": {
              "text": "Quiquia est sit sed aliquam."
            }
          },
          {
            "template_id": "paragraph_large",
            "content": {
              "text": "Sit ipsum magnam numquam est dolor. Quaerat dolore sed modi velit ut porro. Quiquia sed magnam labore. Labore quisquam amet porro non. Non labore est quaerat amet neque quisquam. Ipsum numquam dolor numquam etincidunt ipsum dolorem modi. Consectetur voluptatem magnam quisquam modi sed quisquam non. Dolore magnam ipsum modi dolore adipisci. Dolorem velit non modi adipisci etincidunt. Ipsum est consectetur etincidunt."
            }
          }
        ]
      }
    },
    {
      "template_id": "list_of_lessons",
      "content": {
        "title": "What's next in this chapter?",
        "lessons": [
          {
            "cta": "Go to the lesson",
            "description": "Voluptatem eius voluptatem sit quisquam porro dolorem.",
            "lessonId": "1.2.1",
            "image": {
              "src": "https://web14.bernama.com/storage/photos/830db0b0eb59429f4a6f5618134452c963f433bee8a98",
              "caption": ""
            },
            "title": "Access to electricity and clean cooking (SDG 7.1)",
            "type": "Lesson",
            "progress": "not_started"
          },
          {
            "cta": "Go to the lesson",
            "description": "Non etincidunt adipisci quisquam dolor etincidunt.",
            "lessonId": "1.2.2",
            "image": {
              "src": "https://live.staticflickr.com/1552/26342931015_38814fbfac_b.jpg",
              "caption": ""
            },
            "title": "Renewable energy (SDG 7.2)",
            "type": "Lesson",
            "progress": "in_progress"
          },
          {
            "cta": "Go to the lesson",
            "description": "Eius quiquia etincidunt tempora.",
            "lessonId": "1.2.3",
            "image": {
              "src": "https://www.resusenergy.lk/images/Resus_Enegry_Images/Project_Images/mahiyagnanaya/dji_0008.jpg",
              "caption": ""
            },
            "title": "Energy Efficiency (SDG 7.3)",
            "type": "Lesson",
            "progress": "not_started"
          },
          {
            "cta": "Go to the lesson",
            "description": "Ipsum non numquam est dolore sit velit.",
            "lessonId": "1.2.4",
            "image": {
              "src": "https://coolermed.com/wp-content/uploads/2023/02/what-is-sustainable-energy-how-to-apply-it-to-medical-use.jpg",
              "caption": ""
            },
            "title": "Integrated Approach",
            "type": "Lesson",
            "progress": "not_started"
          }
        ]
      },
      "colorscheme": "light"
    },
    {
      "template_id": "connection_next",
      "content": {
        "image": {
          "src": "https://csis-website-prod.s3.amazonaws.com/s3fs-public/2024-01/AdobeStock_40869586_Crop1.jpg?VersionId=1HVO4O4gG312NydD1v8CElYVGjfLOYtH",
          "caption": ""
        },
        "intro": "Next up",
        "title": "Access to electricity and clean cooking (SDG 7.1)",
        "cta": "Start learning",
        "nextLessonId": "1.2.1"
      }
    }
  ]
}