{
  "id": "1.3.0",
  "segments": [
    {
      "template_id": "chapter_cover",
      "content": {
        "image": {
          "src": "https://www.energy.gov/sites/default/files/styles/full_article_width/public/2023-11/GRIP%20Blog%20Posting%20Clean%20Energy%20Solar%20Panels.jpg?itok=5KDc3kxK",
          "caption": ""
        },
        "chapter": {
          "label": "Chapter",
          "Number": "3"
        },
        "intro": "Just Energy Transition | chapter 1",
        "title": "Chapter 3 Introduction",
        "cta": "Scroll, tab or use your keyboard to move ahead",
        "subtitle": "M1: Intro to Sustainable Energy for Development | Chapter 3"
      },
      "colorscheme": "light"
    },
    {
      "template_id": "text",
      "colorscheme": "dark",
      "content": {
        "text_elements": [
          {
            "template_id": "subtitle",
            "content": {
              "text": "Chapter Overview"
            }
          },
          {
            "template_id": "subtitle_small",
            "content": {
              "text": "Neque tempora numquam magnam."
            }
          },
          {
            "template_id": "paragraph_large",
            "content": {
              "text": "Quisquam neque etincidunt neque. Numquam porro magnam neque. Ut modi est voluptatem dolore. Adipisci sed ut labore labore. Dolorem quiquia sed adipisci dolor velit. Eius quiquia sed porro quaerat sed sit eius. Non sit dolore voluptatem sed porro consectetur. Quaerat quiquia quaerat quisquam."
            }
          }
        ]
      }
    },
    {
      "template_id": "list_of_lessons",
      "content": {
        "title": "What's next in this chapter?",
        "lessons": [
          {
            "cta": "Go to the lesson",
            "description": "Dolor tempora sed non ipsum.",
            "lessonId": "1.3.1",
            "image": {
              "src": "https://cdn.prod.website-files.com/6487341142c5367c3cefe169/670703187e5c652197eacf42_Energy.png",
              "caption": ""
            },
            "title": "Latin America and the Caribbean",
            "type": "Lesson",
            "progress": "not_started"
          },
          {
            "cta": "Go to the lesson",
            "description": "Dolorem est labore modi dolorem etincidunt ipsum quisquam.",
            "lessonId": "1.3.2",
            "image": {
              "src": "https://www.resusenergy.lk/images/Resus_Enegry_Images/Project_Images/mahiyagnanaya/dji_0008.jpg",
              "caption": ""
            },
            "title": "Eastern Europe and Central Asia",
            "type": "Lesson",
            "progress": "in_progress"
          },
          {
            "cta": "Go to the lesson",
            "description": "Voluptatem numquam ut quaerat tempora.",
            "lessonId": "1.3.3",
            "image": {
              "src": "https://www.undp.org/sites/g/files/zskgke326/files/2022-07/UNDP-Peru-2018_rural_solar_04-Photo%20UNDP%20Peru-Monica%20Sua%CC%81rez%20Galindo.jpg",
              "caption": ""
            },
            "title": "Arab States",
            "type": "Lesson",
            "progress": "in_progress"
          },
          {
            "cta": "Go to the lesson",
            "description": "Sed magnam quiquia dolorem labore.",
            "lessonId": "1.3.4",
            "image": {
              "src": "https://elements-resized.envatousercontent.com/elements-video-cover-images/3254f24d-2426-43ae-b55d-aedc5cd25fea/video_preview/video_preview_0000.jpg?w=1400&cf_fit=cover&q=85&format=auto&s=8801a0bc8becf7ebb4baee10701611ef4b9f3f6939ca660e3a0b90514b7cf8d2",
              "caption": ""
            },
            "title": "Asia-Pacific",
            "type": "Lesson",
            "progress": "in_progress"
          },
          {
            "cta": "Go to the lesson",
            "description": "Neque quiquia etincidunt dolore.",
            "lessonId": "1.3.5",
            "image": {
              "src": "https://live.staticflickr.com/3775/10838225595_b7d942e452_h.jpg",
              "caption": ""
            },
            "title": "Africa",
            "type": "Lesson",
            "progress": "in_progress"
          }
        ]
      },
      "colorscheme": "dark"
    },
    {
      "template_id": "connection_next",
      "content": {
        "image": {
          "src": "https://www.undp.org/sites/g/files/zskgke326/files/2022-07/UNDP-Peru-2018_rural_solar_04-Photo%20UNDP%20Peru-Monica%20Sua%CC%81rez%20Galindo.jpg",
          "caption": ""
        },
        "intro": "Next up",
        "title": "Latin America and the Caribbean",
        "cta": "Start learning",
        "nextLessonId": "1.3.1"
      }
    }
  ]
}