{
  "id": "7.0.0",
  "segments": [
    {
      "template_id": "module_cover",
      "content": {
        "image": {
          "src": "https://www.powerengineeringint.com/wp-content/uploads/2024/04/renewable-energy_cybersecurity.jpg",
          "caption": ""
        },
        "module": {
          "label": "Module",
          "Number": "7"
        },
        "title": "Module 7 Introduction",
        "cta": "Scroll, tab or use your keyboard to move ahead"
      },
      "colorscheme": "dark"
    },
    {
      "template_id": "text",
      "colorscheme": "light",
      "content": {
        "text_elements": [
          {
            "template_id": "subtitle",
            "content": {
              "text": "Module Overview"
            }
          },
          {
            "template_id": "subtitle_small",
            "content": {
              "text": "Tempora consectetur magnam tempora aliquam quisquam labore ut."
            }
          },
          {
            "template_id": "paragraph_large",
            "content": {
              "text": "Magnam est dolor tempora dolore. Dolore dolore sit sed magnam quisquam. Voluptatem neque velit est. Amet sed porro modi velit aliquam. Dolor eius dolor sed porro sit dolorem quaerat. Amet ipsum quiquia tempora est voluptatem aliquam. Ipsum modi ut consectetur dolor consectetur. Voluptatem porro velit quisquam quaerat quisquam."
            }
          }
        ]
      }
    },
    {
      "template_id": "learning_objectives",
      "content": {
        "title": "Learning Objectives",
        "intro": "Numquam quiquia dolorem eius sed modi.",
        "objectives": [
          {
            "image": {
              "src": "https://coolermed.com/wp-content/uploads/2023/02/what-is-sustainable-energy-how-to-apply-it-to-medical-use.jpg",
              "caption": ""
            },
            "title": "Sit magnam sed est quaerat voluptatem eius.",
            "description": "Porro dolorem amet modi. Aliquam adipisci ipsum consectetur numquam eius quaerat quiquia. Aliquam quisquam non sit porro. Etincidunt etincidunt dolorem tempora dolor quisquam eius. Quiquia dolorem sed"
          },
          {
            "image": {
              "src": "https://live.staticflickr.com/1552/26342931015_38814fbfac_b.jpg",
              "caption": ""
            },
            "title": "Consectetur sed etincidunt amet velit.",
            "description": "Quaerat dolor ut sed dolorem numquam neque magnam. Quaerat adipisci dolor porro est ut non. Porro magnam sit ut quaerat consectetur numquam. Sit ut tempora dolore sit. Labore velit sit tempora ut. Sit"
          },
          {
            "image": {
              "src": "https://live.staticflickr.com/3775/10838225595_b7d942e452_h.jpg",
              "caption": ""
            },
            "title": "Tempora magnam ipsum porro.",
            "description": "Adipisci modi dolore tempora. Dolorem quaerat adipisci amet amet quisquam porro modi. Sit tempora non eius non aliquam dolor. Sed magnam ut quaerat voluptatem velit consectetur. Labore modi modi magna"
          },
          {
            "image": {
              "src": "https://www.resusenergy.lk/images/Resus_Enegry_Images/Project_Images/mahiyagnanaya/dji_0008.jpg",
              "caption": ""
            },
            "title": "Velit magnam est eius.",
            "description": "Neque quaerat neque consectetur ut amet quaerat ut. Porro dolor sit porro adipisci. Quisquam eius etincidunt etincidunt dolor adipisci magnam. Velit modi quiquia quaerat. Voluptatem velit dolor velit "
          },
          {
            "image": {
              "src": "https://www.powerengineeringint.com/wp-content/uploads/2024/04/renewable-energy_cybersecurity.jpg",
              "caption": ""
            },
            "title": "Non eius numquam magnam ut.",
            "description": "Consectetur dolorem neque dolorem ut dolore. Tempora aliquam labore sit dolorem. Sit non ipsum ut adipisci ipsum ipsum velit. Ut ut ut quaerat dolor numquam dolore dolor. Dolorem velit quiquia ut quiq"
          },
          {
            "image": {
              "src": "https://web14.bernama.com/storage/photos/830db0b0eb59429f4a6f5618134452c963f433bee8a98",
              "caption": ""
            },
            "title": "Labore numquam ut dolorem.",
            "description": "Adipisci ut aliquam sit neque. Porro sit dolorem quaerat ut numquam. Magnam dolorem amet etincidunt non dolorem quaerat. Tempora aliquam quisquam amet amet amet magnam eius. Etincidunt modi non sit do"
          }
        ]
      },
      "colorscheme": "light"
    },
    {
      "template_id": "connection_next",
      "content": {
        "image": {
          "src": "https://www.powerengineeringint.com/wp-content/uploads/2024/04/renewable-energy_cybersecurity.jpg",
          "caption": ""
        },
        "intro": "Next up",
        "title": "Chapter 1 Introduction",
        "cta": "Start learning",
        "nextLessonId": "7.1.0"
      }
    }
  ]
}