{
  "id": "7.1.3",
  "segments": [
    {
      "template_id": "lesson_cover",
      "content": {
        "image": {
          "src": "https://www.resusenergy.lk/images/Resus_Enegry_Images/Project_Images/mahiyagnanaya/dji_0008.jpg",
          "caption": ""
        },
        "lesson": {
          "label": "Lesson",
          "Number": "3"
        },
        "intro": "M7: Data in Sustainable Energy | Chapter 1 | Lesson 3",
        "title": "The Energy Data Value Chain"
      },
      "colorscheme": "dark"
    },
    {
      "template_id": "text",
      "colorscheme": "light",
      "content": {
        "text_elements": [
          {
            "template_id": "subtitle",
            "content": {
              "text": "Lesson Overview"
            }
          },
          {
            "template_id": "subtitle_small",
            "content": {
              "text": "Numquam non dolor quisquam amet sit sit magnam."
            }
          },
          {
            "template_id": "paragraph_large",
            "content": {
              "text": "Dolor ipsum amet quaerat ipsum ipsum. Quaerat dolore dolore eius neque neque consectetur etincidunt. Aliquam modi labore quisquam quisquam sed porro. Neque eius est labore neque sit tempora dolore. Modi consectetur modi eius quiquia. Porro labore dolore sed voluptatem quisquam. Etincidunt sit magnam quaerat quisquam. Ut labore quiquia tempora consectetur sed. Est quiquia eius consectetur etincidunt ipsum eius."
            }
          }
        ]
      }
    },
    {
      "template_id": "key_concepts",
      "color_scheme": "dark",
      "content": {
        "title": "Key Concepts",
        "intro": "Lorem ipsum",
        "concepts": [
          {
            "title": "Quisquam amet etinci",
            "body": "Est porro ut etincidunt aliquam sed velit. Consectetur velit ipsum consectetur aliquam adipisci quiquia. Modi consectetur quaerat magnam velit labore. Adipisci sed dolor ipsum quisquam ipsum dolor amet. Eius quisquam quaerat modi consectetur est numq",
            "source": "-International Development Organization"
          },
          {
            "title": "Voluptatem dolorem s",
            "body": "Aliquam labore est quaerat velit tempora porro dolore. Adipisci magnam ut etincidunt quisquam neque. Etincidunt consectetur consectetur sit sit quaerat. Quiquia adipisci amet adipisci est ut magnam consectetur. Neque dolor consectetur est non tempora",
            "source": ""
          },
          {
            "title": "Neque quiquia velit ",
            "body": "Quisquam porro dolor amet dolorem est porro. Est sit etincidunt magnam velit sed etincidunt quaerat. Sit dolorem aliquam modi dolore aliquam. Numquam consectetur ut etincidunt. Quiquia modi velit voluptatem quisquam adipisci.",
            "source": ""
          }
        ]
      },
      "colorscheme": "dark"
    },
    {
      "template_id": "photo_full_height",
      "colorscheme": "dark",
      "content": {
        "image": {
          "src": "https://www.resusenergy.lk/images/Resus_Enegry_Images/Project_Images/mahiyagnanaya/dji_0008.jpg",
          "caption": ""
        }
      }
    },
    {
      "template_id": "text",
      "colorscheme": "dark",
      "content": {
        "text_elements": [
          {
            "template_id": "subtitle",
            "content": {
              "text": "Magnam neque quaerat magnam quaerat velit"
            }
          },
          {
            "template_id": "paragraph_medium",
            "content": {
              "text": "Consectetur aliquam labore neque. Quiquia eius est dolorem ipsum. Ut porro dolor ut consectetur neque. Ut dolorem dolorem amet velit tempora. Dolorem etincidunt sit magnam. Eius quisquam non sed porro. Dolor porro ipsum adipisci amet magnam velit. Dolore dolor magnam dolorem. Ut neque quaerat numquam adipisci dolorem."
            }
          }
        ]
      }
    },
    {
      "template_id": "key_takeaways",
      "content": {
        "title": "Key Takeaways",
        "intro": "Amet adipisci amet neque aliquam magnam velit voluptatem.",
        "takeaways": [
          {
            "image": {
              "src": "https://coolermed.com/wp-content/uploads/2023/02/what-is-sustainable-energy-how-to-apply-it-to-medical-use.jpg",
              "caption": ""
            },
            "title": "Dolore...",
            "description": "Modi quaerat velit ut. Consectetur ipsum quaerat quiquia est non. Est neque etincidunt quaerat aliquam numquam ut. Eius voluptatem voluptatem neque ut sed. Eius magnam amet etincidunt. Sed est quiquia amet. Aliquam magnam porro aliquam dolor consectetur etincidunt."
          },
          {
            "image": {
              "src": "https://web14.bernama.com/storage/photos/830db0b0eb59429f4a6f5618134452c963f433bee8a98",
              "caption": ""
            },
            "title": "Neque...",
            "description": "Dolore dolor amet dolore sed amet. Numquam neque ut est eius tempora quaerat. Etincidunt non dolorem ipsum consectetur dolor amet. Porro etincidunt porro dolorem tempora. Quisquam dolorem dolor ipsum etincidunt consectetur tempora labore. Aliquam non quaerat labore porro adipisci quaerat. Neque aliquam ipsum etincidunt quiquia quisquam. Sit non modi quiquia velit eius quiquia sit. Velit numquam ipsum ipsum labore."
          },
          {
            "image": {
              "src": "https://imgs.mongabay.com/wp-content/uploads/sites/20/2025/02/18142934/29572133848_45af12a4bb_k-e1737653671184.jpg",
              "caption": ""
            },
            "title": "Dolor...",
            "description": "Eius magnam dolor quaerat etincidunt. Est consectetur est dolorem neque modi. Aliquam consectetur magnam est. Quaerat amet aliquam dolor quiquia numquam neque amet. Sit dolorem velit sit ipsum dolorem quiquia voluptatem. Etincidunt ut numquam porro non sed ipsum ut."
          }
        ]
      },
      "colorscheme": "dark"
    },
    {
      "template_id": "key_resources",
      "content": {
        "title": "Key Resources",
        "resources": [
          {
            "image": {
              "src": "https://www.healthtechdigital.com/wp-content/uploads/Artificial-Intelligence-in-renewable-energy-market-Study-shows-important-fields-of-application.-min.jpg",
              "caption": ""
            },
            "text": "Non...",
            "cta": "Click to download",
            "href": "https://www.undp.org/publications/undps-energy-strategy"
          },
          {
            "image": {
              "src": "https://live.staticflickr.com/5504/14454539704_b8910261c0_b.jpg",
              "caption": ""
            },
            "text": "Voluptatem...",
            "cta": "Click to download",
            "href": "https://www.undp.org/publications/undps-energy-strategy"
          },
          {
            "image": {
              "src": "https://live.staticflickr.com/5504/14454539704_b8910261c0_b.jpg",
              "caption": ""
            },
            "text": "Numquam...",
            "cta": "Click to download",
            "href": "https://www.undp.org/publications/undps-energy-strategy"
          }
        ],
        "intro": "Velit est quiquia amet labore."
      },
      "colorscheme": "light"
    },
    {
      "template_id": "connection_next",
      "content": {
        "image": {
          "src": "https://elementum-esg.co.uk/wp-content/uploads/2024/04/energy-sources.png",
          "caption": ""
        },
        "intro": "Next up",
        "title": "Chapter 1 Outro",
        "cta": "Start learning",
        "nextLessonId": "7.1.-1"
      }
    }
  ]
}