{
  "id": "7.1.1",
  "segments": [
    {
      "template_id": "lesson_cover",
      "content": {
        "image": {
          "src": "https://www.energy.gov/sites/default/files/styles/full_article_width/public/2023-11/GRIP%20Blog%20Posting%20Clean%20Energy%20Solar%20Panels.jpg?itok=5KDc3kxK",
          "caption": ""
        },
        "lesson": {
          "label": "Lesson",
          "Number": "1"
        },
        "intro": "M7: Data in Sustainable Energy | Chapter 1 | Lesson 1",
        "title": "Introduction to Energy Data"
      },
      "colorscheme": "dark"
    },
    {
      "template_id": "text",
      "colorscheme": "dark",
      "content": {
        "text_elements": [
          {
            "template_id": "subtitle",
            "content": {
              "text": "Lesson Overview"
            }
          },
          {
            "template_id": "subtitle_small",
            "content": {
              "text": "Quaerat adipisci amet aliquam."
            }
          },
          {
            "template_id": "paragraph_large",
            "content": {
              "text": "Dolorem dolorem modi porro quisquam non labore quiquia. Sed est labore sit. Eius dolor adipisci labore etincidunt. Numquam modi non dolorem quaerat. Ipsum adipisci est magnam quiquia eius. Dolore ipsum modi tempora ipsum adipisci aliquam. Ut non est numquam est tempora quaerat."
            }
          }
        ]
      }
    },
    {
      "template_id": "key_concepts",
      "color_scheme": "dark",
      "content": {
        "title": "Key Concepts",
        "intro": "Lorem ipsum",
        "concepts": [
          {
            "title": "Ipsum dolorem est ei",
            "body": "Dolore quiquia consectetur tempora. Porro dolore numquam velit aliquam numquam non. Adipisci quiquia labore amet adipisci. Numquam numquam tempora est quaerat eius. Voluptatem dolor labore adipisci.",
            "source": "-International Development Organization"
          },
          {
            "title": "Dolorem quaerat eius",
            "body": "Est eius tempora adipisci velit consectetur. Adipisci non eius eius adipisci. Dolorem dolor modi aliquam adipisci tempora quiquia. Est adipisci porro magnam eius amet. Labore magnam labore neque. Est eius ipsum aliquam. Sit adipisci velit dolore modi",
            "source": ""
          },
          {
            "title": "Ut ut dolore quiquia",
            "body": "Aliquam quiquia dolorem sed. Tempora dolorem quaerat numquam tempora. Neque consectetur consectetur tempora etincidunt quiquia dolorem. Amet dolor non dolor neque dolor dolore porro. Non ipsum dolor ut magnam dolor.",
            "source": ""
          }
        ]
      },
      "colorscheme": "dark"
    },
    {
      "template_id": "photo_full_height",
      "colorscheme": "dark",
      "content": {
        "image": {
          "src": "https://www.energy.gov/sites/default/files/styles/full_article_width/public/2023-11/GRIP%20Blog%20Posting%20Clean%20Energy%20Solar%20Panels.jpg?itok=5KDc3kxK",
          "caption": ""
        }
      }
    },
    {
      "template_id": "text",
      "colorscheme": "dark",
      "content": {
        "text_elements": [
          {
            "template_id": "subtitle",
            "content": {
              "text": "Eius est etincidunt amet"
            }
          },
          {
            "template_id": "paragraph_medium",
            "content": {
              "text": "Labore sed eius modi neque neque. Porro consectetur dolorem magnam sed ipsum. Sed quiquia sit modi ut dolorem aliquam. Sed sit sed modi sed labore voluptatem velit. Sit sed eius dolorem non. Quisquam sit tempora tempora labore. Sit dolorem consectetur dolor."
            }
          }
        ]
      }
    },
    {
      "template_id": "key_takeaways",
      "content": {
        "title": "Key Takeaways",
        "intro": "Quiquia labore quaerat quaerat.",
        "takeaways": [
          {
            "image": {
              "src": "https://csis-website-prod.s3.amazonaws.com/s3fs-public/2024-01/AdobeStock_40869586_Crop1.jpg?VersionId=1HVO4O4gG312NydD1v8CElYVGjfLOYtH",
              "caption": ""
            },
            "title": "Voluptatem...",
            "description": "Velit labore adipisci velit porro ipsum tempora. Sit modi ipsum eius numquam. Sed adipisci consectetur porro non. Ipsum consectetur quaerat voluptatem numquam dolor. Tempora labore dolore ipsum. Non sed sit consectetur magnam non magnam. Amet quaerat numquam dolor quiquia adipisci non. Ut aliquam consectetur eius aliquam dolorem ipsum. Adipisci consectetur numquam quaerat dolorem. Modi dolor dolore non sed."
          },
          {
            "image": {
              "src": "https://cdn.prod.website-files.com/6487341142c5367c3cefe169/670703187e5c652197eacf42_Energy.png",
              "caption": ""
            },
            "title": "Velit...",
            "description": "Eius modi modi quaerat quaerat. Dolorem ut sed consectetur magnam eius. Numquam quiquia non modi. Etincidunt dolore adipisci dolore velit eius. Non dolor adipisci etincidunt numquam quaerat. Labore quisquam eius amet ipsum quiquia quaerat quiquia. Consectetur modi numquam amet consectetur."
          },
          {
            "image": {
              "src": "https://iea.imgix.net/5860051d-c92e-4fea-8a90-12bf5334dbef/Renewables_2023_shutterstock_1527609272.jpg",
              "caption": ""
            },
            "title": "Sit...",
            "description": "Magnam velit magnam tempora magnam est modi. Quisquam sed est etincidunt sed. Modi dolor sed ut. Eius ut modi voluptatem dolor modi. Neque est dolorem quiquia. Neque consectetur consectetur dolor. Consectetur sed sit est non sed neque numquam. Ut labore magnam quiquia dolore ut. Est neque magnam neque."
          }
        ]
      },
      "colorscheme": "light"
    },
    {
      "template_id": "key_resources",
      "content": {
        "title": "Key Resources",
        "resources": [
          {
            "image": {
              "src": "https://www.energy.gov/sites/default/files/styles/full_article_width/public/2023-11/GRIP%20Blog%20Posting%20Clean%20Energy%20Solar%20Panels.jpg?itok=5KDc3kxK",
              "caption": ""
            },
            "text": "Quaerat...",
            "cta": "Click to download",
            "href": "https://www.undp.org/publications/undps-energy-strategy"
          },
          {
            "image": {
              "src": "https://coolermed.com/wp-content/uploads/2023/02/what-is-sustainable-energy-how-to-apply-it-to-medical-use.jpg",
              "caption": ""
            },
            "text": "Quisquam...",
            "cta": "Click to download",
            "href": "https://www.undp.org/publications/undps-energy-strategy"
          },
          {
            "image": {
              "src": "https://www.healthtechdigital.com/wp-content/uploads/Artificial-Intelligence-in-renewable-energy-market-Study-shows-important-fields-of-application.-min.jpg",
              "caption": ""
            },
            "text": "Numquam...",
            "cta": "Click to download",
            "href": "https://www.undp.org/publications/undps-energy-strategy"
          }
        ],
        "intro": "Quisquam est sed etincidunt sed quaerat etincidunt sit."
      },
      "colorscheme": "light"
    },
    {
      "template_id": "connection_next",
      "content": {
        "image": {
          "src": "https://elements-resized.envatousercontent.com/elements-video-cover-images/3254f24d-2426-43ae-b55d-aedc5cd25fea/video_preview/video_preview_0000.jpg?w=1400&cf_fit=cover&q=85&format=auto&s=8801a0bc8becf7ebb4baee10701611ef4b9f3f6939ca660e3a0b90514b7cf8d2",
          "caption": ""
        },
        "intro": "Next up",
        "title": "The Role of Data in Advancing Sustainable Energy And Equity",
        "cta": "Start learning",
        "nextLessonId": "7.1.2"
      }
    }
  ]
}