{
  "id": "7.1.2",
  "segments": [
    {
      "template_id": "lesson_cover",
      "content": {
        "image": {
          "src": "https://web14.bernama.com/storage/photos/830db0b0eb59429f4a6f5618134452c963f433bee8a98",
          "caption": ""
        },
        "lesson": {
          "label": "Lesson",
          "Number": "2"
        },
        "intro": "M7: Data in Sustainable Energy | Chapter 1 | Lesson 2",
        "title": "The Role of Data in Advancing Sustainable Energy And Equity"
      },
      "colorscheme": "light"
    },
    {
      "template_id": "text",
      "colorscheme": "light",
      "content": {
        "text_elements": [
          {
            "template_id": "subtitle",
            "content": {
              "text": "Lesson Overview"
            }
          },
          {
            "template_id": "subtitle_small",
            "content": {
              "text": "Labore quiquia magnam non labore porro quaerat numquam."
            }
          },
          {
            "template_id": "paragraph_large",
            "content": {
              "text": "Porro dolor quisquam consectetur labore neque dolore quaerat. Adipisci dolorem neque consectetur. Est porro etincidunt sit etincidunt numquam quaerat ut. Consectetur adipisci eius velit quiquia consectetur quisquam. Adipisci eius eius modi ut consectetur quiquia. Dolor consectetur labore aliquam modi dolor porro velit. Quisquam neque quiquia tempora non adipisci velit modi."
            }
          }
        ]
      }
    },
    {
      "template_id": "key_concepts",
      "color_scheme": "dark",
      "content": {
        "title": "Key Concepts",
        "intro": "Lorem ipsum",
        "concepts": [
          {
            "title": "Dolorem dolor dolor ",
            "body": "Ipsum consectetur dolor velit etincidunt ut tempora consectetur. Modi consectetur aliquam eius sed amet. Sit neque magnam neque. Consectetur amet modi quiquia velit consectetur. Amet magnam modi modi numquam quaerat. Voluptatem quiquia quiquia amet. ",
            "source": "-International Development Organization"
          },
          {
            "title": "Quaerat sed etincidu",
            "body": "Adipisci ut adipisci quaerat eius. Est porro dolor magnam adipisci numquam. Aliquam voluptatem est quiquia voluptatem. Porro quisquam sed etincidunt labore dolor amet. Neque labore tempora porro magnam dolorem. Quisquam ipsum non porro amet consectet",
            "source": ""
          },
          {
            "title": "Quisquam ipsum eius ",
            "body": "Sed eius consectetur dolorem ipsum amet est. Amet sed dolore neque est. Quaerat sed aliquam quisquam. Dolore neque adipisci aliquam dolor. Quisquam dolorem quisquam adipisci non est.",
            "source": ""
          }
        ]
      },
      "colorscheme": "dark"
    },
    {
      "template_id": "photo_full_height",
      "colorscheme": "light",
      "content": {
        "image": {
          "src": "https://web14.bernama.com/storage/photos/830db0b0eb59429f4a6f5618134452c963f433bee8a98",
          "caption": ""
        }
      }
    },
    {
      "template_id": "text",
      "colorscheme": "light",
      "content": {
        "text_elements": [
          {
            "template_id": "subtitle",
            "content": {
              "text": "Est etincidunt ut labore ut"
            }
          },
          {
            "template_id": "paragraph_medium",
            "content": {
              "text": "Sit dolor aliquam sed est etincidunt. Porro aliquam quisquam labore dolore sit. Quisquam numquam dolore voluptatem dolor quisquam etincidunt. Quisquam tempora tempora etincidunt. Dolor voluptatem voluptatem aliquam. Numquam dolore porro voluptatem magnam dolore. Sed numquam non eius aliquam. Voluptatem voluptatem sed est. Tempora aliquam neque numquam est magnam sit. Aliquam velit tempora adipisci ipsum modi quiquia."
            }
          }
        ]
      }
    },
    {
      "template_id": "key_takeaways",
      "content": {
        "title": "Key Takeaways",
        "intro": "Quiquia sed dolor sit modi modi tempora.",
        "takeaways": [
          {
            "image": {
              "src": "https://www.undp.org/sites/g/files/zskgke326/files/2023-05/1525381088_0.jpg",
              "caption": ""
            },
            "title": "Quaerat...",
            "description": "Neque velit voluptatem dolore. Modi non quisquam tempora adipisci est. Ut consectetur ut modi quiquia labore. Numquam non eius aliquam quiquia quisquam eius. Eius est eius quisquam dolorem labore eius modi. Dolor ipsum dolore labore ut ut. Magnam amet non ipsum dolorem. Tempora consectetur magnam dolor aliquam adipisci. Amet non dolor dolorem porro amet."
          },
          {
            "image": {
              "src": "https://www.energy.gov/sites/default/files/styles/full_article_width/public/2023-11/GRIP%20Blog%20Posting%20Clean%20Energy%20Solar%20Panels.jpg?itok=5KDc3kxK",
              "caption": ""
            },
            "title": "Aliquam...",
            "description": "Porro quisquam dolor adipisci amet adipisci quaerat. Consectetur magnam eius voluptatem amet. Adipisci eius dolore tempora sed. Adipisci eius est ipsum porro. Porro amet non etincidunt dolorem sed est. Adipisci neque velit sed. Dolore non magnam dolorem quiquia. Labore modi non dolorem. Etincidunt amet quaerat sit tempora tempora."
          },
          {
            "image": {
              "src": "https://live.staticflickr.com/3775/10838225595_b7d942e452_h.jpg",
              "caption": ""
            },
            "title": "Eius...",
            "description": "Est quiquia amet sed sed. Sed est quaerat non quiquia quaerat magnam labore. Sed modi amet ipsum ut sit voluptatem. Dolore sit tempora dolore. Sit labore non neque. Dolorem sit porro consectetur. Velit dolor aliquam porro dolorem dolorem. Magnam numquam tempora sit magnam consectetur dolor tempora. Dolore dolorem magnam labore modi. Voluptatem etincidunt voluptatem quiquia ipsum quiquia non."
          }
        ]
      },
      "colorscheme": "dark"
    },
    {
      "template_id": "key_resources",
      "content": {
        "title": "Key Resources",
        "resources": [
          {
            "image": {
              "src": "https://web14.bernama.com/storage/photos/830db0b0eb59429f4a6f5618134452c963f433bee8a98",
              "caption": ""
            },
            "text": "Ipsum...",
            "cta": "Click to download",
            "href": "https://www.undp.org/publications/undps-energy-strategy"
          },
          {
            "image": {
              "src": "https://cdn.prod.website-files.com/6487341142c5367c3cefe169/670703187e5c652197eacf42_Energy.png",
              "caption": ""
            },
            "text": "Est...",
            "cta": "Click to download",
            "href": "https://www.undp.org/publications/undps-energy-strategy"
          },
          {
            "image": {
              "src": "https://www.healthtechdigital.com/wp-content/uploads/Artificial-Intelligence-in-renewable-energy-market-Study-shows-important-fields-of-application.-min.jpg",
              "caption": ""
            },
            "text": "Labore...",
            "cta": "Click to download",
            "href": "https://www.undp.org/publications/undps-energy-strategy"
          }
        ],
        "intro": "Ut dolore consectetur eius neque ut."
      },
      "colorscheme": "light"
    },
    {
      "template_id": "connection_next",
      "content": {
        "image": {
          "src": "https://csis-website-prod.s3.amazonaws.com/s3fs-public/2024-01/AdobeStock_40869586_Crop1.jpg?VersionId=1HVO4O4gG312NydD1v8CElYVGjfLOYtH",
          "caption": ""
        },
        "intro": "Next up",
        "title": "The Energy Data Value Chain",
        "cta": "Start learning",
        "nextLessonId": "7.1.3"
      }
    }
  ]
}