{
  "id": "7.1.0",
  "segments": [
    {
      "template_id": "chapter_cover",
      "content": {
        "image": {
          "src": "https://imgs.mongabay.com/wp-content/uploads/sites/20/2025/02/18142934/29572133848_45af12a4bb_k-e1737653671184.jpg",
          "caption": ""
        },
        "chapter": {
          "label": "Chapter",
          "Number": "1"
        },
        "intro": "Just Energy Transition | chapter 1",
        "title": "Chapter 1 Introduction",
        "cta": "Scroll, tab or use your keyboard to move ahead",
        "subtitle": "M7: Data in Sustainable Energy | Chapter 1"
      },
      "colorscheme": "dark"
    },
    {
      "template_id": "text",
      "colorscheme": "light",
      "content": {
        "text_elements": [
          {
            "template_id": "subtitle",
            "content": {
              "text": "Chapter Overview"
            }
          },
          {
            "template_id": "subtitle_small",
            "content": {
              "text": "Dolore aliquam consectetur dolorem ipsum dolorem quiquia."
            }
          },
          {
            "template_id": "paragraph_large",
            "content": {
              "text": "Aliquam dolor porro dolorem magnam porro etincidunt numquam. Aliquam magnam sit modi. Modi aliquam ut amet non modi. Etincidunt non modi aliquam eius modi dolore. Voluptatem quaerat quiquia ipsum aliquam consectetur voluptatem dolore. Consectetur ipsum quaerat ipsum tempora ut. Dolore magnam etincidunt consectetur sed quaerat modi."
            }
          }
        ]
      }
    },
    {
      "template_id": "list_of_lessons",
      "content": {
        "title": "What's next in this chapter?",
        "lessons": [
          {
            "cta": "Go to the lesson",
            "description": "Velit non eius aliquam amet quiquia dolor modi.",
            "lessonId": "7.1.1",
            "image": {
              "src": "https://www.healthtechdigital.com/wp-content/uploads/Artificial-Intelligence-in-renewable-energy-market-Study-shows-important-fields-of-application.-min.jpg",
              "caption": ""
            },
            "title": "Introduction to Energy Data",
            "type": "Lesson",
            "progress": "not_started"
          },
          {
            "cta": "Go to the lesson",
            "description": "Labore velit adipisci neque modi amet.",
            "lessonId": "7.1.2",
            "image": {
              "src": "https://www.powerengineeringint.com/wp-content/uploads/2024/04/renewable-energy_cybersecurity.jpg",
              "caption": ""
            },
            "title": "The Role of Data in Advancing Sustainable Energy And Equity",
            "type": "Lesson",
            "progress": "completed"
          },
          {
            "cta": "Go to the lesson",
            "description": "Amet magnam quaerat modi modi etincidunt sit.",
            "lessonId": "7.1.3",
            "image": {
              "src": "https://www.resusenergy.lk/images/Resus_Enegry_Images/Project_Images/mahiyagnanaya/dji_0008.jpg",
              "caption": ""
            },
            "title": "The Energy Data Value Chain",
            "type": "Lesson",
            "progress": "in_progress"
          }
        ]
      },
      "colorscheme": "light"
    },
    {
      "template_id": "connection_next",
      "content": {
        "image": {
          "src": "https://www.powerengineeringint.com/wp-content/uploads/2024/04/renewable-energy_cybersecurity.jpg",
          "caption": ""
        },
        "intro": "Next up",
        "title": "Introduction to Energy Data",
        "cta": "Start learning",
        "nextLessonId": "7.1.1"
      }
    }
  ]
}