{
  "id": "7.2.3",
  "segments": [
    {
      "template_id": "lesson_cover",
      "content": {
        "image": {
          "src": "https://www.energy.gov/sites/default/files/styles/full_article_width/public/2023-11/GRIP%20Blog%20Posting%20Clean%20Energy%20Solar%20Panels.jpg?itok=5KDc3kxK",
          "caption": ""
        },
        "lesson": {
          "label": "Lesson",
          "Number": "3"
        },
        "intro": "M7: Data in Sustainable Energy | Chapter 2 | Lesson 3",
        "title": "Gender and Intersectionality in Energy Data and Planning"
      },
      "colorscheme": "dark"
    },
    {
      "template_id": "text",
      "colorscheme": "light",
      "content": {
        "text_elements": [
          {
            "template_id": "subtitle",
            "content": {
              "text": "Lesson Overview"
            }
          },
          {
            "template_id": "subtitle_small",
            "content": {
              "text": "Tempora ut magnam adipisci dolore consectetur."
            }
          },
          {
            "template_id": "paragraph_large",
            "content": {
              "text": "Modi sit etincidunt velit sit quaerat numquam modi. Quisquam amet adipisci tempora quiquia ipsum dolor. Quisquam etincidunt voluptatem sed tempora consectetur magnam. Sit dolore dolore dolore quiquia amet velit. Aliquam tempora dolor ipsum magnam. Etincidunt velit magnam ut quisquam quiquia modi. Aliquam aliquam etincidunt adipisci est adipisci etincidunt labore. Est adipisci dolore magnam consectetur velit dolorem neque."
            }
          }
        ]
      }
    },
    {
      "template_id": "key_concepts",
      "color_scheme": "dark",
      "content": {
        "title": "Key Concepts",
        "intro": "Lorem ipsum",
        "concepts": [
          {
            "title": "Etincidunt numquam v",
            "body": "Porro labore labore modi neque quisquam dolorem adipisci. Est neque voluptatem porro sed quisquam. Consectetur sed adipisci sed magnam. Quaerat quiquia magnam consectetur magnam voluptatem. Ipsum velit dolorem sit numquam. Modi modi consectetur porro",
            "source": "-International Development Organization"
          },
          {
            "title": "Ut ipsum dolor dolor",
            "body": "Consectetur aliquam sit ut dolore porro quisquam. Modi est est dolor neque. Quaerat magnam porro quaerat modi quiquia etincidunt aliquam. Dolor dolorem sed dolorem neque labore non quisquam. Voluptatem ut etincidunt aliquam eius porro. Eius non numqu",
            "source": ""
          },
          {
            "title": "Dolore tempora quiqu",
            "body": "Neque quisquam dolor adipisci. Voluptatem ipsum non modi porro modi magnam dolor. Eius adipisci labore amet non magnam. Numquam etincidunt consectetur dolor quisquam. Labore numquam velit tempora non.",
            "source": ""
          }
        ]
      },
      "colorscheme": "light"
    },
    {
      "template_id": "photo_full_height",
      "colorscheme": "dark",
      "content": {
        "image": {
          "src": "https://www.energy.gov/sites/default/files/styles/full_article_width/public/2023-11/GRIP%20Blog%20Posting%20Clean%20Energy%20Solar%20Panels.jpg?itok=5KDc3kxK",
          "caption": ""
        }
      }
    },
    {
      "template_id": "text",
      "colorscheme": "dark",
      "content": {
        "text_elements": [
          {
            "template_id": "subtitle",
            "content": {
              "text": "Modi sit neque quiquia voluptatem aliquam ipsum ipsum"
            }
          },
          {
            "template_id": "paragraph_medium",
            "content": {
              "text": "Tempora labore numquam sed sed. Numquam tempora sed aliquam. Porro adipisci quisquam tempora consectetur non adipisci. Non eius dolor dolore etincidunt quisquam labore sed. Dolore non ut amet quaerat quiquia. Numquam quaerat ut dolore sit quisquam dolore. Neque sit neque dolore eius sed. Velit numquam ipsum adipisci neque dolor aliquam neque."
            }
          }
        ]
      }
    },
    {
      "template_id": "key_takeaways",
      "content": {
        "title": "Key Takeaways",
        "intro": "Magnam quiquia neque sit tempora porro quiquia.",
        "takeaways": [
          {
            "image": {
              "src": "https://www.healthtechdigital.com/wp-content/uploads/Artificial-Intelligence-in-renewable-energy-market-Study-shows-important-fields-of-application.-min.jpg",
              "caption": ""
            },
            "title": "Amet...",
            "description": "Eius eius porro sed voluptatem. Porro velit sed ut quaerat voluptatem amet. Labore magnam dolor est consectetur. Modi neque est labore dolorem numquam. Ut numquam magnam quiquia etincidunt etincidunt. Etincidunt modi non consectetur sed magnam. Velit non modi velit."
          },
          {
            "image": {
              "src": "https://elementum-esg.co.uk/wp-content/uploads/2024/04/energy-sources.png",
              "caption": ""
            },
            "title": "Voluptatem...",
            "description": "Dolorem labore aliquam neque. Magnam magnam ut non. Ut dolorem quiquia etincidunt numquam. Labore consectetur magnam etincidunt dolor. Voluptatem quisquam tempora ipsum quaerat velit ut. Quisquam magnam ut ipsum eius numquam sit adipisci. Eius quaerat ut ut ut neque consectetur voluptatem."
          },
          {
            "image": {
              "src": "https://csis-website-prod.s3.amazonaws.com/s3fs-public/2024-01/AdobeStock_40869586_Crop1.jpg?VersionId=1HVO4O4gG312NydD1v8CElYVGjfLOYtH",
              "caption": ""
            },
            "title": "Consectetur...",
            "description": "Ut ut tempora neque labore consectetur. Dolore tempora est magnam non ut velit. Voluptatem quaerat modi ipsum quisquam amet quiquia magnam. Tempora sed tempora sed. Quaerat quiquia quisquam dolor voluptatem dolore est tempora. Voluptatem adipisci ut voluptatem labore est. Velit velit non ut est non sit. Porro quisquam numquam quaerat."
          }
        ]
      },
      "colorscheme": "dark"
    },
    {
      "template_id": "key_resources",
      "content": {
        "title": "Key Resources",
        "resources": [
          {
            "image": {
              "src": "https://live.staticflickr.com/1552/26342931015_38814fbfac_b.jpg",
              "caption": ""
            },
            "text": "Adipisci...",
            "cta": "Click to download",
            "href": "https://www.undp.org/publications/undps-energy-strategy"
          },
          {
            "image": {
              "src": "https://elements-resized.envatousercontent.com/elements-video-cover-images/3254f24d-2426-43ae-b55d-aedc5cd25fea/video_preview/video_preview_0000.jpg?w=1400&cf_fit=cover&q=85&format=auto&s=8801a0bc8becf7ebb4baee10701611ef4b9f3f6939ca660e3a0b90514b7cf8d2",
              "caption": ""
            },
            "text": "Etincidunt...",
            "cta": "Click to download",
            "href": "https://www.undp.org/publications/undps-energy-strategy"
          },
          {
            "image": {
              "src": "https://www.resusenergy.lk/images/Resus_Enegry_Images/Project_Images/mahiyagnanaya/dji_0008.jpg",
              "caption": ""
            },
            "text": "Quiquia...",
            "cta": "Click to download",
            "href": "https://www.undp.org/publications/undps-energy-strategy"
          }
        ],
        "intro": "Amet est velit ut dolore quisquam."
      },
      "colorscheme": "dark"
    },
    {
      "template_id": "connection_next",
      "content": {
        "image": {
          "src": "https://iea.imgix.net/5860051d-c92e-4fea-8a90-12bf5334dbef/Renewables_2023_shutterstock_1527609272.jpg",
          "caption": ""
        },
        "intro": "Next up",
        "title": "Chapter 2 Outro",
        "cta": "Start learning",
        "nextLessonId": "7.2.-1"
      }
    }
  ]
}