{
  "id": "7.2.2",
  "segments": [
    {
      "template_id": "lesson_cover",
      "content": {
        "image": {
          "src": "https://imgs.mongabay.com/wp-content/uploads/sites/20/2025/02/18142934/29572133848_45af12a4bb_k-e1737653671184.jpg",
          "caption": ""
        },
        "lesson": {
          "label": "Lesson",
          "Number": "2"
        },
        "intro": "M7: Data in Sustainable Energy | Chapter 2 | Lesson 2",
        "title": "Fundamentals of Project Planning, Monitoring, and Evaluation"
      },
      "colorscheme": "light"
    },
    {
      "template_id": "text",
      "colorscheme": "dark",
      "content": {
        "text_elements": [
          {
            "template_id": "subtitle",
            "content": {
              "text": "Lesson Overview"
            }
          },
          {
            "template_id": "subtitle_small",
            "content": {
              "text": "Neque ut labore est amet velit quaerat est."
            }
          },
          {
            "template_id": "paragraph_large",
            "content": {
              "text": "Ipsum dolorem tempora sed adipisci velit quiquia. Non voluptatem ipsum sit. Tempora dolore voluptatem neque. Dolore velit sit dolorem dolore quisquam consectetur. Quisquam ipsum adipisci sit neque est. Ut dolor est quiquia ipsum. Sit etincidunt dolorem non adipisci sit voluptatem. Quaerat adipisci quisquam dolor quiquia. Modi labore quaerat magnam quisquam quiquia eius. Sit neque quisquam dolor ipsum labore neque voluptatem."
            }
          }
        ]
      }
    },
    {
      "template_id": "key_concepts",
      "color_scheme": "dark",
      "content": {
        "title": "Key Concepts",
        "intro": "Lorem ipsum",
        "concepts": [
          {
            "title": "Ut quiquia ut quisqu",
            "body": "Quaerat sit dolor tempora magnam velit magnam non. Eius adipisci adipisci sit dolorem sit. Est non dolorem dolor neque dolor. Ut porro magnam tempora. Quiquia modi dolore numquam non. Ipsum porro quiquia numquam sed tempora ipsum adipisci.",
            "source": "-International Development Organization"
          },
          {
            "title": "Etincidunt sed eius ",
            "body": "Ut sit modi non tempora quaerat labore voluptatem. Amet eius amet eius. Consectetur consectetur dolor neque. Dolore ipsum adipisci quaerat quaerat est etincidunt. Est porro sit modi ut adipisci neque sed. Dolor amet dolore voluptatem aliquam numquam ",
            "source": ""
          },
          {
            "title": "Quaerat voluptatem n",
            "body": "Amet dolore numquam quiquia consectetur. Magnam est porro non. Magnam etincidunt labore etincidunt tempora labore labore. Etincidunt eius modi neque sed est quaerat modi. Etincidunt numquam sed consectetur porro ipsum. Dolore adipisci neque magnam ei",
            "source": ""
          }
        ]
      },
      "colorscheme": "light"
    },
    {
      "template_id": "photo_full_height",
      "colorscheme": "light",
      "content": {
        "image": {
          "src": "https://imgs.mongabay.com/wp-content/uploads/sites/20/2025/02/18142934/29572133848_45af12a4bb_k-e1737653671184.jpg",
          "caption": ""
        }
      }
    },
    {
      "template_id": "text",
      "colorscheme": "light",
      "content": {
        "text_elements": [
          {
            "template_id": "subtitle",
            "content": {
              "text": "Labore porro quisquam quisquam labore"
            }
          },
          {
            "template_id": "paragraph_medium",
            "content": {
              "text": "Dolor numquam dolorem quisquam. Adipisci porro ut voluptatem sit non numquam non. Numquam consectetur etincidunt magnam porro sed dolorem. Ut velit sed quaerat ut voluptatem modi. Consectetur sit quisquam modi modi. Ut amet non velit dolor dolor. Numquam sed ut dolorem labore quisquam. Porro adipisci dolor quiquia quaerat est dolore."
            }
          }
        ]
      }
    },
    {
      "template_id": "key_takeaways",
      "content": {
        "title": "Key Takeaways",
        "intro": "Dolore amet amet quiquia etincidunt.",
        "takeaways": [
          {
            "image": {
              "src": "https://csis-website-prod.s3.amazonaws.com/s3fs-public/2024-01/AdobeStock_40869586_Crop1.jpg?VersionId=1HVO4O4gG312NydD1v8CElYVGjfLOYtH",
              "caption": ""
            },
            "title": "Consectetur...",
            "description": "Modi ut adipisci porro. Dolor ut amet sit. Magnam numquam labore etincidunt dolorem velit aliquam magnam. Etincidunt numquam magnam labore neque modi dolore. Quisquam non sit quaerat velit neque ut. Est magnam dolorem tempora sit est. Sed numquam quiquia voluptatem est. Consectetur porro non labore tempora consectetur tempora est. Quiquia eius non magnam etincidunt voluptatem non. Adipisci etincidunt labore consectetur dolorem eius."
          },
          {
            "image": {
              "src": "https://www.healthtechdigital.com/wp-content/uploads/Artificial-Intelligence-in-renewable-energy-market-Study-shows-important-fields-of-application.-min.jpg",
              "caption": ""
            },
            "title": "Sed...",
            "description": "Amet dolore quaerat labore quiquia dolore magnam. Adipisci etincidunt tempora non etincidunt. Sit aliquam labore tempora aliquam tempora. Adipisci porro modi dolorem magnam dolore etincidunt quisquam. Modi velit ut sed porro magnam sit. Amet ut modi numquam etincidunt."
          },
          {
            "image": {
              "src": "https://live.staticflickr.com/1552/26342931015_38814fbfac_b.jpg",
              "caption": ""
            },
            "title": "Non...",
            "description": "Etincidunt porro est sed. Modi magnam sed non aliquam quisquam etincidunt. Velit neque adipisci etincidunt. Sed adipisci labore sit numquam eius neque labore. Etincidunt consectetur adipisci adipisci sed porro sit dolore. Sed labore modi numquam etincidunt adipisci eius dolorem."
          }
        ]
      },
      "colorscheme": "dark"
    },
    {
      "template_id": "key_resources",
      "content": {
        "title": "Key Resources",
        "resources": [
          {
            "image": {
              "src": "https://web14.bernama.com/storage/photos/830db0b0eb59429f4a6f5618134452c963f433bee8a98",
              "caption": ""
            },
            "text": "Etincidunt...",
            "cta": "Click to download",
            "href": "https://www.undp.org/publications/undps-energy-strategy"
          },
          {
            "image": {
              "src": "https://www.undp.org/sites/g/files/zskgke326/files/2023-05/1525381088_0.jpg",
              "caption": ""
            },
            "text": "Est...",
            "cta": "Click to download",
            "href": "https://www.undp.org/publications/undps-energy-strategy"
          },
          {
            "image": {
              "src": "https://live.staticflickr.com/3775/10838225595_b7d942e452_h.jpg",
              "caption": ""
            },
            "text": "Magnam...",
            "cta": "Click to download",
            "href": "https://www.undp.org/publications/undps-energy-strategy"
          }
        ],
        "intro": "Modi etincidunt voluptatem consectetur."
      },
      "colorscheme": "light"
    },
    {
      "template_id": "connection_next",
      "content": {
        "image": {
          "src": "https://coolermed.com/wp-content/uploads/2023/02/what-is-sustainable-energy-how-to-apply-it-to-medical-use.jpg",
          "caption": ""
        },
        "intro": "Next up",
        "title": "Gender and Intersectionality in Energy Data and Planning",
        "cta": "Start learning",
        "nextLessonId": "7.2.3"
      }
    }
  ]
}