{
  "id": "7.2.0",
  "segments": [
    {
      "template_id": "chapter_cover",
      "content": {
        "image": {
          "src": "https://live.staticflickr.com/1552/26342931015_38814fbfac_b.jpg",
          "caption": ""
        },
        "chapter": {
          "label": "Chapter",
          "Number": "2"
        },
        "intro": "Just Energy Transition | chapter 1",
        "title": "Chapter 2 Introduction",
        "cta": "Scroll, tab or use your keyboard to move ahead",
        "subtitle": "M7: Data in Sustainable Energy | Chapter 2"
      },
      "colorscheme": "light"
    },
    {
      "template_id": "text",
      "colorscheme": "dark",
      "content": {
        "text_elements": [
          {
            "template_id": "subtitle",
            "content": {
              "text": "Chapter Overview"
            }
          },
          {
            "template_id": "subtitle_small",
            "content": {
              "text": "Aliquam modi quisquam dolore voluptatem."
            }
          },
          {
            "template_id": "paragraph_large",
            "content": {
              "text": "Porro labore velit ut porro quiquia est. Dolorem modi tempora eius. Quisquam etincidunt voluptatem neque adipisci. Aliquam voluptatem magnam ipsum aliquam consectetur. Non modi modi eius quisquam amet. Neque tempora numquam non velit voluptatem porro. Quiquia ipsum quaerat amet. Quaerat neque dolorem labore modi ipsum. Sed consectetur non adipisci."
            }
          }
        ]
      }
    },
    {
      "template_id": "list_of_lessons",
      "content": {
        "title": "What's next in this chapter?",
        "lessons": [
          {
            "cta": "Go to the lesson",
            "description": "Modi amet tempora est consectetur.",
            "lessonId": "7.2.1",
            "image": {
              "src": "https://imgs.mongabay.com/wp-content/uploads/sites/20/2025/02/18142934/29572133848_45af12a4bb_k-e1737653671184.jpg",
              "caption": ""
            },
            "title": "Strategic Energy Planning at The Policy Level",
            "type": "Lesson",
            "progress": "in_progress"
          },
          {
            "cta": "Go to the lesson",
            "description": "Etincidunt neque sit quisquam etincidunt etincidunt consectetur.",
            "lessonId": "7.2.2",
            "image": {
              "src": "https://www.powerengineeringint.com/wp-content/uploads/2024/04/renewable-energy_cybersecurity.jpg",
              "caption": ""
            },
            "title": "Fundamentals of Project Planning, Monitoring, and Evaluation",
            "type": "Lesson",
            "progress": "in_progress"
          },
          {
            "cta": "Go to the lesson",
            "description": "Consectetur adipisci aliquam ipsum modi.",
            "lessonId": "7.2.3",
            "image": {
              "src": "https://www.resusenergy.lk/images/Resus_Enegry_Images/Project_Images/mahiyagnanaya/dji_0008.jpg",
              "caption": ""
            },
            "title": "Gender and Intersectionality in Energy Data and Planning",
            "type": "Lesson",
            "progress": "in_progress"
          }
        ]
      },
      "colorscheme": "light"
    },
    {
      "template_id": "connection_next",
      "content": {
        "image": {
          "src": "https://iea.imgix.net/5860051d-c92e-4fea-8a90-12bf5334dbef/Renewables_2023_shutterstock_1527609272.jpg",
          "caption": ""
        },
        "intro": "Next up",
        "title": "Strategic Energy Planning at The Policy Level",
        "cta": "Start learning",
        "nextLessonId": "7.2.1"
      }
    }
  ]
}