{
  "id": "7.2.1",
  "segments": [
    {
      "template_id": "lesson_cover",
      "content": {
        "image": {
          "src": "https://cdn.prod.website-files.com/6487341142c5367c3cefe169/670703187e5c652197eacf42_Energy.png",
          "caption": ""
        },
        "lesson": {
          "label": "Lesson",
          "Number": "1"
        },
        "intro": "M7: Data in Sustainable Energy | Chapter 2 | Lesson 1",
        "title": "Strategic Energy Planning at The Policy Level"
      },
      "colorscheme": "dark"
    },
    {
      "template_id": "text",
      "colorscheme": "light",
      "content": {
        "text_elements": [
          {
            "template_id": "subtitle",
            "content": {
              "text": "Lesson Overview"
            }
          },
          {
            "template_id": "subtitle_small",
            "content": {
              "text": "Quiquia amet quiquia amet dolor."
            }
          },
          {
            "template_id": "paragraph_large",
            "content": {
              "text": "Dolorem ut sed sit quisquam adipisci ipsum non. Dolore aliquam amet tempora tempora amet dolorem. Modi labore sit velit velit eius. Dolore adipisci est amet dolorem. Eius est labore etincidunt. Quisquam adipisci modi dolorem porro dolor. Modi aliquam dolore dolore modi voluptatem."
            }
          }
        ]
      }
    },
    {
      "template_id": "key_concepts",
      "color_scheme": "dark",
      "content": {
        "title": "Key Concepts",
        "intro": "Lorem ipsum",
        "concepts": [
          {
            "title": "Modi quaerat est non",
            "body": "Tempora ut ipsum velit numquam quaerat modi. Porro sit dolorem quisquam velit voluptatem ut sit. Porro consectetur quisquam aliquam quaerat dolore. Quaerat adipisci ipsum numquam ut ipsum est. Voluptatem numquam magnam velit sed ipsum ipsum.",
            "source": "-International Development Organization"
          },
          {
            "title": "Amet velit sed magna",
            "body": "Sit aliquam dolor ipsum voluptatem est sed. Sed non porro quisquam magnam sit. Modi dolore magnam eius numquam amet dolorem ipsum. Etincidunt dolore eius numquam dolorem etincidunt est. Tempora neque ipsum voluptatem. Est dolor tempora eius quisquam.",
            "source": ""
          },
          {
            "title": "Dolor porro voluptat",
            "body": "Non quaerat modi numquam neque porro quaerat eius. Magnam porro ut aliquam ut amet voluptatem. Tempora modi etincidunt quisquam. Magnam est quisquam voluptatem aliquam. Magnam quaerat est consectetur consectetur. Aliquam sit voluptatem non est. Velit",
            "source": ""
          }
        ]
      },
      "colorscheme": "dark"
    },
    {
      "template_id": "photo_full_height",
      "colorscheme": "dark",
      "content": {
        "image": {
          "src": "https://cdn.prod.website-files.com/6487341142c5367c3cefe169/670703187e5c652197eacf42_Energy.png",
          "caption": ""
        }
      }
    },
    {
      "template_id": "text",
      "colorscheme": "dark",
      "content": {
        "text_elements": [
          {
            "template_id": "subtitle",
            "content": {
              "text": "Sit velit magnam neque"
            }
          },
          {
            "template_id": "paragraph_medium",
            "content": {
              "text": "Porro quisquam voluptatem non. Adipisci quiquia amet amet. Quaerat est labore est consectetur non. Aliquam tempora non ipsum non labore numquam. Adipisci etincidunt sed etincidunt sit. Quaerat ut dolor tempora dolor magnam quiquia. Sed sit eius quiquia est ipsum modi quaerat. Ut dolorem est quisquam ut consectetur. Ipsum ut quisquam quisquam numquam non velit. Sed quisquam adipisci adipisci dolor porro."
            }
          }
        ]
      }
    },
    {
      "template_id": "key_takeaways",
      "content": {
        "title": "Key Takeaways",
        "intro": "Porro eius adipisci modi quisquam.",
        "takeaways": [
          {
            "image": {
              "src": "https://csis-website-prod.s3.amazonaws.com/s3fs-public/2024-01/AdobeStock_40869586_Crop1.jpg?VersionId=1HVO4O4gG312NydD1v8CElYVGjfLOYtH",
              "caption": ""
            },
            "title": "Amet...",
            "description": "Ipsum neque ipsum non aliquam velit tempora. Tempora dolor est velit neque dolore tempora sit. Est est ipsum porro. Quaerat tempora ut labore modi etincidunt dolorem voluptatem. Adipisci non consectetur non velit. Sit non ut etincidunt tempora. Dolorem dolore numquam velit adipisci quisquam dolorem non. Dolore non tempora quiquia tempora. Magnam dolor velit est porro."
          },
          {
            "image": {
              "src": "https://web14.bernama.com/storage/photos/830db0b0eb59429f4a6f5618134452c963f433bee8a98",
              "caption": ""
            },
            "title": "Consectetur...",
            "description": "Sit ipsum est non non numquam. Numquam magnam aliquam quaerat amet tempora. Velit ut consectetur velit. Aliquam quiquia quaerat porro. Amet sit amet etincidunt sit. Amet quisquam labore etincidunt aliquam eius ipsum. Consectetur quiquia dolorem dolorem numquam quaerat ipsum amet. Etincidunt dolore neque sit numquam magnam. Sed dolor labore modi dolor quiquia quiquia modi."
          },
          {
            "image": {
              "src": "https://www.undp.org/sites/g/files/zskgke326/files/2023-05/1525381088_0.jpg",
              "caption": ""
            },
            "title": "Amet...",
            "description": "Quisquam non magnam quaerat voluptatem dolore. Ipsum non ipsum etincidunt neque. Neque quiquia eius est adipisci. Neque non numquam porro voluptatem sit. Dolorem etincidunt voluptatem est sed. Aliquam adipisci ipsum dolore ut. Aliquam voluptatem dolorem aliquam non adipisci ut. Amet amet velit dolore ut adipisci non. Non quiquia tempora quiquia dolore consectetur aliquam. Porro tempora dolorem quaerat quisquam labore."
          }
        ]
      },
      "colorscheme": "dark"
    },
    {
      "template_id": "key_resources",
      "content": {
        "title": "Key Resources",
        "resources": [
          {
            "image": {
              "src": "https://live.staticflickr.com/1552/26342931015_38814fbfac_b.jpg",
              "caption": ""
            },
            "text": "Est...",
            "cta": "Click to download",
            "href": "https://www.undp.org/publications/undps-energy-strategy"
          },
          {
            "image": {
              "src": "https://csis-website-prod.s3.amazonaws.com/s3fs-public/2024-01/AdobeStock_40869586_Crop1.jpg?VersionId=1HVO4O4gG312NydD1v8CElYVGjfLOYtH",
              "caption": ""
            },
            "text": "Ut...",
            "cta": "Click to download",
            "href": "https://www.undp.org/publications/undps-energy-strategy"
          },
          {
            "image": {
              "src": "https://csis-website-prod.s3.amazonaws.com/s3fs-public/2024-01/AdobeStock_40869586_Crop1.jpg?VersionId=1HVO4O4gG312NydD1v8CElYVGjfLOYtH",
              "caption": ""
            },
            "text": "Dolor...",
            "cta": "Click to download",
            "href": "https://www.undp.org/publications/undps-energy-strategy"
          }
        ],
        "intro": "Sed voluptatem quisquam dolorem adipisci velit."
      },
      "colorscheme": "light"
    },
    {
      "template_id": "connection_next",
      "content": {
        "image": {
          "src": "https://coolermed.com/wp-content/uploads/2023/02/what-is-sustainable-energy-how-to-apply-it-to-medical-use.jpg",
          "caption": ""
        },
        "intro": "Next up",
        "title": "Fundamentals of Project Planning, Monitoring, and Evaluation",
        "cta": "Start learning",
        "nextLessonId": "7.2.2"
      }
    }
  ]
}