{
  "id": "7.3.0",
  "segments": [
    {
      "template_id": "chapter_cover",
      "content": {
        "image": {
          "src": "https://cdn.prod.website-files.com/6487341142c5367c3cefe169/670703187e5c652197eacf42_Energy.png",
          "caption": ""
        },
        "chapter": {
          "label": "Chapter",
          "Number": "3"
        },
        "intro": "Just Energy Transition | chapter 1",
        "title": "Chapter 3 Introduction",
        "cta": "Scroll, tab or use your keyboard to move ahead",
        "subtitle": "M7: Data in Sustainable Energy | Chapter 3"
      },
      "colorscheme": "dark"
    },
    {
      "template_id": "text",
      "colorscheme": "light",
      "content": {
        "text_elements": [
          {
            "template_id": "subtitle",
            "content": {
              "text": "Chapter Overview"
            }
          },
          {
            "template_id": "subtitle_small",
            "content": {
              "text": "Ut quisquam quaerat aliquam."
            }
          },
          {
            "template_id": "paragraph_large",
            "content": {
              "text": "Magnam aliquam sit eius sed quiquia porro. Velit eius quiquia etincidunt. Velit velit non sit labore etincidunt dolor consectetur. Labore porro dolore quaerat tempora. Tempora neque porro ut ut voluptatem sit sed."
            }
          }
        ]
      }
    },
    {
      "template_id": "list_of_lessons",
      "content": {
        "title": "What's next in this chapter?",
        "lessons": [
          {
            "cta": "Go to the lesson",
            "description": "Dolore dolorem sit amet dolore sit.",
            "lessonId": "7.3.1",
            "image": {
              "src": "https://www.undp.org/sites/g/files/zskgke326/files/2022-07/UNDP-Peru-2018_rural_solar_04-Photo%20UNDP%20Peru-Monica%20Sua%CC%81rez%20Galindo.jpg",
              "caption": ""
            },
            "title": "Data Science Techniques for Energy Analysis",
            "type": "Lesson",
            "progress": "completed"
          },
          {
            "cta": "Go to the lesson",
            "description": "Quisquam tempora quaerat sit modi aliquam eius etincidunt.",
            "lessonId": "7.3.2",
            "image": {
              "src": "https://www.healthtechdigital.com/wp-content/uploads/Artificial-Intelligence-in-renewable-energy-market-Study-shows-important-fields-of-application.-min.jpg",
              "caption": ""
            },
            "title": "Energy Modelling Tools and Applications",
            "type": "Lesson",
            "progress": "completed"
          }
        ]
      },
      "colorscheme": "light"
    },
    {
      "template_id": "connection_next",
      "content": {
        "image": {
          "src": "https://elements-resized.envatousercontent.com/elements-video-cover-images/3254f24d-2426-43ae-b55d-aedc5cd25fea/video_preview/video_preview_0000.jpg?w=1400&cf_fit=cover&q=85&format=auto&s=8801a0bc8becf7ebb4baee10701611ef4b9f3f6939ca660e3a0b90514b7cf8d2",
          "caption": ""
        },
        "intro": "Next up",
        "title": "Data Science Techniques for Energy Analysis",
        "cta": "Start learning",
        "nextLessonId": "7.3.1"
      }
    }
  ]
}