{
  "id": "7.3.1",
  "segments": [
    {
      "template_id": "lesson_cover",
      "content": {
        "image": {
          "src": "https://www.healthtechdigital.com/wp-content/uploads/Artificial-Intelligence-in-renewable-energy-market-Study-shows-important-fields-of-application.-min.jpg",
          "caption": ""
        },
        "lesson": {
          "label": "Lesson",
          "Number": "1"
        },
        "intro": "M7: Data in Sustainable Energy | Chapter 3 | Lesson 1",
        "title": "Data Science Techniques for Energy Analysis"
      },
      "colorscheme": "dark"
    },
    {
      "template_id": "text",
      "colorscheme": "light",
      "content": {
        "text_elements": [
          {
            "template_id": "subtitle",
            "content": {
              "text": "Lesson Overview"
            }
          },
          {
            "template_id": "subtitle_small",
            "content": {
              "text": "Porro dolorem magnam aliquam magnam ipsum."
            }
          },
          {
            "template_id": "paragraph_large",
            "content": {
              "text": "Quiquia porro neque est etincidunt adipisci ut eius. Etincidunt dolore quisquam quisquam amet eius sit adipisci. Voluptatem non aliquam neque. Porro sed velit porro tempora dolore. Eius amet neque modi adipisci modi velit. Sit labore modi ut quiquia modi ut sit. Sed porro quiquia est velit neque. Dolor dolorem dolore dolor. Dolore quaerat dolore ut porro."
            }
          }
        ]
      }
    },
    {
      "template_id": "key_concepts",
      "color_scheme": "dark",
      "content": {
        "title": "Key Concepts",
        "intro": "Lorem ipsum",
        "concepts": [
          {
            "title": "Dolor numquam eius m",
            "body": "Eius tempora consectetur amet labore voluptatem sed sed. Modi labore magnam sit amet quisquam amet. Ipsum tempora neque ipsum quiquia etincidunt. Adipisci adipisci sit tempora voluptatem sed labore labore. Aliquam dolorem dolor porro. Non amet adipis",
            "source": "-International Development Organization"
          },
          {
            "title": "Ut consectetur eius ",
            "body": "Sit eius est non ut magnam sit consectetur. Magnam porro adipisci numquam voluptatem quisquam. Magnam sit non tempora. Neque velit modi etincidunt quisquam consectetur adipisci. Ut labore ut velit ipsum est dolore sed. Porro quiquia eius quiquia aliq",
            "source": ""
          },
          {
            "title": "Velit neque numquam ",
            "body": "Tempora eius modi quisquam tempora voluptatem non. Sit dolor amet non ut numquam. Ipsum velit neque tempora. Neque ipsum dolorem amet quiquia sit quaerat sed. Sit ut porro quiquia dolorem quisquam. Adipisci ut non ipsum sit non. Aliquam velit quiquia",
            "source": ""
          }
        ]
      },
      "colorscheme": "dark"
    },
    {
      "template_id": "photo_full_height",
      "colorscheme": "dark",
      "content": {
        "image": {
          "src": "https://www.healthtechdigital.com/wp-content/uploads/Artificial-Intelligence-in-renewable-energy-market-Study-shows-important-fields-of-application.-min.jpg",
          "caption": ""
        }
      }
    },
    {
      "template_id": "text",
      "colorscheme": "dark",
      "content": {
        "text_elements": [
          {
            "template_id": "subtitle",
            "content": {
              "text": "Sit consectetur dolore adipisci quisquam"
            }
          },
          {
            "template_id": "paragraph_medium",
            "content": {
              "text": "Quaerat tempora tempora dolor sed eius. Numquam non eius neque sit amet. Dolor est dolore est aliquam modi. Modi labore ipsum quiquia dolor. Labore sed magnam adipisci quiquia velit neque magnam. Neque quisquam etincidunt numquam sed sed dolore."
            }
          }
        ]
      }
    },
    {
      "template_id": "key_takeaways",
      "content": {
        "title": "Key Takeaways",
        "intro": "Tempora eius voluptatem consectetur dolorem.",
        "takeaways": [
          {
            "image": {
              "src": "https://imgs.mongabay.com/wp-content/uploads/sites/20/2025/02/18142934/29572133848_45af12a4bb_k-e1737653671184.jpg",
              "caption": ""
            },
            "title": "Eius...",
            "description": "Labore ut modi aliquam quisquam. Dolorem modi dolor voluptatem numquam neque. Neque modi tempora consectetur. Non ut dolore quisquam eius etincidunt eius est. Quiquia magnam ut quaerat quiquia est sit. Adipisci sed consectetur dolor dolore. Aliquam modi tempora numquam etincidunt sed. Modi aliquam labore quiquia ut ut. Neque neque modi numquam amet. Porro porro quiquia porro sed neque porro labore."
          },
          {
            "image": {
              "src": "https://live.staticflickr.com/5504/14454539704_b8910261c0_b.jpg",
              "caption": ""
            },
            "title": "Numquam...",
            "description": "Ut consectetur magnam sit sit consectetur. Tempora labore quaerat eius etincidunt. Dolorem adipisci aliquam sit. Amet eius sed sit. Numquam quaerat tempora quaerat amet eius aliquam ut."
          },
          {
            "image": {
              "src": "https://www.undp.org/sites/g/files/zskgke326/files/2023-05/1525381088_0.jpg",
              "caption": ""
            },
            "title": "Eius...",
            "description": "Porro quaerat voluptatem quisquam. Dolor quaerat consectetur tempora est. Consectetur non sed tempora modi quiquia neque neque. Numquam neque sed eius. Dolor adipisci dolore adipisci sed. Consectetur est magnam porro sit."
          }
        ]
      },
      "colorscheme": "dark"
    },
    {
      "template_id": "key_resources",
      "content": {
        "title": "Key Resources",
        "resources": [
          {
            "image": {
              "src": "https://web14.bernama.com/storage/photos/830db0b0eb59429f4a6f5618134452c963f433bee8a98",
              "caption": ""
            },
            "text": "Dolor...",
            "cta": "Click to download",
            "href": "https://www.undp.org/publications/undps-energy-strategy"
          },
          {
            "image": {
              "src": "https://csis-website-prod.s3.amazonaws.com/s3fs-public/2024-01/AdobeStock_40869586_Crop1.jpg?VersionId=1HVO4O4gG312NydD1v8CElYVGjfLOYtH",
              "caption": ""
            },
            "text": "Sed...",
            "cta": "Click to download",
            "href": "https://www.undp.org/publications/undps-energy-strategy"
          },
          {
            "image": {
              "src": "https://www.energy.gov/sites/default/files/styles/full_article_width/public/2023-11/GRIP%20Blog%20Posting%20Clean%20Energy%20Solar%20Panels.jpg?itok=5KDc3kxK",
              "caption": ""
            },
            "text": "Aliquam...",
            "cta": "Click to download",
            "href": "https://www.undp.org/publications/undps-energy-strategy"
          }
        ],
        "intro": "Neque est eius ut est consectetur."
      },
      "colorscheme": "dark"
    },
    {
      "template_id": "connection_next",
      "content": {
        "image": {
          "src": "https://cdn.prod.website-files.com/6487341142c5367c3cefe169/670703187e5c652197eacf42_Energy.png",
          "caption": ""
        },
        "intro": "Next up",
        "title": "Energy Modelling Tools and Applications",
        "cta": "Start learning",
        "nextLessonId": "7.3.2"
      }
    }
  ]
}