{
  "id": "7.3.2",
  "segments": [
    {
      "template_id": "lesson_cover",
      "content": {
        "image": {
          "src": "https://csis-website-prod.s3.amazonaws.com/s3fs-public/2024-01/AdobeStock_40869586_Crop1.jpg?VersionId=1HVO4O4gG312NydD1v8CElYVGjfLOYtH",
          "caption": ""
        },
        "lesson": {
          "label": "Lesson",
          "Number": "2"
        },
        "intro": "M7: Data in Sustainable Energy | Chapter 3 | Lesson 2",
        "title": "Energy Modelling Tools and Applications"
      },
      "colorscheme": "light"
    },
    {
      "template_id": "text",
      "colorscheme": "light",
      "content": {
        "text_elements": [
          {
            "template_id": "subtitle",
            "content": {
              "text": "Lesson Overview"
            }
          },
          {
            "template_id": "subtitle_small",
            "content": {
              "text": "Ipsum amet porro numquam numquam numquam."
            }
          },
          {
            "template_id": "paragraph_large",
            "content": {
              "text": "Tempora quiquia sit voluptatem porro. Consectetur ipsum sed non. Est tempora tempora amet labore quiquia. Magnam quiquia sit quiquia aliquam ipsum numquam ipsum. Ipsum modi porro quisquam consectetur porro dolore consectetur."
            }
          }
        ]
      }
    },
    {
      "template_id": "key_concepts",
      "color_scheme": "dark",
      "content": {
        "title": "Key Concepts",
        "intro": "Lorem ipsum",
        "concepts": [
          {
            "title": "Dolorem velit dolore",
            "body": "Etincidunt consectetur numquam tempora. Labore consectetur ipsum quiquia voluptatem. Aliquam amet velit quaerat numquam dolor dolorem consectetur. Labore neque porro sit voluptatem voluptatem. Consectetur est ipsum voluptatem etincidunt sed labore. N",
            "source": "-International Development Organization"
          },
          {
            "title": "Ipsum quiquia porro ",
            "body": "Quisquam aliquam magnam ut consectetur dolor. Etincidunt quisquam consectetur ut quiquia. Sed neque quaerat neque. Amet dolorem etincidunt dolore quisquam ipsum voluptatem sed. Dolor voluptatem quaerat neque.",
            "source": ""
          },
          {
            "title": "Aliquam magnam neque",
            "body": "Quisquam quiquia ut eius tempora. Ipsum aliquam voluptatem est. Adipisci dolor est velit ipsum. Eius aliquam aliquam porro quisquam porro. Etincidunt velit ut etincidunt. Quiquia dolore amet tempora ut. Voluptatem modi neque magnam eius. Eius ipsum v",
            "source": ""
          }
        ]
      },
      "colorscheme": "light"
    },
    {
      "template_id": "photo_full_height",
      "colorscheme": "light",
      "content": {
        "image": {
          "src": "https://csis-website-prod.s3.amazonaws.com/s3fs-public/2024-01/AdobeStock_40869586_Crop1.jpg?VersionId=1HVO4O4gG312NydD1v8CElYVGjfLOYtH",
          "caption": ""
        }
      }
    },
    {
      "template_id": "text",
      "colorscheme": "light",
      "content": {
        "text_elements": [
          {
            "template_id": "subtitle",
            "content": {
              "text": "Porro quiquia numquam non"
            }
          },
          {
            "template_id": "paragraph_medium",
            "content": {
              "text": "Amet amet amet modi neque tempora sit. Non quisquam voluptatem labore numquam. Neque labore dolore quiquia dolor aliquam velit sit. Modi neque dolorem consectetur non quiquia. Aliquam etincidunt dolor dolore eius porro sit. Adipisci ipsum non ut. Magnam ipsum neque porro quaerat neque."
            }
          }
        ]
      }
    },
    {
      "template_id": "key_takeaways",
      "content": {
        "title": "Key Takeaways",
        "intro": "Quaerat dolore ipsum quaerat porro eius quisquam dolor.",
        "takeaways": [
          {
            "image": {
              "src": "https://live.staticflickr.com/5504/14454539704_b8910261c0_b.jpg",
              "caption": ""
            },
            "title": "Porro...",
            "description": "Adipisci etincidunt non aliquam aliquam quisquam consectetur quisquam. Amet modi modi quaerat est neque ipsum. Tempora modi aliquam consectetur sed non. Porro amet porro neque. Labore modi dolore adipisci ut voluptatem. Labore consectetur tempora numquam ut quiquia. Etincidunt tempora ipsum labore ut aliquam ut. Adipisci ipsum magnam adipisci porro."
          },
          {
            "image": {
              "src": "https://live.staticflickr.com/1552/26342931015_38814fbfac_b.jpg",
              "caption": ""
            },
            "title": "Neque...",
            "description": "Labore numquam aliquam aliquam sit dolor. Porro voluptatem quisquam modi. Amet non sit quaerat ut. Sed consectetur neque dolore. Dolore etincidunt quisquam consectetur quiquia modi."
          },
          {
            "image": {
              "src": "https://www.healthtechdigital.com/wp-content/uploads/Artificial-Intelligence-in-renewable-energy-market-Study-shows-important-fields-of-application.-min.jpg",
              "caption": ""
            },
            "title": "Ipsum...",
            "description": "Consectetur modi etincidunt aliquam porro. Ipsum etincidunt porro velit. Magnam porro dolore quaerat porro aliquam modi quaerat. Quiquia eius neque sit ut numquam labore. Dolore etincidunt velit voluptatem ut dolore velit. Porro numquam etincidunt consectetur numquam."
          }
        ]
      },
      "colorscheme": "light"
    },
    {
      "template_id": "key_resources",
      "content": {
        "title": "Key Resources",
        "resources": [
          {
            "image": {
              "src": "https://elements-resized.envatousercontent.com/elements-video-cover-images/3254f24d-2426-43ae-b55d-aedc5cd25fea/video_preview/video_preview_0000.jpg?w=1400&cf_fit=cover&q=85&format=auto&s=8801a0bc8becf7ebb4baee10701611ef4b9f3f6939ca660e3a0b90514b7cf8d2",
              "caption": ""
            },
            "text": "Numquam...",
            "cta": "Click to download",
            "href": "https://www.undp.org/publications/undps-energy-strategy"
          },
          {
            "image": {
              "src": "https://elementum-esg.co.uk/wp-content/uploads/2024/04/energy-sources.png",
              "caption": ""
            },
            "text": "Non...",
            "cta": "Click to download",
            "href": "https://www.undp.org/publications/undps-energy-strategy"
          },
          {
            "image": {
              "src": "https://www.energy.gov/sites/default/files/styles/full_article_width/public/2023-11/GRIP%20Blog%20Posting%20Clean%20Energy%20Solar%20Panels.jpg?itok=5KDc3kxK",
              "caption": ""
            },
            "text": "Ipsum...",
            "cta": "Click to download",
            "href": "https://www.undp.org/publications/undps-energy-strategy"
          }
        ],
        "intro": "Neque quaerat adipisci quiquia aliquam sit."
      },
      "colorscheme": "dark"
    },
    {
      "template_id": "connection_next",
      "content": {
        "image": {
          "src": "https://www.resusenergy.lk/images/Resus_Enegry_Images/Project_Images/mahiyagnanaya/dji_0008.jpg",
          "caption": ""
        },
        "intro": "Next up",
        "title": "Chapter 3 Outro",
        "cta": "Start learning",
        "nextLessonId": "7.3.-1"
      }
    }
  ]
}