{
  "id": "7.4.1",
  "segments": [
    {
      "template_id": "lesson_cover",
      "content": {
        "image": {
          "src": "https://live.staticflickr.com/1552/26342931015_38814fbfac_b.jpg",
          "caption": ""
        },
        "lesson": {
          "label": "Lesson",
          "Number": "1"
        },
        "intro": "M7: Data in Sustainable Energy | Chapter 4 | Lesson 1",
        "title": "A.I. Applications in Energy"
      },
      "colorscheme": "dark"
    },
    {
      "template_id": "text",
      "colorscheme": "dark",
      "content": {
        "text_elements": [
          {
            "template_id": "subtitle",
            "content": {
              "text": "Lesson Overview"
            }
          },
          {
            "template_id": "subtitle_small",
            "content": {
              "text": "Dolorem labore labore dolor porro dolorem aliquam numquam."
            }
          },
          {
            "template_id": "paragraph_large",
            "content": {
              "text": "Dolorem consectetur dolore ut. Est quisquam amet quisquam sed voluptatem. Aliquam quiquia quaerat dolorem ipsum quiquia consectetur quiquia. Modi sit sed ipsum porro non. Quisquam sit eius adipisci non numquam."
            }
          }
        ]
      }
    },
    {
      "template_id": "key_concepts",
      "color_scheme": "dark",
      "content": {
        "title": "Key Concepts",
        "intro": "Lorem ipsum",
        "concepts": [
          {
            "title": "Quiquia consectetur ",
            "body": "Velit voluptatem eius velit est tempora ipsum. Non dolore dolor dolorem quisquam. Velit labore consectetur modi tempora tempora. Adipisci neque dolorem adipisci magnam porro. Sed non quiquia tempora quisquam magnam. Etincidunt est porro adipisci non ",
            "source": "-International Development Organization"
          },
          {
            "title": "Etincidunt adipisci ",
            "body": "Ut sed quiquia ut quiquia tempora. Labore non quaerat dolor consectetur. Amet ut est adipisci. Dolorem magnam ut labore labore sed sit dolor. Adipisci aliquam sit quiquia quaerat. Magnam eius non dolor numquam consectetur dolorem quaerat. Tempora sit",
            "source": ""
          },
          {
            "title": "Quisquam sed aliquam",
            "body": "Etincidunt dolor modi neque tempora eius numquam modi. Voluptatem ipsum velit aliquam. Velit est velit ipsum. Est ut quisquam aliquam. Numquam dolor sed dolor sit aliquam. Adipisci dolore labore porro consectetur est ut. Amet amet etincidunt aliquam ",
            "source": ""
          }
        ]
      },
      "colorscheme": "dark"
    },
    {
      "template_id": "photo_full_height",
      "colorscheme": "dark",
      "content": {
        "image": {
          "src": "https://live.staticflickr.com/1552/26342931015_38814fbfac_b.jpg",
          "caption": ""
        }
      }
    },
    {
      "template_id": "text",
      "colorscheme": "dark",
      "content": {
        "text_elements": [
          {
            "template_id": "subtitle",
            "content": {
              "text": "Sit modi porro eius consectetur dolorem numquam"
            }
          },
          {
            "template_id": "paragraph_medium",
            "content": {
              "text": "Numquam porro dolor numquam quisquam numquam tempora sed. Etincidunt labore consectetur velit dolor tempora. Voluptatem quaerat eius voluptatem est ipsum velit dolorem. Tempora magnam eius porro neque eius. Eius eius tempora labore dolore labore est ipsum. Etincidunt tempora dolorem dolore magnam ut neque ipsum. Etincidunt numquam etincidunt est porro."
            }
          }
        ]
      }
    },
    {
      "template_id": "key_takeaways",
      "content": {
        "title": "Key Takeaways",
        "intro": "Dolor quiquia labore quisquam amet dolor non eius.",
        "takeaways": [
          {
            "image": {
              "src": "https://www.resusenergy.lk/images/Resus_Enegry_Images/Project_Images/mahiyagnanaya/dji_0008.jpg",
              "caption": ""
            },
            "title": "Velit...",
            "description": "Labore amet numquam tempora. Eius dolore labore porro labore. Eius sed dolore sit quiquia eius quisquam modi. Dolore dolore voluptatem ipsum amet. Adipisci aliquam tempora quiquia. Dolor ipsum etincidunt eius. Sit numquam est etincidunt quisquam tempora. Quaerat quisquam voluptatem ipsum dolorem amet. Eius voluptatem dolor dolor magnam velit adipisci."
          },
          {
            "image": {
              "src": "https://live.staticflickr.com/5504/14454539704_b8910261c0_b.jpg",
              "caption": ""
            },
            "title": "Consectetur...",
            "description": "Etincidunt adipisci porro ut dolor quiquia numquam aliquam. Ut ipsum ut velit dolorem eius. Labore eius est tempora voluptatem. Tempora etincidunt quaerat sit quaerat neque aliquam. Velit amet neque magnam non. Sit adipisci modi aliquam quisquam. Porro etincidunt amet non sit. Tempora sit labore ipsum."
          },
          {
            "image": {
              "src": "https://www.resusenergy.lk/images/Resus_Enegry_Images/Project_Images/mahiyagnanaya/dji_0008.jpg",
              "caption": ""
            },
            "title": "Dolor...",
            "description": "Numquam eius voluptatem neque est velit aliquam. Porro velit est dolor tempora. Dolor sed amet consectetur. Etincidunt non dolorem dolor adipisci sed. Aliquam modi neque dolor voluptatem dolor modi. Adipisci quaerat modi dolor etincidunt sed dolor quaerat. Quiquia porro labore quisquam ut voluptatem magnam. Aliquam adipisci labore etincidunt eius quisquam neque neque."
          }
        ]
      },
      "colorscheme": "light"
    },
    {
      "template_id": "key_resources",
      "content": {
        "title": "Key Resources",
        "resources": [
          {
            "image": {
              "src": "https://cdn.prod.website-files.com/6487341142c5367c3cefe169/670703187e5c652197eacf42_Energy.png",
              "caption": ""
            },
            "text": "Dolor...",
            "cta": "Click to download",
            "href": "https://www.undp.org/publications/undps-energy-strategy"
          },
          {
            "image": {
              "src": "https://www.undp.org/sites/g/files/zskgke326/files/2022-07/UNDP-Peru-2018_rural_solar_04-Photo%20UNDP%20Peru-Monica%20Sua%CC%81rez%20Galindo.jpg",
              "caption": ""
            },
            "text": "Dolor...",
            "cta": "Click to download",
            "href": "https://www.undp.org/publications/undps-energy-strategy"
          },
          {
            "image": {
              "src": "https://coolermed.com/wp-content/uploads/2023/02/what-is-sustainable-energy-how-to-apply-it-to-medical-use.jpg",
              "caption": ""
            },
            "text": "Aliquam...",
            "cta": "Click to download",
            "href": "https://www.undp.org/publications/undps-energy-strategy"
          }
        ],
        "intro": "Ipsum aliquam consectetur quisquam labore."
      },
      "colorscheme": "dark"
    },
    {
      "template_id": "connection_next",
      "content": {
        "image": {
          "src": "https://live.staticflickr.com/3775/10838225595_b7d942e452_h.jpg",
          "caption": ""
        },
        "intro": "Next up",
        "title": "Emerging Trends and Technologies in Energy",
        "cta": "Start learning",
        "nextLessonId": "7.4.2"
      }
    }
  ]
}