{
  "id": "7.4.-1",
  "segments": [
    {
      "template_id": "chapter_outro",
      "content": {
        "intro": "Congratulations, you have concluded",
        "title": "M7 | Chapter 4",
        "subtitle": "Chapter 4 Outro",
        "body": "Thank you for joining us for the third chapter of the Just Energy Transition Module. We invite you to interact with the closing scenario, and to reflect on how you can take action to move these ideas from ambitions into action.",
        "nextBlock": {
          "intro": "Graded quiz",
          "title": "Title of the quiz",
          "cta": "Test your knowledge",
          "buttonCta": "Launch the quiz",
          "image": {
            "src": "https://live.staticflickr.com/3775/10838225595_b7d942e452_h.jpg",
            "caption": ""
          },
          "nextBlockId": "1.1.6"
        }
      },
      "colorscheme": "dark"
    },
    {
      "template_id": "connection_next",
      "content": {
        "image": {
          "src": "https://imgs.mongabay.com/wp-content/uploads/sites/20/2025/02/18142934/29572133848_45af12a4bb_k-e1737653671184.jpg",
          "caption": ""
        },
        "intro": "Next up",
        "title": "Module 7 Outro",
        "cta": "Start learning",
        "nextLessonId": "7.-1.0"
      }
    }
  ]
}