{
  "id": "7.4.2",
  "segments": [
    {
      "template_id": "lesson_cover",
      "content": {
        "image": {
          "src": "https://www.resusenergy.lk/images/Resus_Enegry_Images/Project_Images/mahiyagnanaya/dji_0008.jpg",
          "caption": ""
        },
        "lesson": {
          "label": "Lesson",
          "Number": "2"
        },
        "intro": "M7: Data in Sustainable Energy | Chapter 4 | Lesson 2",
        "title": "Emerging Trends and Technologies in Energy"
      },
      "colorscheme": "light"
    },
    {
      "template_id": "text",
      "colorscheme": "dark",
      "content": {
        "text_elements": [
          {
            "template_id": "subtitle",
            "content": {
              "text": "Lesson Overview"
            }
          },
          {
            "template_id": "subtitle_small",
            "content": {
              "text": "Ipsum voluptatem magnam labore modi labore."
            }
          },
          {
            "template_id": "paragraph_large",
            "content": {
              "text": "Velit ipsum est eius magnam. Adipisci sed eius quaerat tempora ipsum modi. Numquam tempora est ipsum eius dolore quaerat. Modi amet quiquia ipsum amet. Ut dolore magnam sit non labore tempora quaerat. Ut dolore quaerat quaerat quaerat consectetur dolorem. Dolor dolor sed eius labore."
            }
          }
        ]
      }
    },
    {
      "template_id": "key_concepts",
      "color_scheme": "dark",
      "content": {
        "title": "Key Concepts",
        "intro": "Lorem ipsum",
        "concepts": [
          {
            "title": "Etincidunt dolor vol",
            "body": "Eius ut magnam numquam consectetur ut consectetur neque. Consectetur dolore dolor ipsum ipsum. Dolor dolorem non ipsum magnam porro dolorem ipsum. Labore dolor ut voluptatem quisquam velit dolorem porro. Quiquia sit etincidunt ipsum amet. Sit etincid",
            "source": "-International Development Organization"
          },
          {
            "title": "Dolor dolor amet con",
            "body": "Etincidunt eius dolore etincidunt. Voluptatem ut ut consectetur consectetur. Dolor modi ut quiquia amet modi voluptatem velit. Quisquam quaerat magnam sit modi velit sed dolorem. Magnam quaerat etincidunt adipisci numquam magnam quisquam. Neque ut po",
            "source": ""
          },
          {
            "title": "Sit amet aliquam qui",
            "body": "Eius velit consectetur labore numquam voluptatem eius dolorem. Etincidunt dolore dolore consectetur porro sit. Amet labore adipisci est ipsum sit. Consectetur dolore aliquam magnam quisquam ipsum adipisci. Adipisci velit aliquam dolorem ut. Sit sit q",
            "source": ""
          }
        ]
      },
      "colorscheme": "light"
    },
    {
      "template_id": "photo_full_height",
      "colorscheme": "light",
      "content": {
        "image": {
          "src": "https://www.resusenergy.lk/images/Resus_Enegry_Images/Project_Images/mahiyagnanaya/dji_0008.jpg",
          "caption": ""
        }
      }
    },
    {
      "template_id": "text",
      "colorscheme": "light",
      "content": {
        "text_elements": [
          {
            "template_id": "subtitle",
            "content": {
              "text": "Numquam sit amet numquam"
            }
          },
          {
            "template_id": "paragraph_medium",
            "content": {
              "text": "Sed modi amet adipisci. Dolorem adipisci non numquam etincidunt modi neque. Tempora quaerat etincidunt quaerat dolorem sit dolorem voluptatem. Labore eius magnam quiquia velit. Magnam modi consectetur numquam magnam. Ut velit numquam voluptatem ut consectetur. Labore dolorem porro quaerat non ipsum. Etincidunt dolorem aliquam tempora dolorem. Ipsum consectetur labore sit modi. Aliquam consectetur labore dolor tempora tempora dolore labore."
            }
          }
        ]
      }
    },
    {
      "template_id": "key_takeaways",
      "content": {
        "title": "Key Takeaways",
        "intro": "Est dolore modi sed.",
        "takeaways": [
          {
            "image": {
              "src": "https://cdn.prod.website-files.com/6487341142c5367c3cefe169/670703187e5c652197eacf42_Energy.png",
              "caption": ""
            },
            "title": "Voluptatem...",
            "description": "Neque quaerat velit dolor quiquia numquam sed magnam. Modi dolorem neque etincidunt. Dolor porro porro amet aliquam. Tempora voluptatem ut eius. Etincidunt dolor numquam voluptatem. Magnam sit etincidunt dolore est non sed tempora."
          },
          {
            "image": {
              "src": "https://www.energy.gov/sites/default/files/styles/full_article_width/public/2023-11/GRIP%20Blog%20Posting%20Clean%20Energy%20Solar%20Panels.jpg?itok=5KDc3kxK",
              "caption": ""
            },
            "title": "Etincidunt...",
            "description": "Dolorem numquam etincidunt dolorem quaerat labore. Aliquam quaerat dolor modi sed non ipsum. Consectetur aliquam voluptatem est labore sit. Eius tempora ut ipsum porro consectetur non. Labore porro ipsum amet. Labore sed eius labore magnam numquam non. Dolore velit sit ut non ut. Adipisci ut modi numquam aliquam voluptatem. Amet quaerat sit neque."
          },
          {
            "image": {
              "src": "https://www.energy.gov/sites/default/files/styles/full_article_width/public/2023-11/GRIP%20Blog%20Posting%20Clean%20Energy%20Solar%20Panels.jpg?itok=5KDc3kxK",
              "caption": ""
            },
            "title": "Magnam...",
            "description": "Modi non aliquam neque quiquia. Sit adipisci adipisci etincidunt porro adipisci consectetur sed. Numquam quisquam labore dolor labore magnam. Ut magnam dolor non labore labore labore. Est non numquam sed magnam adipisci voluptatem dolor. Sed quaerat dolor adipisci etincidunt sit voluptatem dolorem. Magnam est sed tempora etincidunt etincidunt. Numquam labore non amet sit. Sed aliquam numquam sit adipisci."
          }
        ]
      },
      "colorscheme": "light"
    },
    {
      "template_id": "key_resources",
      "content": {
        "title": "Key Resources",
        "resources": [
          {
            "image": {
              "src": "https://www.undp.org/sites/g/files/zskgke326/files/2022-07/UNDP-Peru-2018_rural_solar_04-Photo%20UNDP%20Peru-Monica%20Sua%CC%81rez%20Galindo.jpg",
              "caption": ""
            },
            "text": "Quiquia...",
            "cta": "Click to download",
            "href": "https://www.undp.org/publications/undps-energy-strategy"
          },
          {
            "image": {
              "src": "https://live.staticflickr.com/1552/26342931015_38814fbfac_b.jpg",
              "caption": ""
            },
            "text": "Ipsum...",
            "cta": "Click to download",
            "href": "https://www.undp.org/publications/undps-energy-strategy"
          },
          {
            "image": {
              "src": "https://csis-website-prod.s3.amazonaws.com/s3fs-public/2024-01/AdobeStock_40869586_Crop1.jpg?VersionId=1HVO4O4gG312NydD1v8CElYVGjfLOYtH",
              "caption": ""
            },
            "text": "Velit...",
            "cta": "Click to download",
            "href": "https://www.undp.org/publications/undps-energy-strategy"
          }
        ],
        "intro": "Dolore est numquam magnam dolor amet."
      },
      "colorscheme": "light"
    },
    {
      "template_id": "connection_next",
      "content": {
        "image": {
          "src": "https://elements-resized.envatousercontent.com/elements-video-cover-images/3254f24d-2426-43ae-b55d-aedc5cd25fea/video_preview/video_preview_0000.jpg?w=1400&cf_fit=cover&q=85&format=auto&s=8801a0bc8becf7ebb4baee10701611ef4b9f3f6939ca660e3a0b90514b7cf8d2",
          "caption": ""
        },
        "intro": "Next up",
        "title": "Chapter 4 Outro",
        "cta": "Start learning",
        "nextLessonId": "7.4.-1"
      }
    }
  ]
}