{
  "id": "7.4.0",
  "segments": [
    {
      "template_id": "chapter_cover",
      "content": {
        "image": {
          "src": "https://coolermed.com/wp-content/uploads/2023/02/what-is-sustainable-energy-how-to-apply-it-to-medical-use.jpg",
          "caption": ""
        },
        "chapter": {
          "label": "Chapter",
          "Number": "4"
        },
        "intro": "Just Energy Transition | chapter 1",
        "title": "Chapter 4 Introduction",
        "cta": "Scroll, tab or use your keyboard to move ahead",
        "subtitle": "M7: Data in Sustainable Energy | Chapter 4"
      },
      "colorscheme": "dark"
    },
    {
      "template_id": "text",
      "colorscheme": "light",
      "content": {
        "text_elements": [
          {
            "template_id": "subtitle",
            "content": {
              "text": "Chapter Overview"
            }
          },
          {
            "template_id": "subtitle_small",
            "content": {
              "text": "Dolore quaerat dolor dolorem ut amet."
            }
          },
          {
            "template_id": "paragraph_large",
            "content": {
              "text": "Porro dolor tempora quisquam labore. Eius modi quaerat voluptatem est dolorem numquam. Magnam quaerat aliquam est neque est numquam. Consectetur aliquam adipisci neque. Labore dolorem eius sed."
            }
          }
        ]
      }
    },
    {
      "template_id": "list_of_lessons",
      "content": {
        "title": "What's next in this chapter?",
        "lessons": [
          {
            "cta": "Go to the lesson",
            "description": "Neque magnam dolore quiquia sit quaerat eius porro.",
            "lessonId": "7.4.1",
            "image": {
              "src": "https://csis-website-prod.s3.amazonaws.com/s3fs-public/2024-01/AdobeStock_40869586_Crop1.jpg?VersionId=1HVO4O4gG312NydD1v8CElYVGjfLOYtH",
              "caption": ""
            },
            "title": "A.I. Applications in Energy",
            "type": "Lesson",
            "progress": "in_progress"
          },
          {
            "cta": "Go to the lesson",
            "description": "Dolor quiquia eius dolore eius neque porro.",
            "lessonId": "7.4.2",
            "image": {
              "src": "https://imgs.mongabay.com/wp-content/uploads/sites/20/2025/02/18142934/29572133848_45af12a4bb_k-e1737653671184.jpg",
              "caption": ""
            },
            "title": "Emerging Trends and Technologies in Energy",
            "type": "Lesson",
            "progress": "completed"
          }
        ]
      },
      "colorscheme": "dark"
    },
    {
      "template_id": "connection_next",
      "content": {
        "image": {
          "src": "https://web14.bernama.com/storage/photos/830db0b0eb59429f4a6f5618134452c963f433bee8a98",
          "caption": ""
        },
        "intro": "Next up",
        "title": "A.I. Applications in Energy",
        "cta": "Start learning",
        "nextLessonId": "7.4.1"
      }
    }
  ]
}