{
  "id": "6.0.0",
  "segments": [
    {
      "template_id": "module_cover",
      "colorscheme": "light",
      "content": {
        "image": {
          "src": "https://ik.imagekit.io/seacademy/Photos/Module_5/M5_C2_L1_6.png",
          "caption": ""
        },
        "intro": {
          "label": "Module",
          "number": "6"
        },
        "title": "The Climate Change-Energy Nexus",
        "cta": "Scroll, tab or use your keyboard to move ahead"
      }
    },
    {
      "template_id": "text",
      "colorscheme": "dark",
      "content": {
        "text_elements": [
          {
            "template_id": "subtitle",
            "content": {
              "text": "The Climate Change-Energy Nexus"
            }
          },
          {
            "template_id": "subtitle",
            "content": {
              "text": "MODULE OVERVIEW"
            }
          },
          {
            "template_id": "paragraph_large",
            "content": {
              "text": "This module examines the critical relationship between energy systems and climate change, underscoring the urgent need for a global shift toward sustainable energy. With the energy sector responsible for approximately 75% of global greenhouse gas emissions, the module highlights the significant carbon footprint of energy production and consumption. It explores the pressing challenges posed by climate change and the imperative to transition to zero-carbon and renewable energy sources to mitigate these impacts. The module also addresses the vulnerability of energy infrastructure to climate-related risks, such as extreme weather events and rising temperatures. It advocates for adaptive measures, including the development of resilient grid systems and the integration of distributed energy resources to complement traditional centralized infrastructure. Finally, the module emphasizes the transformative role of renewable energy in enhancing climate resilience. Through real-world examples, it showcases how renewable energy solutions can be successfully integrated into disaster preparedness and response, ensuring a more sustainable and secure energy future."
            }
          }
        ]
      }
    },
    {
      "template_id": "photo-full-height",
      "colorscheme": "dark",
      "content": {
        "image": {
          "imageUrl": "https://ik.imagekit.io/seacademy/Photos/Module_5/M5_C1_Outro_2.png"
        }
      }
    },
    {
      "template_id": "learning_objectives",
      "colorscheme": "dark",
      "content": {
        "title": "Learning Objectives",
        "intro": "of MODULE 6 on THE CLIMATE CHANGE-ENERGY NEXUS",
        "cards": [
          {
            "image": {
              "src": "https://ik.imagekit.io/seacademy/Photos/Module_5/M5_C3_L2_12.png",
              "caption": "image caption",
              "url": null
            },
            "title": "Monitoring progress towards sustainable energy goals is key.",
            "description": "Examine the significant contribution of energy systems to global greenhouse gas emissions and evaluate the pathways for transitioning to net-zero energy production and consumption by mid-century."
          },
          {
            "image": {
              "src": "https://ik.imagekit.io/seacademy/Photos/Module_5/M5_C4_L2_2.png",
              "caption": "image caption",
              "url": null
            },
            "title": "Economic growth and energy policies are critical.",
            "description": "Assess the vulnerabilities of energy infrastructure to climate-related risks, including extreme weather events and long-term climate stressors, and identify strategies to mitigate these challenges."
          },
          {
            "image": {
              "src": "https://ik.imagekit.io/seacademy/Photos/Module_5/M5_C3_L3_9.png",
              "caption": "image caption",
              "url": null
            },
            "title": "We must always be evaluating the environmental impact of sustainable energy development.",
            "description": "Evaluate the role of renewable energy technologies and other sustainable solutions in decarbonizing the end-use sectors, considering their environmental, economic, and social implications."
          },
          {
            "image": {
              "src": "https://ik.imagekit.io/seacademy/Photos/Module_5/M5_C3_L3_2.png",
              "caption": "image caption",
              "url": null
            },
            "title": "We must always be evaluating the environmental impact of sustainable energy development.",
            "description": "Understand the role of sustainable energy solutions in climate adaptation strategies."
          }
        ]
      }
    },
    {
      "template_id": "connection_next",
      "colorscheme": "dark",
      "content": {
        "image": {
          "src": "https://ik.imagekit.io/seacademy/Photos/Module_5/M5_C4_L2_2.png",
          "caption": ""
        },
        "intro": "Next up",
        "title": "Chapter 1: Energy Transitions and the Climate Crisis: An Overview",
        "nextLessonId": "6.1.0",
        "cta": "Start learning"
      }
    }
  ]
}