{
  "id": "6.1.2",
  "segments": [
    {
      "template_id": "lesson_cover",
      "colorscheme": "dark",
      "content": {
        "id": "lesson_cover",
        "image": {
          "src": "https://ik.imagekit.io/seacademy/Photos/Module_5/M5_C1_L2_3.png",
          "caption": ""
        },
        "intro": {
          "label": "Lesson",
          "number": "2"
        },
        "title": "THE IMPACT OF CLIMATE CHANGE ON ENERGY SYSTEMS",
        "cta": null
      }
    },
    {
      "template_id": "text",
      "colorscheme": "light",
      "content": {
        "id": "text",
        "content": {
          "text_elements": [
            {
              "template_id": "subtitle",
              "content": {
                "text": "Lesson 1 Overview"
              }
            },
            {
              "template_id": "subtitle",
              "content": {
                "text": "THE IMPACT OF CLIMATE CHANGE ON ENERGY SYSTEMS"
              }
            },
            {
              "template_id": "paragraph_large",
              "content": {
                "text": "Climate change has profound effects on energy production across all sources and technologies. These effects can disrupt energy production, increase operational costs, impact energy demand, and pose challenges to energy security."
              }
            }
          ]
        }
      }
    },
    {
      "template_id": "key_concepts",
      "colorscheme": "dark",
      "content": {
        "id": "key_concepts",
        "title": "Key concepts",
        "intro": "If you only have space to remember 3 things:",
        "concepts": [
          {
            "title": "Just Transition",
            "body": "\u201cGreening the economy in a way that is as fair and inclusive as possible to everyone concerned, creating decent work opportunities and leaving no one behind.\u201d",
            "source": null
          },
          {
            "title": "\rNet Zero",
            "body": "Put simply, net zero means cutting carbon emissions to a small amount of residual emissions that can be absorbed and durably stored by nature and other carbon dioxide removal measures, leaving zero in the atmosphere.",
            "source": null
          },
          {
            "title": "Inclusive Access",
            "body": "Lorem ipsum dolor sit amet consectetur. Amet aenean rhoncus cursus lectus quis non tortor ultricies. Facilisis faucibus massa urna lorem sit sit.",
            "source": "Lorem ipsum dolor sit"
          }
        ]
      }
    },
    {
      "template_id": "lesson_part_cover",
      "colorscheme": "dark",
      "content": {
        "id": "lesson_part_cover",
        "image": {
          "src": "https://ik.imagekit.io/seacademy/Photos/Module_5/M5_C4_L3_4.png",
          "caption": ""
        },
        "intro": "M1: Just Energy Transition | chapter 1 | Lesson 1 | Part 1",
        "title": "Part 1: Renewable Energy Systems",
        "cta": null
      }
    },
    {
      "template_id": "text",
      "colorscheme": "light",
      "content": {
        "id": "text",
        "content": {
          "text_elements": [
            {
              "template_id": "paragraph_small",
              "content": {
                "text": "Climate change can stress the availability and efficiency of renewable energy sources such as solar, wind and hydroelectric power. Biofuels, which rely on plant, algal, or animal biomass, are particularly vulnerable to temperature fluctuations. For example, reduced rainfall can lower crop yields, such as cassava, which is used in bioethanol production. Sudden temperature spikes further contribute to declining yields, disrupting biofuel supply chains.\n\nClimate change can influence the availability and efficiency of renewable energy sources such as solar, wind, and hydroelectric power. Changes in weather patterns, such as alterations in wind speeds, precipitation levels, and solar radiation, can impact the output of these renewable energy systems. Changes in precipitation patterns and glacier melt rates affect water availability for hydropower generation. Droughts can reduce water flow, leading to decreased hydropower output, while extreme rainfall events can cause flooding and damage to hydropower infrastructure. The International Energy Agency (IEA) estimates that hydropower plans that have long lifespans from 50 to 100 years are likely to be impacted by climate change."
              }
            }
          ]
        }
      }
    },
    {
      "template_id": "photo-full-height",
      "colorscheme": "dark",
      "content": {
        "id": "photo-full-height",
        "image": {
          "imageUrl": "https://ik.imagekit.io/seacademy/Photos/Module_5/M5_C4_Intro_7.png"
        }
      }
    },
    {
      "template_id": "text",
      "colorscheme": "light",
      "content": {
        "id": "text",
        "content": {
          "text_elements": [
            {
              "template_id": "subtitle",
              "content": {
                "text": "Impacts on Thermal Power Plants"
              }
            },
            {
              "template_id": "paragraph_large",
              "content": {
                "text": "Thermal power plants, such as coal, gas, and nuclear facilities, rely on water for cooling, as steam must be condensed back into water for reuse in electricity generation. Colder water improves efficiency, but rising temperatures increase cooling demand while reducing effectiveness, straining operations. Extreme weather events, such as heatwaves and storms, further disrupt plant operations and damage infrastructure, hindering energy production."
              }
            }
          ]
        }
      }
    },
    {
      "template_id": "photo-full-height",
      "colorscheme": "dark",
      "content": {
        "id": "photo-full-height",
        "image": {
          "imageUrl": "https://ik.imagekit.io/seacademy/Photos/Module_5/M5_C3_L2_11.png"
        }
      }
    },
    {
      "template_id": "text",
      "colorscheme": "light",
      "content": {
        "id": "text",
        "content": {
          "text_elements": [
            {
              "template_id": "subtitle",
              "content": {
                "text": "Impacts on Energy Distribution Systems"
              }
            },
            {
              "template_id": "paragraph_large",
              "content": {
                "text": "Climate change exerts significant pressures on energy distribution systems, affecting their reliability, resilience, and efficiency. These changes in climate patterns and extreme weather events introduce challenges that energy distribution networks must adapt to. One of the primary challenges faced by energy distribution systems due to climate change is the increased frequency and intensity of extreme weather events."
              }
            }
          ]
        }
      }
    },
    {
      "template_id": "photo-full-height",
      "colorscheme": "dark",
      "content": {
        "id": "photo-full-height",
        "image": {
          "imageUrl": "https://ik.imagekit.io/seacademy/Photos/Module_5/M5_C2_L3_4.png"
        }
      }
    },
    {
      "template_id": "text",
      "colorscheme": "light",
      "content": {
        "id": "text",
        "content": {
          "text_elements": [
            {
              "template_id": "subtitle",
              "content": {
                "text": "Rising Energy Demand"
              }
            },
            {
              "template_id": "paragraph_large",
              "content": {
                "text": "Climate change does not just affect the production side, it also increases energy demand. \nGlobal energy demand grew at an above-average rate in 2024, driven by rising electricity consumption worldwide. Energy demand increased by 2.2%, outpacing the 1.3% annual average growth seen between 2013 and 2023, though still trailing global GDP growth of 3.2%. The power sector was the primary driver of this acceleration, with global electricity consumption rising by nearly 1,100 terawatt-hours (4.3%), almost double the previous decade\u2019s annual average."
              }
            }
          ]
        }
      }
    },
    {
      "template_id": "text",
      "colorscheme": "light",
      "content": {
        "id": "text",
        "content": {
          "text_elements": [
            {
              "template_id": "paragraph_large",
              "content": {
                "text": "This surge was fueled by record-high temperatures that increased demand for cooling, as well as growing electricity use in industry, transport electrification, and the rapid expansion of data centers and artificial intelligence. Most of the additional energy demand was met by increased supply from renewables and natural gas. \nRising temperatures and changing precipitation patterns influence the demand for energy, especially for cooling during heatwaves and heating during cold spells. One of the most pronounced impacts of climate change on energy consumption lies in the realm of cooling demand. As temperatures around the world continue to rise, and at the same time there is a rapidly emerging middle class in Asia and India, the demand for cooling systems and air conditioning in residential, commercial, and industrial buildings is escalating."
              }
            }
          ]
        }
      }
    },
    {
      "template_id": "text",
      "colorscheme": "light",
      "content": {
        "id": "text",
        "content": {
          "text_elements": [
            {
              "template_id": "paragraph_large",
              "content": {
                "text": "Heatwaves, which are becoming more frequent and intense due to climate change, drive up the need for indoor cooling and dehumidification to maintain comfort and safety and prevent heat stroke and potential deaths. This surge in cooling demand places significant stress on electricity grids, particularly during peak demand periods, leading to potential supply shortages and grid instability. Conversely, changes in temperature and precipitation patterns also play a pivotal role in shaping heating energy demand. In regions experiencing milder winters due to climate change, there is a reduction in the need for heating systems, leading to decreased energy consumption. However, in areas facing more frequent and severe cold waves, heating energy demand might increase, offsetting the reductions seen in regions with milder winters. These variations in heating demand create a complex energy consumption landscape that requires dynamic and adaptive energy planning and management strategies. Moreover, other extreme weather events, including hurricanes, floods, and storms, also disrupt electricity generation, distribution, and transport infrastructure. The transportation sector, a significant consumer of energy globally, is also impacted by climate change in profound ways. Rising temperatures influence travel patterns, vehicle efficiency, and fuel consumption, leading to changes in energy demand. Higher temperatures can reduce the efficiency of internal combustion engines and electric vehicles alike and require increased air conditioning systems in vehicles, resulting in increased fuel consumption per kilometer traveled."
              }
            }
          ]
        }
      }
    },
    {
      "template_id": "text",
      "colorscheme": "light",
      "content": {
        "id": "text",
        "content": {
          "text_elements": [
            {
              "template_id": "paragraph_large",
              "content": {
                "text": "Climate change\u2019s far-reaching effects on energy systems are not uniform; they intersect with local realities in ways that demand context-specific solutions. In Malawi, a country with one of the lowest electrification rates (23% as of June 2024) globally, the interplay between climate variability and energy access reveals both vulnerabilities and opportunities for innovation. As shifting rainfall patterns disrupt hydropower\u2014Malawi\u2019s primary energy source\u2014the need for diversified, decentralized energy solutions becomes increasingly urgent. The case study that follows delves into Malawi\u2019s efforts to expand clean energy access through decentralized mini-grids, offering a nuanced perspective on how climate resilience, policy frameworks, and public-private collaboration can converge to address energy poverty in a changing climate."
              }
            }
          ]
        }
      }
    },
    {
      "template_id": "lesson_part_cover",
      "colorscheme": "dark",
      "content": {
        "id": "lesson_part_cover",
        "image": {
          "src": "https://ik.imagekit.io/seacademy/Photos/Module_5/M5_C2_L2_21.png",
          "caption": ""
        },
        "intro": "M1: Just Energy Transition | chapter 1 | Lesson 1 | Part 1",
        "title": "Part 2: \nStrategies to Address the Impact of Climate Change on Energy Systems",
        "cta": null
      }
    },
    {
      "template_id": "text",
      "colorscheme": "light",
      "content": {
        "id": "text",
        "content": {
          "text_elements": [
            {
              "template_id": "paragraph_large",
              "content": {
                "text": "As the impacts of climate change increasingly affect energy systems worldwide, it is crucial to implement effective strategies to ensure energy security, sustainability, and resilience. These strategies must address both the challenges posed by climate-induced disruptions to energy production and consumption, as well as the need for adaptation in energy infrastructure."
              }
            }
          ]
        }
      }
    },
    {
      "template_id": "text",
      "colorscheme": "light",
      "content": {
        "id": "text",
        "content": {
          "text_elements": [
            {
              "template_id": "paragraph_large",
              "content": {
                "text": "As the impacts of climate change increasingly affect energy systems worldwide, it is crucial to implement effective strategies to ensure energy security, sustainability, and resilience. These strategies must address both the challenges posed by climate-induced disruptions to energy production and consumption, as well as the need for adaptation in energy infrastructure."
              }
            }
          ]
        }
      }
    },
    {
      "template_id": "photo-full-height",
      "colorscheme": "dark",
      "content": {
        "id": "photo-full-height",
        "image": {
          "imageUrl": "https://ik.imagekit.io/seacademy/Photos/Module_5/M5_Outro_2.png"
        }
      }
    },
    {
      "template_id": "text",
      "colorscheme": "light",
      "content": {
        "id": "text",
        "content": {
          "text_elements": [
            {
              "template_id": "subtitle",
              "content": {
                "text": "Case Study RBA:                                                                                                                  Increasing Access to Clean and Affordable decentralized Energy Services in Selected Vulnerable Areas in Malawi from 2014 to 2021"
              }
            },
            {
              "template_id": "paragraph_large",
              "content": {
                "text": "The initiative focuses on implementing energy-efficient technologies and renewable energy practices in Georgia's Machakhela Protected Landscape, as a part of the Climate Promise global framework. Funded by the Government of Japan, the project aims to safeguard the Colchic forest ecosystem in Machakheli Valley by introducing energy-efficient technologies like solar panels and water heaters in local communities while tackling the hazards of forest degradation brought on by over-exploitation of fuelwood, climate change, and global challenges.\nThe project aimed to enhance the protection of the forests, reduce climate change-associated risks and enable access to clean and affordable energy.\u00a0Solar water heaters and photovoltaic panels were selected as primary technologies, and training sessions and digital monitoring tools were provided. 200 heaters and 70 panels were procured, followed by targeted installation in vulnerable households. A feasibility study on biomass production was conducted, leveraging Japanese partners' expertise. Awareness-raising activities, supported by local NGOs, promoted the benefits of renewable energy. A monitoring system tracked key metrics like energy savings, fuelwood reduction, and emissions decreases. Partnerships with the Ministry of Agriculture, Khelvachauri Municipality, Machakhela National Park, UNDP's Country Office, and the Ministry of Environmental Protection and Agriculture ensured coordinated, policy-aligned implementation."
              }
            }
          ]
        }
      }
    },
    {
      "template_id": "text",
      "colorscheme": "light",
      "content": {
        "id": "text",
        "content": {
          "text_elements": [
            {
              "template_id": "paragraph_large",
              "content": {
                "text": "Malawi is one of the least electrified countries in the world, with electricity coverage accounting for 11%; only 42% of the urban, and 4% of the rural population are connected to electricity1. Thus, providing clean, affordable, and sustainable energy access is one of the country\u2019s challenges. Malawi generates 98% of the electricity supply from six run-of-river hydropower projects on the Shire River. \nWhile hydropower has been a useful energy source, the country\u2019s heavy reliance on it exposes Malawi to hydrological risks, particularly fluctuations in rainfall patterns. \nFor example, during periods of reduced rainfall, such as the droughts experienced in 2023 and 2024, hydropower generation has been significantly impacted, leading to power shortages and unreliable electricity supply. These challenges underscore the importance of diversifying the country\u2019s energy sources to reduce vulnerability and ensure energy security. \nIn addition, to meet the rising electricity demand and to provide access to energy for low-income people in rural areas, the development of decentralized energy supply is being presented as a potential solution."
              }
            }
          ]
        }
      }
    },
    {
      "template_id": "text",
      "colorscheme": "light",
      "content": {
        "id": "text",
        "content": {
          "text_elements": [
            {
              "template_id": "paragraph_large",
              "content": {
                "text": "However, Malawi appears to encounter three major barriers regarding clean and affordable decentralized mini-grid installations. This includes a lack of access to upfront costs, limited awareness, and institutional capacity at the district and community level to operate and maintain mini-grid schemes, and an absence of systematic information and data collection on best practices for scaling up mini-grid development. The Increasing Access to Clean and Affordable Decentralized Energy Service in Selected Vulnerable Areas project, funded by the Global Environment Fund and UNDP, aims to achieve the imperative of energy access in remote rural areas with low carbon impact by developing commercially oriented mini-grids through Public-Private Partnership (PPP) and ensuring its operations in a self-sustaining way. The project adopted three approaches to enhance the clean energy mini-grid in Malawi; the first approach focused on enhancing Mulajie Electrification Generation Agency (MEGA), the first vertically integrated privately-owned mini-grid in Mulaju, to increase customer connection and electricity production capacity."
              }
            }
          ]
        }
      }
    },
    {
      "template_id": "photo-horizontal",
      "colorscheme": "dark",
      "content": {
        "id": "photo-horizontal",
        "image": {
          "src": null,
          "caption": null,
          "url": null
        }
      }
    },
    {
      "template_id": "photo-full-height",
      "colorscheme": "dark",
      "content": {
        "id": "photo-full-height",
        "image": {
          "imageUrl": "https://ik.imagekit.io/seacademy/Photos/Module_5/M5_C1_L1_6.png"
        }
      }
    },
    {
      "template_id": "text",
      "colorscheme": "light",
      "content": {
        "id": "text",
        "content": {
          "text_elements": [
            {
              "template_id": "paragraph_large",
              "content": {
                "text": "As a result of the three approaches employed, the mini-grid project had a ripple effect on various development outcomes, including education, health, and productive use of energy (PUE), enabling 610 households, 1 clinic, 35 schools, and 2 maize mills to be connected to electricity. Further, Community Energy Malawi, an installer and supplier of renewable energy technologies, commissioned an 80 KWP solar PV in Muchinin, which is expected to connect 150 households, primarily schools, health posts, and maize mills. In addition, Practical Action, a global development charity, planned to install a 300KW hydro mini-grid to provide access for 500 households and support coffee estates in Usingini. Moreover, as part of policy support work, the national energy policy has been approved, and 5 mini-grid case studies were developed as a toolkit for knowledge covering the technology, finance model, and policy regulation aspect while integrating lessons learned. \nOverall, the project serves as a good model for adopting holistic approaches to address the core challenges faced in the mini-grid sector and highlights the importance of public-private partnership, creating a supportive policy and regulatory framework alongside a capacity and knowledge-sharing platform. Currently, the project is closed, and the impact is expected to be further compiled and reported."
              }
            }
          ]
        }
      }
    },
    {
      "template_id": "text",
      "colorscheme": "light",
      "content": {
        "id": "text",
        "content": {
          "text_elements": [
            {
              "template_id": "paragraph_large",
              "content": {
                "text": "References \n1\u00a0SEforALL\u00a0Africa Hub (2024).\u00a0Malawi,\u00a0SEforALL\u00a0Africa Hub.\u00a0                                                   2\u00a0GEF (2014).\u00a0Increasing Access to Clean and Affordable Decentralized Energy Services in Selected Vulnerable Areas of\u00a0Malawi.\u00a0                                                                                  3,4,5\u00a0UNDP (2024).\u00a02018 Annual Progress Report Increasing Access."
              }
            }
          ]
        }
      }
    },
    {
      "template_id": "photo-full-height",
      "colorscheme": "dark",
      "content": {
        "id": "photo-full-height",
        "image": {
          "imageUrl": "https://ik.imagekit.io/seacademy/Photos/Module_5/M5_C4_Outro_3.png"
        }
      }
    },
    {
      "template_id": "learning_objectives",
      "colorscheme": "dark",
      "content": {
        "id": "learning_objectives",
        "title": "KEY TAKEAWAYS",
        "intro": "Lesson 1 on THE IMPACT OF ENERGY SYSTEMS ON CLIMATE CHANGE\n",
        "cards": [
          {
            "image": {
              "src": "src",
              "caption": "image caption",
              "url": null
            },
            "title": "Climate Change Disrupts Renewable Energy Efficiency and Availability.",
            "description": "Climate change disrupts the efficiency and availability of renewable energy sources like solar, wind, and hydro, through changing weather patterns, temperature fluctuations, and extreme weather events. Thermal power plants also face challenges, including rising cooling water demand and infrastructure damage from heatwaves and storms."
          },
          {
            "image": {
              "src": "nature",
              "caption": "image caption",
              "url": null
            },
            "title": "Extreme Weather Events Compromise Energy Reliability.",
            "description": "The frequency and intensity of extreme weather events such as hurricanes, wildfires, and floods are putting pressure on energy distribution systems, causing damage to infrastructure and leading to power outages, which affect the reliability and resilience of energy supply."
          },
          {
            "image": {
              "src": "src",
              "caption": "image caption",
              "url": null
            },
            "title": "Strategic Adaptation is Essential for Energy System Resilience.",
            "description": "Effective strategies to tackle the impact of climate change on energy systems involve enhancing infrastructure resilience, diversifying energy sources, improving energy efficiency, and adopting decentralized solutions. These approaches are essential for ensuring a secure, sustainable, and adaptable energy future in the face of climate-induced disruptions."
          }
        ]
      }
    },
    {
      "template_id": "photo-full-height",
      "colorscheme": "dark",
      "content": {
        "id": "photo-full-height",
        "image": {
          "imageUrl": "https://ik.imagekit.io/seacademy/Photos/Module_5/M5_C1_Outro_1.png"
        }
      }
    },
    {
      "template_id": "list_of_lessons",
      "colorscheme": "dark",
      "content": {
        "id": "list_of_lessons",
        "title": "What's next in this chapter?",
        "lessons": [
          {
            "cta": "Go to the lesson",
            "image": {
              "src": "src",
              "caption": "image caption",
              "url": null
            },
            "title": "Renewables 2024\nThis report forecasts renewable energy deployment through 2030, tracking global progress toward tripling capacity while identifying key barriers to growth. It includes a special chapter on renewable fuels and their role in decarbonizing key sectors. Alongside market forecasts, it examines policy drivers, manufacturing trends, technology costs, hydrogen production, and renewable energy integration.",
            "progress": "not_started"
          },
          {
            "cta": "Go to the lesson",
            "image": {
              "src": "src",
              "caption": "image caption",
              "url": null
            },
            "title": "Climate Risk and Adaptation in the\rElectric Power Sector\nThis report examines the electric power sector\u2019s vulnerability to climate change, highlighting risks to generation, transmission, and distribution. It explores adaptation options for different power sources and distribution systems, raising awareness of the sector\u2019s exposure.",
            "progress": "completed"
          },
          {
            "cta": "Go to the lesson",
            "image": {
              "src": "src",
              "caption": "image caption",
              "url": null
            },
            "title": "Climate Impacts on African Hydropower\nThis report assesses climate risks to African hydropower and its role in enhancing resilience amid growing climate hazards. It analyzes potential impacts under two climate scenarios and identifies measures to strengthen hydropower\u2019s adaptability, supporting clean energy transitions and sustainable development.",
            "progress": "completed"
          }
        ]
      }
    },
    {
      "template_id": "connection_next",
      "colorscheme": "dark",
      "content": {
        "id": "connection_next",
        "image": {
          "src": "https://ik.imagekit.io/seacademy/Photos/Module_5/M5_C1_L1_15.png",
          "caption": ""
        },
        "intro": "Next up",
        "title": "Chapter 1:\u2028Wrap-up\n\n",
        "cta": "Start learning"
      }
    }
  ]
}