{
  "id": "6.1.0",
  "segments": [
    {
      "template_id": "chapter_cover",
      "colorscheme": "dark",
      "content": {
        "image": {
          "src": "https://ik.imagekit.io/seacademy/Photos/Module_5/M5_C3_L3_7.png",
          "caption": ""
        },
        "intro": {
          "label": "Chapter",
          "number": "1"
        },
        "title": "Energy Transitions and the Climate Crisis: An Overview",
        "cta": "Scroll, tab or use your keyboard to move ahead"
      }
    },
    {
      "template_id": "text",
      "colorscheme": "light",
      "content": {
        "text_elements": [
          {
            "template_id": "subtitle",
            "content": {
              "text": "Chapter 1 Overview"
            }
          },
          {
            "template_id": "subtitle",
            "content": {
              "text": "Energy Transitions and the Climate Crisis"
            }
          },
          {
            "template_id": "paragraph_large",
            "content": {
              "text": "This chapter explores the relationship between energy systems and climate change, focusing on how energy production, distribution, and consumption contribute to greenhouse gas emissions, and how climate change, in turn, affects energy systems. It underscores the importance of decarbonizing the energy sector to meet global climate goals, particularly the Paris Agreement’s target of limiting global temperature rise to below 2°C. The chapter highlights the significant role of the energy sector in global emissions, with electricity generation, transportation, and buildings being major contributors. The chapter also examines the environmental challenges associated with renewable energy development, such as land use conflicts, habitat disruption, and the ecological impacts of mining for materials needed in renewable technologies. It emphasizes the need for sustainable practices, including careful site selection, integrated planning, and the use of green production inputs, to minimize negative environmental and social impacts. Additionally, the chapter discusses how climate change affects energy systems, including the availability and efficiency of renewable energy sources, the operational challenges faced by thermal power plants, and the increasing strain on energy distribution networks due to extreme weather events. It also addresses the rising energy demand driven by climate change, particularly for cooling during heatwaves, and the need for adaptive strategies to ensure energy security and efficiency."
            }
          }
        ]
      }
    },
    {
      "template_id": "list_of_lessons",
      "colorscheme": "dark",
      "content": {
        "title": "What's next in this chapter?",
        "lessons": [
          {
            "cta": "Go to the lesson",
            "image": {
              "src": "https://ik.imagekit.io/seacademy/Photos/Module_5/M5_C4_L2_13.png",
              "caption": "image caption",
              "url": null
            },
            "title": "1.1 The Impact of Energy Systems on Climate Change",
            "progress": "completed"
          },
          {
            "cta": "Go to the lesson",
            "image": {
              "src": "https://ik.imagekit.io/seacademy/Photos/Module_5/M5_C3_L3_2.png",
              "caption": "image caption",
              "url": null
            },
            "title": "1.2 The Impact of Climate Change on Energy Systems",
            "progress": "completed"
          },
          {
            "cta": "Go to the lesson",
            "image": {
              "src": "https://ik.imagekit.io/seacademy/Photos/Module_5/M5_C3_Intro_2.png",
              "caption": "image caption",
              "url": null
            },
            "title": "1.3 Tracking Progress to the Energy Moonshot",
            "progress": "not_started"
          },
          {
            "cta": "Go to the lesson",
            "image": {
              "src": "https://ik.imagekit.io/seacademy/Photos/Module_5/M5_Intro_7.png",
              "caption": "image caption",
              "url": null
            },
            "title": "1.4 Opportunities for Digitalization and AI",
            "progress": "not_started"
          },
          {
            "cta": "Go to the lesson",
            "image": {
              "src": "https://ik.imagekit.io/seacademy/Photos/Module_5/M5_C4_Intro_7.png",
              "caption": "image caption",
              "url": null
            },
            "title": "Module conclusion",
            "progress": "not_started"
          }
        ]
      }
    },
    {
      "template_id": "connection_next",
      "colorscheme": "dark",
      "content": {
        "image": {
          "src": "https://ik.imagekit.io/seacademy/Photos/Module_5/M5_C4_Intro_7.png",
          "caption": ""
        },
        "intro": "Next up",
        "title": "Lesson 1: The Impact of Energy Systems on Climate Change",
        "nextLessonId": "6.1.1",
        "cta": "Start learning"
      }
    }
  ]
}