{
  "id": "6.2.0",
  "segments": [
    {
      "template_id": "chapter_cover",
      "colorscheme": "dark",
      "content": {
        "id": "chapter_cover",
        "image": {
          "src": "https://ik.imagekit.io/seacademy/Photos/Module_5/M5_C2_L2_5.png",
          "caption": ""
        },
        "intro": {
          "label": "2",
          "number": "chapter"
        },
        "title": "SUSTAINABLE ENERGY FOR CLIMATE MITIGATION",
        "cta": "Scroll, tab or use your keyboard to move ahead "
      }
    },
    {
      "template_id": "text",
      "colorscheme": "light",
      "content": {
        "id": "text",
        "content": {
          "text_elements": [
            {
              "template_id": "subtitle",
              "content": {
                "text": "Chapter 2 Overview"
              }
            },
            {
              "template_id": "subtitle",
              "content": {
                "text": "SUSTAINABLE ENERGY FOR CLIMATE MITIGATION"
              }
            },
            {
              "template_id": "paragraph_large",
              "content": {
                "text": "This chapter examines the role of sustainable energy in climate mitigation, focusing on the environmental, economic, and health benefits of renewable energy technologies. It highlights the importance of transitioning from fossil fuels to renewables to meet global climate goals, particularly the Paris Agreement\u2019s target of limiting global temperature rise to below 2\u00b0C.\r\n\rIn this chapter, we will explore the climate benefits of renewable energy, emphasizing its near-zero greenhouse gas (GHG) emissions compared to fossil fuels. Additionally, we will understand the lifecycle emissions across energy sources, showing that renewables like wind and solar produce significantly lower emissions than coal and natural gas. The chapter also explores the economic and health benefits of renewable energy, including reduced air pollution and its associated health risks, as well as the social cost of carbon savings."
              }
            }
          ]
        }
      }
    },
    {
      "template_id": "text",
      "colorscheme": "light",
      "content": {
        "id": "text",
        "content": {
          "text_elements": [
            {
              "template_id": "paragraph_large",
              "content": {
                "text": "Water use and quality are also addressed, with renewable energy technologies shown to consume far less water than fossil fuel power plants, which are major contributors to freshwater withdrawals and water pollution. The chapter highlights the potential for renewables to improve water quality by reducing harmful discharges into water bodies.\r\nThe chapter then delves into key renewable energy technologies\u2014solar, wind, hydropower, geothermal, and hydrogen\u2014that are driving the global energy transition. Each technology is examined in terms of its current capacity, growth potential, and role in reducing emissions. The chapter also discusses the challenges associated with implementing these technologies, such as grid integration, high initial costs, and the need for supportive policies and infrastructure.\r\n\rBy integrating environmental, economic, and social considerations, the chapter provides a framework for understanding the benefits and challenges of renewable energy technologies in climate mitigation. It underscores the importance of continued innovation, policy support, and investment to accelerate the transition to a sustainable energy future."
              }
            }
          ]
        }
      }
    },
    {
      "template_id": "list_of_lessons",
      "colorscheme": "dark",
      "content": {
        "id": "list_of_lessons",
        "title": "What's next in this chapter?",
        "lessons": [
          {
            "cta": "Go to the lesson",
            "image": {
              "src": "src",
              "caption": "image caption",
              "url": null
            },
            "title": "2.1 The Climate, Environmental and Health Benefits of Sustainable Energy \n",
            "progress": "completed"
          },
          {
            "cta": "Go to the lesson",
            "image": {
              "src": "src",
              "caption": "image caption",
              "url": null
            },
            "title": "2.2 Exploring Renewable Technologies for Climate Mitigation",
            "progress": "completed"
          },
          {
            "cta": "Go to the lesson",
            "image": {
              "src": "src",
              "caption": "image caption",
              "url": null
            },
            "title": "1.3 Tracking Progress to the Energy Moonshot",
            "progress": "not_started"
          },
          {
            "cta": "Go to the lesson",
            "image": {
              "src": "src",
              "caption": "image caption",
              "url": null
            },
            "title": "1.4 Opportunities for Digitalization and AI",
            "progress": "not_started"
          },
          {
            "cta": "Go to the lesson",
            "image": {
              "src": "src",
              "caption": "image caption",
              "url": null
            },
            "title": "Module conclusion",
            "progress": "not_started"
          }
        ]
      }
    },
    {
      "template_id": "connection_next",
      "colorscheme": "dark",
      "content": {
        "id": "connection_next",
        "image": {
          "src": "https://ik.imagekit.io/seacademy/Photos/Module_5/M5_C2_L2_2.png",
          "caption": ""
        },
        "intro": "Next up",
        "title": "Lesson 1:\u2028The Climate, Environmental and Health Benefits of Sustainable Energy \n",
        "cta": "Start learning"
      }
    }
  ]
}