{
  "id": "6.2.1",
  "segments": [
    {
      "template_id": "lesson_cover",
      "colorscheme": "dark",
      "content": {
        "id": "lesson_cover",
        "image": {
          "src": "https://ik.imagekit.io/seacademy/Photos/Module_5/M5_C3_L2_6.png",
          "caption": ""
        },
        "intro": {
          "label": "Lesson",
          "number": "1"
        },
        "title": "THE CLIMATE, ENVIRONMENTAL AND HEALTH BENEFITS OF SUSTAINABLE ENERGY",
        "cta": null
      }
    },
    {
      "template_id": "text",
      "colorscheme": "light",
      "content": {
        "id": "text",
        "content": {
          "text_elements": [
            {
              "template_id": "subtitle",
              "content": {
                "text": "Lesson 1 Overview"
              }
            },
            {
              "template_id": "subtitle",
              "content": {
                "text": "THE CLIMATE, ENVIRONMENTAL AND HEALTH BENEFITS OF SUSTAINABLE ENERGY"
              }
            },
            {
              "template_id": "paragraph_large",
              "content": {
                "text": "Renewable energy is often linked to its ability to generate electricity with minimal greenhouse gas (GHG) emissions. This is a crucial factor in the global effort to mitigate climate change. As the climate crisis intensifies, renewable energy\u2019s role in reducing emissions becomes even more vital. It plays a key part in achieving climate targets. This was highlighted at COP28, where countries agreed to triple global renewable energy capacity by 2030. This commitment aligns with the actions needed to meet global climate goals."
              }
            }
          ]
        }
      }
    },
    {
      "template_id": "key_concepts",
      "colorscheme": "dark",
      "content": {
        "id": "key_concepts",
        "title": "Key concepts",
        "intro": "If you only have space to remember 3 things:",
        "concepts": [
          {
            "title": "Just Transition",
            "body": "\u201cGreening the economy in a way that is as fair and inclusive as possible to everyone concerned, creating decent work opportunities and leaving no one behind.\u201d",
            "source": null
          },
          {
            "title": "\rNet Zero",
            "body": "Put simply, net zero means cutting carbon emissions to a small amount of residual emissions that can be absorbed and durably stored by nature and other carbon dioxide removal measures, leaving zero in the atmosphere.",
            "source": null
          },
          {
            "title": "Inclusive Access",
            "body": "Lorem ipsum dolor sit amet consectetur. Amet aenean rhoncus cursus lectus quis non tortor ultricies. Facilisis faucibus massa urna lorem sit sit.",
            "source": "Lorem ipsum dolor sit"
          }
        ]
      }
    },
    {
      "template_id": "lesson_part_cover",
      "colorscheme": "dark",
      "content": {
        "id": "lesson_part_cover",
        "image": {
          "src": "https://ik.imagekit.io/seacademy/Photos/Module_5/M5_C2_L2_10.png",
          "caption": ""
        },
        "intro": "M6: SUSTAINABLE ENERGY FOR CLIMATE MITIGATION | chapter 2 | Lesson 1 | Part 1",
        "title": "Part 1: Renewables and Their Impact on GHG Emissions",
        "cta": null
      }
    },
    {
      "template_id": "text",
      "colorscheme": "light",
      "content": {
        "id": "text",
        "content": {
          "text_elements": [
            {
              "template_id": "paragraph_small",
              "content": {
                "text": "Renewable energy is vital for climate change mitigation because it generates electricity with near-zero GHG emissions during operations. In contrast, fossil fuels such as natural gas and coal release large amounts of carbon dioxide (CO2) and other harmful gases. For example, the IEA estimates that coal-fired power plants emit an average of 865 grams of CO\u2082 per kilowatt-hour (kWh). Natural gas combustion emits about 389 grams of CO2 per kWh of electricity. By comparison, wind and solar power generate only 13 and 43 grams of CO2 per kWh, respectively. These numbers show the potential of renewable energy in reducing emissions."
              }
            }
          ]
        }
      }
    },
    {
      "template_id": "text",
      "colorscheme": "light",
      "content": {
        "id": "text",
        "content": {
          "text_elements": [
            {
              "template_id": "subtitle",
              "content": {
                "text": "Lifecycle Emissions"
              }
            },
            {
              "template_id": "paragraph_large",
              "content": {
                "text": "The lifecycle of energy production includes all stages from raw material extraction to energy conversion, distribution, usage, and eventual waste management or decommissioning. This process accounts for environmental, economic, and social impacts at each phase. When looking at the entire lifecycle of energy production, renewable sources still have a significant edge. The emissions from solar and wind energy are much lower than those from coal and natural gas. For instance, coal and natural gas have lifecycle emissions of 1,001 and 486 grams of CO2 per kWh, while solar and wind technology have far less, with wind associated with 13 grams and solar associated with 43 grams of CO2 per kWh of energy they generate, primarily due to manufacturing and construction. These factors make renewables valuable for governments, non-state actors and businesses alike to decarbonize and reduce their exposure to climate risks."
              }
            }
          ]
        }
      }
    },
    {
      "template_id": "photo-horizontal",
      "colorscheme": "dark",
      "content": {
        "id": "photo-horizontal",
        "image": {
          "src": null,
          "caption": null,
          "url": null
        }
      }
    },
    {
      "template_id": "text",
      "colorscheme": "light",
      "content": {
        "id": "text",
        "content": {
          "text_elements": [
            {
              "template_id": "paragraph_large",
              "content": {
                "text": "negative estimates for biopower are based on assumptions about avoided emissions from residues and wastes in landfill disposals and co-products. Distributional information relates to estimates currently available in LCA literature, not necessarily to underlying theoretical or practical extrema, or the true central tendency when considering all deployment conditions."
              }
            }
          ]
        }
      }
    },
    {
      "template_id": "lesson_part_cover",
      "colorscheme": "dark",
      "content": {
        "id": "lesson_part_cover",
        "image": {
          "src": "https://ik.imagekit.io/seacademy/Photos/Module_5/M5_C4_Intro_8.png",
          "caption": ""
        },
        "intro": "M6: SUSTAINABLE ENERGY FOR CLIMATE MITIGATION | chapter 2 | Lesson 1 | Part 2",
        "title": "Part 2:Economic and Health Benefits of Renewables",
        "cta": null
      }
    },
    {
      "template_id": "text",
      "colorscheme": "light",
      "content": {
        "id": "text",
        "content": {
          "text_elements": [
            {
              "template_id": "paragraph_large",
              "content": {
                "text": "Renewable energy also brings substantial economic benefits. One way to measure this is by considering the \"social cost of carbon\". The social cost of carbon (SCC) represents the estimated economic damage caused by each ton of CO2 emitted, including costs related to health impacts, climate disasters, agricultural losses, and economic disruptions. A 2022 study recalculated the SCC at $185 per ton of CO2, significantly higher than previous estimates. This figure was determined using updated climate-economic models that factor in more severe and long-term effects of climate change. By reducing emissions, renewable energy helps mitigate these costs, providing both environmental and economic benefits. By reducing emissions, renewables help lower the cost of carbon to society."
              }
            }
          ]
        }
      }
    },
    {
      "template_id": "text",
      "colorscheme": "light",
      "content": {
        "id": "text",
        "content": {
          "text_elements": [
            {
              "template_id": "paragraph_large",
              "content": {
                "text": "In addition to reducing GHG emissions, renewable energy contributes to improved air quality. The combustion of fossil fuels for electricity generation emits harmful pollutants such as sulfur oxides (SOx), nitrogen oxides (NOx), particulate matter, carbon monoxide, and volatile organic compounds (VOCs). These pollutants are linked to various health problems, including respiratory diseases and heart conditions. For example, natural gas combustion produces an average of 7.6 pounds of particulate matter emissions and 0.6 pounds of sulfur dioxide emissions per million standard cubic feet of natural gas combusted. The World Health Organization (WHO) has estimated that outdoor air pollution causes around 4.2 million premature deaths annually, primarily from diseases such as stroke, heart disease, lung cancer, and respiratory infections.  In contrast, renewable energy systems generate virtually no air pollution during operation, with emissions occurring mainly during their construction, manufacturing, and transportation."
              }
            }
          ]
        }
      }
    },
    {
      "template_id": "photo-horizontal",
      "colorscheme": "dark",
      "content": {
        "id": "photo-horizontal",
        "image": {
          "src": null,
          "caption": null,
          "url": null
        }
      }
    },
    {
      "template_id": "text",
      "colorscheme": "light",
      "content": {
        "id": "text",
        "content": {
          "text_elements": [
            {
              "template_id": "paragraph_large",
              "content": {
                "text": "Similarly, clean cooking is key to addressing indoor air pollution, as seen in Module 2 on Energy Access. Traditional biomass and kerosene use release black carbon, a major contributor to indoor air pollution and severe respiratory illnesses, particularly in low-income households. Transitioning to cleaner energy sources for both electricity and cooking can significantly improve public health and reduce environmental harm.\nThe air quality benefits of renewable energy are clear. If the world adopts renewable energy and limits global warming to 1.5\u00b0C, air pollutant emissions in 2050 could fall by up to 90% compared to 2022 levels. Similarly, global premature deaths and disabilities could go down by 86% in 2025 compared to 2022. This would prevent up to 5.13 million excess deaths annually, according to a 2023 study. This reduction in pollution would have a significant impact on public health. Like with GHG emissions, renewable energy generates economic value by reducing air pollutant emissions and its associated economic costs."
              }
            }
          ]
        }
      }
    },
    {
      "template_id": "photo-horizontal",
      "colorscheme": "dark",
      "content": {
        "id": "photo-horizontal",
        "image": {
          "src": null,
          "caption": null,
          "url": null
        }
      }
    },
    {
      "template_id": "lesson_part_cover",
      "colorscheme": "dark",
      "content": {
        "id": "lesson_part_cover",
        "image": {
          "src": "https://ik.imagekit.io/seacademy/Photos/Module_5/M5_C4_L1_2.png",
          "caption": ""
        },
        "intro": "M6: SUSTAINABLE ENERGY FOR CLIMATE MITIGATION | chapter 2 | Lesson 1 | Part 3",
        "title": "Part 3:Water Use and Quality",
        "cta": null
      }
    },
    {
      "template_id": "text",
      "colorscheme": "light",
      "content": {
        "id": "text",
        "content": {
          "text_elements": [
            {
              "template_id": "paragraph_large",
              "content": {
                "text": "Water use is another important issue when it comes to energy generation. Most energy systems rely on water for cooling and steam production. In 2021, global energy generation used about 370 billion cubic meters of freshwater, equating to 10% of worldwide freshwater withdrawals. Fossil fuel power plants were responsible for a large portion of this water use. Coal plants alone withdrew 189.6 billion cubic meters of water. In contrast, renewable energy technologies used just 12.1 billion cubic meters in 2021. As such, solar panels and wind turbines do not require water for cooling or steam production, using it only for cleaning and construction, significantly reducing overall water consumption. However, geothermal energy does require water as a heat transfer fluid in the form of steam or hot water to generate electricity or provide direct heating, making its water use higher than other renewables."
              }
            }
          ]
        }
      }
    },
    {
      "template_id": "photo-horizontal",
      "colorscheme": "dark",
      "content": {
        "id": "photo-horizontal",
        "image": {
          "src": null,
          "caption": null,
          "url": null
        }
      }
    },
    {
      "template_id": "text",
      "colorscheme": "light",
      "content": {
        "id": "text",
        "content": {
          "text_elements": [
            {
              "template_id": "paragraph_large",
              "content": {
                "text": "Renewable energy also benefits water quality. Fossil fuel power plants often discharge harmful pollutants like arsenic, mercury, and lead into nearby water bodies, even after wastewater treatment. A 2020 study estimated that, if renewables make up 85% of global energy by 2050, energy-generated freshwater eutrophication (overaccumulation of nutrients in water) would be ten times lower than in a scenario where renewables only comprise 20% of global energy. Marine eutrophication, another major environmental issue, would also be reduced by 3.5 times."
              }
            }
          ]
        }
      }
    },
    {
      "template_id": "photo-full-height",
      "colorscheme": "dark",
      "content": {
        "id": "photo-full-height",
        "image": {
          "imageUrl": "https://ik.imagekit.io/seacademy/Photos/Module_5/M5_C2_L3_10.png"
        }
      }
    },
    {
      "template_id": "text",
      "colorscheme": "light",
      "content": {
        "id": "text",
        "content": {
          "text_elements": [
            {
              "template_id": "subtitle",
              "content": {
                "text": "Case StudyRBAS:                                                                      Climate Action for Human Security"
              }
            },
            {
              "template_id": "paragraph_large",
              "content": {
                "text": "In the Arab region, particularly Iraq, climate change poses an existential threat to returning Internally Displaced Persons (IDP) by forcing men to seek urban employment, fracturing family and social networks. Rising temperatures and reduced water flow will exacerbate water scarcity, pollution, disasters, and public health issues, worsening societal disruptions and livelihood uncertainty in already fragile communities. The Climate Action for Human Security project in Al Hawizeh Marshland in Iraq was undertaken to address this issue. The program was led by the UNDP jointly with the Ministry of Health and Environment and the local government in Missan and funded through a grant of $922,000 from the SDG Climate Facility regional project."
              }
            }
          ]
        }
      }
    },
    {
      "template_id": "text",
      "colorscheme": "light",
      "content": {
        "id": "text",
        "content": {
          "text_elements": [
            {
              "template_id": "paragraph_large",
              "content": {
                "text": "This initiative addresses severe environmental degradation and socio-economic challenges exacerbated by climate change. Focusing on enhancing climate security, specific goals included the deployment of innovative clean drinking water supply systems, support for economic diversification through ecotourism, and the empowerment of women in local communities.\nThe project achieved several key outcomes, including the installation of 15 off-grid solar PV systems for drinking water purification, directly benefiting at least 1,500 people. Additionally, the construction of 6 ecotourism facilities benefited 128 households and reduced displacement pressures. A gender-responsive train-the-trainers program on solar PV energy systems was also developed, benefiting at least 1,000 people, 50% of whom were women, through training and awareness-raising initiatives."
              }
            }
          ]
        }
      }
    },
    {
      "template_id": "text",
      "colorscheme": "light",
      "content": {
        "id": "text",
        "content": {
          "text_elements": [
            {
              "template_id": "paragraph_large",
              "content": {
                "text": "The project\u2019s implementation strategy supported crisis-affected communities in three ways. First, innovative solar PV water purification systems and constructed wetlands for wastewater management were deployed to address acute drinking water scarcity and poor sanitation in the marshlands. Second, ecotourism facilities were constructed to provide alternative income sources and enhance social cohesion. These facilities included guest houses, markets for local crafts, and wildlife observation towers. Thirdly, extensive training programs were conducted to enhance local capacity in managing the new systems and promoting sustainable ecotourism practices. Special focus was placed on empowering women through targeted training and involvement in local cooperatives."
              }
            }
          ]
        }
      }
    },
    {
      "template_id": "photo-full-height",
      "colorscheme": "dark",
      "content": {
        "id": "photo-full-height",
        "image": {
          "imageUrl": "https://ik.imagekit.io/seacademy/Photos/Module_5/M5_C2_L3_6.png"
        }
      }
    },
    {
      "template_id": "text",
      "colorscheme": "light",
      "content": {
        "id": "text",
        "content": {
          "text_elements": [
            {
              "template_id": "subtitle",
              "content": {
                "text": "Case StudyRBAS:                                                                      Climate Action for Human Security"
              }
            },
            {
              "template_id": "paragraph_large",
              "content": {
                "text": "In the Arab region, particularly Iraq, climate change poses an existential threat to returning Internally Displaced Persons (IDP) by forcing men to seek urban employment, fracturing family and social networks. Rising temperatures and reduced water flow will exacerbate water scarcity, pollution, disasters, and public health issues, worsening societal disruptions and livelihood uncertainty in already fragile communities. The Climate Action for Human Security project in Al Hawizeh Marshland in Iraq was undertaken to address this issue. The program was led by the UNDP jointly with the Ministry of Health and Environment and the local government in Missan and funded through a grant of $922,000 from the SDG Climate Facility regional project."
              }
            }
          ]
        }
      }
    },
    {
      "template_id": "text",
      "colorscheme": "light",
      "content": {
        "id": "text",
        "content": {
          "text_elements": [
            {
              "template_id": "paragraph_large",
              "content": {
                "text": "The project faced several challenges during its implementation. One significant challenge was the lack of existing infrastructure for water purification and sanitation in the marshlands. This was mitigated by deploying off-grid solar PV systems, which provided a sustainable and independent solution to clean water supply. Another challenge was the socio-economic instability of the region, which was addressed by promoting ecotourism and providing training programs to diversify local livelihoods and reduce reliance on traditional, less sustainable sources of income. The empowerment of women through targeted training and cooperative involvement was also a crucial solution to gender disparities and community resilience."
              }
            }
          ]
        }
      }
    },
    {
      "template_id": "text",
      "colorscheme": "light",
      "content": {
        "id": "text",
        "content": {
          "text_elements": [
            {
              "template_id": "paragraph_large",
              "content": {
                "text": "Sustainability is a core focus of the project, with long-term plans for local municipalities to manage water systems and community cooperatives to handle maintenance costs. Equipment utilized for the project water supply system will become governmental assets to ensure working performance, while ecotourism facilities will be owned by local community beneficiaries with an elected local committee to look after the operation and maintenance of these facilities15. This can scale up and expand the reach of the project to more communities, enhancing infrastructure, and continuing to build local capacities to adapt to climate changes.  \nThis case study demonstrates the power of integrating renewable energy, water management, and socio-economic development to address the complex challenges of climate change. By harmonizing these elements, the project has not only met immediate needs but also laid the foundation for long-term environmental sustainability and socio-economic stability in the region."
              }
            }
          ]
        }
      }
    },
    {
      "template_id": "text",
      "colorscheme": "light",
      "content": {
        "id": "text",
        "content": {
          "text_elements": [
            {
              "template_id": "paragraph_large",
              "content": {
                "text": "References                                                                                                                                                                                                                             UNDP (2023).\u00a0SDG-Climate Facility Project: Climate Action for Human Security Interim Progress Report\u00a0                                                                                                                                                         UNDP (2022).\u00a0Climate Action for Human Security Project Document\u00a0                                                                                                                                                                                                          UNDP (2021).\u00a0Climate action for human security\u00a0Iraq\u2019s Al\u00a0Hawizeh\u00a0marshlands\u00a0                                                                                                                                                                                                          UNDP.\u00a0Climate Action for Human Security Results"
              }
            }
          ]
        }
      }
    },
    {
      "template_id": "photo-full-height",
      "colorscheme": "dark",
      "content": {
        "id": "photo-full-height",
        "image": {
          "imageUrl": "https://ik.imagekit.io/seacademy/Photos/Module_5/M5_C3_L2_11.png"
        }
      }
    },
    {
      "template_id": "learning_objectives",
      "colorscheme": "dark",
      "content": {
        "id": "learning_objectives",
        "title": "KEY TAKEAWAYS",
        "intro": "Lesson 1 on THE IMPACT OF ENERGY SYSTEMS ON CLIMATE CHANGE\n",
        "cards": [
          {
            "image": {
              "src": "src",
              "caption": "image caption",
              "url": null
            },
            "title": "Renewables are Essential for Achieving Global Climate Targets.",
            "description": "Unlike fossil fuels, renewables such as wind and solar produce minimal lifecycle emissions, making them essential for achieving global climate targets, including the commitment made at COP28 to triple renewable capacity by 2030."
          },
          {
            "image": {
              "src": "nature",
              "caption": "image caption",
              "url": null
            },
            "title": "Renewable Energy Enhances Public Health and Economic Value.",
            "description": "By reducing air pollution, renewable energy helps prevent millions of premature deaths and lowers healthcare costs. Additionally, cutting carbon emissions decreases the social cost of carbon, providing significant economic value."
          },
          {
            "image": {
              "src": "src",
              "caption": "image caption",
              "url": null
            },
            "title": "Sustainable Energy Transition Supports Water Conservation and Quality.",
            "description": "Renewable energy requires far less water than fossil fuel-based power generation, reducing water consumption and pollution. A transition to 85% renewables by 2050 could significantly decrease freshwater and marine eutrophication, improving overall water quality."
          }
        ]
      }
    },
    {
      "template_id": "list_of_lessons",
      "colorscheme": "dark",
      "content": {
        "id": "list_of_lessons",
        "title": "What's next in this chapter?",
        "lessons": [
          {
            "cta": "Go to the lesson",
            "image": {
              "src": "src",
              "caption": "image caption",
              "url": null
            },
            "title": "Building Benefit:\r Four steps to mitigate\r renewable energy\u2019s\r environmental\r downsides\nThis report examines the environmental benefits and challenges of accelerating renewable energy adoption. While renewables reduce emissions and improve air and water quality, their expansion raises concerns about resource extraction, manufacturing, and land use. It outlines key actions to maximize benefits and minimize impacts as global deployment accelerates.",
            "progress": "not_started"
          },
          {
            "cta": "Go to the lesson",
            "image": {
              "src": "src",
              "caption": "image caption",
              "url": null
            },
            "title": "Renewable Energy Sources and Climate\r Change Mitigation: IPCC\u2019s Special Report\nThis report assesses the role of renewable energy in mitigating climate change, covering six key sources and their integration into energy systems. It examines environmental and social impacts, cost comparisons, and strategies to overcome deployment challenges, providing insights for policymakers, researchers, and industry.",
            "progress": "not_started"
          },
          {
            "cta": "Go to the lesson",
            "image": {
              "src": "src",
              "caption": "image caption",
              "url": null
            },
            "title": "Water-energy Nexus in Urban Water Supply Systems\nThis issue brief focuses on the energy-water nexus in urban water systems, including urban water collection and supply systems. It will start with the opportunities for energy and water conservation in urban water supply systems, assess the challenges and options, and describe existing international support.\u00a0",
            "progress": "not_started"
          }
        ]
      }
    },
    {
      "template_id": "connection_next",
      "colorscheme": "dark",
      "content": {
        "id": "connection_next",
        "image": {
          "src": "https://ik.imagekit.io/seacademy/Photos/Module_5/M5_C2_L3_4.png",
          "caption": ""
        },
        "intro": "Next up",
        "title": "Lesson 2:\u2028Exploring Renewable Technologies for Climate Mitigation\n\n\n",
        "cta": "Start learning"
      }
    }
  ]
}