{
  "id": "6.3.3",
  "segments": [
    {
      "template_id": "connection_next",
      "colorscheme": "dark",
      "content": {
        "id": "connection_next",
        "image": {
          "src": "https://ik.imagekit.io/seacademy/Photos/Module_5/M5_C2_L1_7.png",
          "caption": ""
        },
        "intro": "Next up",
        "title": "Chapter 3:\u2028Wrap-up\n \n",
        "cta": "Start learning"
      }
    },
    {
      "template_id": "list_of_lessons",
      "colorscheme": "dark",
      "content": {
        "id": "list_of_lessons",
        "title": "What's next in this chapter?",
        "lessons": [
          {
            "cta": "Go to the lesson",
            "image": {
              "src": "src",
              "caption": "image caption",
              "url": null
            },
            "title": "Gender Data and Climate Playbook\nThis playbook is a guide to understanding how climate change affects the lives of different genders and seeks to provide practical tools to address these issues. This playbook aims to empower individuals, communities, and policymakers with the knowledge and resources needed to create more equitable and sustainable solutions for a better future.",
            "progress": "not_started"
          },
          {
            "cta": "Go to the lesson",
            "image": {
              "src": "src",
              "caption": "image caption",
              "url": null
            },
            "title": "This document highlights the critical role of local and indigenous knowledge in understanding and adapting to climate change, particularly for marginalized communities in highly exposed environments such as arid zones, small islands, high-altitude regions, and the Arctic. It is a collaborative transdisciplinary publication by UNESCO\u2019s LINKS programme, the United Nations University, the IPCC, and other organizations, featuring contributions from indigenous peoples, scientists, and development experts. ",
            "progress": "completed"
          },
          {
            "cta": "Go to the lesson",
            "image": {
              "src": "src",
              "caption": "image caption",
              "url": null
            },
            "title": "Intersectionality resource guide and toolkit\nThis Resource Guide and Toolkit offers a starting point for\r\nthose wishing to deepen their understanding and apply\r\nan intersectional approach to their work. It aims to pro-\r\nvide conceptual clarity, a practical framework and tools\r\nfor reducing compounded and intersecting inequalities\r\nfaced by people experiencing diverse and compounded\r\nforms of discrimination. ",
            "progress": "completed"
          }
        ]
      }
    },
    {
      "template_id": "lesson_cover",
      "colorscheme": "dark",
      "content": {
        "id": "lesson_cover",
        "image": {
          "src": "https://ik.imagekit.io/seacademy/Photos/Module_5/M5_C3_L2_8.png",
          "caption": ""
        },
        "intro": {
          "label": "Lesson",
          "number": "3"
        },
        "title": "AN INTERSECTIONAL APPROACH TO ENERGY-CLIMATE CHANGE NEXUS",
        "cta": null
      }
    },
    {
      "template_id": "text",
      "colorscheme": "light",
      "content": {
        "id": "text",
        "content": {
          "text_elements": [
            {
              "template_id": "subtitle",
              "content": {
                "text": "Lesson 3 Overview"
              }
            },
            {
              "template_id": "subtitle",
              "content": {
                "text": "AN INTERSECTIONAL APPROACH TO ENERGY-CLIMATE CHANGE NEXUS"
              }
            },
            {
              "template_id": "paragraph_large",
              "content": {
                "text": "Climate change is a multifaceted issue that intersects with various social, economic, and environmental dimensions. An intersectional approach to climate change recognizes that the impacts of climate change are not evenly distributed and that vulnerable populations often bear the brunt of its consequences. Energy systems are central to this dynamic, as access to reliable and affordable energy can determine a community\u2019s ability to adapt and thrive in a changing climate. Climate change can exacerbate energy inequities, disproportionately affecting marginalized groups based on income, geography, gender, or other social factors. This lesson explores how sustainable energy solutions can be designed and implemented in a way that addresses these intersecting challenges, ensuring that climate adaptation strategies are equitable, inclusive, and effective."
              }
            }
          ]
        }
      }
    },
    {
      "template_id": "key_concepts",
      "colorscheme": "dark",
      "content": {
        "id": "key_concepts",
        "title": "Key concepts",
        "intro": "If you only have space to remember 3 things:",
        "concepts": [
          {
            "title": "Intersectionality",
            "body": "Intersectionality Intersectionality is a framework for understanding how multiple social identities (e.g., gender, race, class, age, disability) intersect to create unique experiences of oppression and privilege. In the context of climate change, intersectionality helps us understand how different groups experience climate impacts differently based on their social, economic, and environmental contexts.",
            "source": null
          }
        ]
      }
    },
    {
      "template_id": "lesson_part_cover",
      "colorscheme": "dark",
      "content": {
        "id": "lesson_part_cover",
        "image": {
          "src": "https://ik.imagekit.io/seacademy/Photos/Module_5/M5_C2_L2_11.png",
          "caption": ""
        },
        "intro": "M6: SUSTAINABLE ENERGY FOR CLIMATE MITIGATION | chapter 2 | Lesson 1 | Part 1",
        "title": "Part 1: Understanding Intersectionality in Climate Change",
        "cta": null
      }
    },
    {
      "template_id": "text",
      "colorscheme": "light",
      "content": {
        "id": "text",
        "content": {
          "text_elements": [
            {
              "template_id": "paragraph_small",
              "content": {
                "text": "Climate change is not an isolated environmental issue; it is deeply intertwined with social, economic, and political systems. Its impacts are not felt equally across populations. Instead, climate change amplifies existing inequalities, disproportionately affecting marginalized communities such as women, Indigenous Peoples, youth, low-income households, and people with disabilities. To fully grasp these disparities, it is essential to apply an intersectional lens.\n\nEnvironmental factors often affect individuals differently based on their social roles and identities. For example, women in rural areas may struggle to access clean energy due to cultural norms that limit their decision-making power, while low-income communities may experience energy poverty more acutely during extreme weather events. Similarly, environmental degradation can exacerbate gender-based violence, as resource scarcity and displacement increase tensions and insecurity. In conflict zones and refugee camps, women who must leave their communities to gather firewood for cooking or heating face an increased risk of violence, including assault and exploitation. On the other hand, empowering women and marginalized groups economically, socially, and politically can drive more effective climate action and environmental conservation (OECD, 2023)"
              }
            }
          ]
        }
      }
    },
    {
      "template_id": "text",
      "colorscheme": "light",
      "content": {
        "id": "text",
        "content": {
          "text_elements": [
            {
              "template_id": "paragraph_small",
              "content": {
                "text": "Climate-related disasters, such as droughts, floods, hurricanes, and sea-level rise, often have gendered impacts. Women, particularly in developing regions, are more likely to experience the adverse effects of these events due to systemic gender discrimination and societal expectations tied to traditional roles. For example, women are often responsible for securing water and food for their families, tasks that become increasingly difficult during droughts or floods. Additionally, women account for a significant proportion of the over 4 million annual deaths caused by indoor air pollution, as they are more likely to rely on unsafe cooking fuels (UNFCCC, 2022)."
              }
            }
          ]
        }
      }
    },
    {
      "template_id": "photo-full-height",
      "colorscheme": "dark",
      "content": {
        "id": "photo-full-height",
        "image": {
          "imageUrl": "https://ik.imagekit.io/seacademy/Photos/Module_5/M5_C3_L2_12.png"
        }
      }
    },
    {
      "template_id": "text",
      "colorscheme": "light",
      "content": {
        "id": "text",
        "content": {
          "text_elements": [
            {
              "template_id": "paragraph_large",
              "content": {
                "text": "The intersection of social factors\u2014such as poverty, race, and disability\u2014further compounds these challenges. For instance, low-income communities of color are often located in areas more vulnerable to flooding or extreme heat, while people with disabilities may face barriers to accessing emergency services during disasters. These intersecting vulnerabilities highlight the need for inclusive, equitable climate policies that address the root causes of inequality.\nBy applying an intersectional approach to climate change, we can better understand the diverse experiences of affected communities and design solutions that are both equitable and effective. This perspective ensures that no one is left behind in the fight against climate change, fostering resilience and justice for all."
              }
            }
          ]
        }
      }
    },
    {
      "template_id": "lesson_part_cover",
      "colorscheme": "dark",
      "content": {
        "id": "lesson_part_cover",
        "image": {
          "src": "https://ik.imagekit.io/seacademy/Photos/Module_5/M5_C2_L1_11.png",
          "caption": ""
        },
        "intro": "M6: SUSTAINABLE ENERGY FOR CLIMATE MITIGATION | chapter 2 | Lesson 1 | Part 1",
        "title": "Part 2: Integrating Intersectionality into Climate Change Strategies",
        "cta": null
      }
    },
    {
      "template_id": "text",
      "colorscheme": "light",
      "content": {
        "id": "text",
        "content": {
          "text_elements": [
            {
              "template_id": "paragraph_large",
              "content": {
                "text": "As the impact of climate change intensifies, a just and equitable transition to a low-carbon economy is crucial for meeting the Paris Agreement\u2019s climate goals. If not managed well, this transition could lead to increased social inequality, exclusion, civil unrest, and decreased business competitiveness. To counter these risks, many countries are incorporating just transition principles into their\u00a0Nationally Determined Contributions (NDCs)\u00a0and\u00a0Long-Term Strategies (LTS). Currently,\u00a038% of NDCs and 56% of LTS\u00a0reflect these principles, with the support of various global initiatives.\n\nThe creation of a dedicated\u00a0Just Transition Work Programme at COP28\u00a0in Dubai marked a significant step forward in this endeavor. This is important because clear signposting of comprehensive climate policy frameworks that consider the implications of a just transition can guide financial actors in translating them into a pipeline of viable or investment-ready projects."
              }
            }
          ]
        }
      }
    },
    {
      "template_id": "text",
      "colorscheme": "light",
      "content": {
        "id": "text",
        "content": {
          "text_elements": [
            {
              "template_id": "paragraph_large",
              "content": {
                "text": "An intersectional approach to climate change must go beyond surface-level solutions and tackle the root causes of inequality. This means addressing the systemic drivers of differential vulnerabilities, such as racial and gender inequities, while also centering the politics and ethics of care in adaptation planning. It requires adopting place-based and place-making approaches that respect the unique contexts and needs of communities, as well as fostering cross-identity forms of activism and resilience-building."
              }
            }
          ]
        }
      }
    },
    {
      "template_id": "photo-full-height",
      "colorscheme": "dark",
      "content": {
        "id": "photo-full-height",
        "image": {
          "imageUrl": "https://ik.imagekit.io/seacademy/Photos/Module_5/M5_C2_L1_8.png"
        }
      }
    },
    {
      "template_id": "text",
      "colorscheme": "light",
      "content": {
        "id": "text",
        "content": {
          "text_elements": [
            {
              "template_id": "subtitle",
              "content": {
                "text": "Participatory Energy Planning for Climate Adaptation"
              }
            },
            {
              "template_id": "paragraph_large",
              "content": {
                "text": "Ensuring that energy systems support climate adaptation requires integrating both top-down planning and bottom-up participation. While national policies and large-scale investments set the foundation for energy transition, it is equally crucial to engage affected communities at every stage of development. Participatory models that empower marginalized groups to co-design solutions ensure that energy projects reflect lived experiences, cultural values, and environmental realities. For instance, Indigenous communities have long-standing sustainable energy practices that can inform the placement and operation of renewable energy projects, ensuring they align with local ecosystems while mitigating climate risks such as floods, droughts, and extreme temperatures. A balanced approach that combines institutional expertise with community-driven insights leads to more effective, inclusive, and resilient energy systems."
              }
            }
          ]
        }
      }
    },
    {
      "template_id": "photo-full-height",
      "colorscheme": "dark",
      "content": {
        "id": "photo-full-height",
        "image": {
          "imageUrl": "https://ik.imagekit.io/seacademy/Photos/Module_5/M5_Intro_4.png"
        }
      }
    },
    {
      "template_id": "text",
      "colorscheme": "light",
      "content": {
        "id": "text",
        "content": {
          "text_elements": [
            {
              "template_id": "subtitle",
              "content": {
                "text": "Addressing Gendered Climate Change Burdens"
              }
            },
            {
              "template_id": "paragraph_large",
              "content": {
                "text": "Women and girls, particularly in low-income and rural settings, face heightened climate vulnerabilities due to entrenched social, economic, and cultural inequalities. Their disproportionate responsibility for securing water, food, and energy places them at the frontline of climate-induced resource scarcity. Addressing these gendered burdens requires not only inclusive policies and targeted interventions but also institutional mechanisms that operationalize gender-responsive energy solutions at scale."
              }
            }
          ]
        }
      }
    },
    {
      "template_id": "text",
      "colorscheme": "light",
      "content": {
        "id": "text",
        "content": {
          "text_elements": [
            {
              "template_id": "paragraph_large",
              "content": {
                "text": "By embedding gender considerations across policy, finance, and implementation, energy systems can shift from being passive enablers to active disruptors of climate injustices. This requires moving beyond rhetoric to institutionalize gender-responsive energy planning, ensuring that women are not only recipients of clean energy but also drivers of a more resilient and equitable energy future."
              }
            }
          ]
        }
      }
    },
    {
      "template_id": "photo-full-height",
      "colorscheme": "dark",
      "content": {
        "id": "photo-full-height",
        "image": {
          "imageUrl": "https://ik.imagekit.io/seacademy/Photos/Module_5/M5_C2_L1_12.png"
        }
      }
    },
    {
      "template_id": "text",
      "colorscheme": "light",
      "content": {
        "id": "text",
        "content": {
          "text_elements": [
            {
              "template_id": "subtitle",
              "content": {
                "text": "Leveraging Local Knowledge Systems for Climate-Resilient Energy Solutions"
              }
            },
            {
              "template_id": "paragraph_large",
              "content": {
                "text": "Indigenous and local knowledge systems have sustained communities through centuries of environmental change, yet they remain vastly underutilized in modern energy transitions. Rather than being seen as anecdotal or secondary to scientific approaches, these knowledge systems should be integrated as essential components of climate adaptation and sustainable energy planning. However, this requires moving beyond symbolic recognition\u2014Indigenous governance structures, traditional ecological knowledge, and local expertise must be embedded in decision-making processes, ensuring that energy solutions are both technically effective and culturally responsive (Indigenous knowledge and climate change: summaries - UNESCO Biblioteca Digital).\nOne of the most valuable contributions of Indigenous knowledge is in climate forecasting and risk management. Many Indigenous communities have developed sophisticated techniques for predicting weather patterns, monitoring ecosystems, and managing natural resources in ways that enhance climate resilience. For instance:"
              }
            }
          ]
        }
      }
    },
    {
      "template_id": "text",
      "colorscheme": "light",
      "content": {
        "id": "text",
        "content": {
          "text_elements": [
            {
              "template_id": "paragraph_large",
              "content": {
                "text": "\u00b7 Afar pastoralists in Ethiopia rely on observations of stars, wind patterns, and plant behaviors to anticipate droughts and shifting seasons\u2014insights that could inform energy infrastructure planning and renewable resource management. (Alemayehu & Hizekeal, 2022) \nNenets reindeer herders in Arctic Russia monitor ice thickness and seasonal changes to adapt migration routes, knowledge that could be leveraged to optimize renewable energy storage and distribution in extreme environments (UNESCO, 2016). \nRather than relying solely on external climate models, integrating these forecasting methods with modern meteorological data could improve the reliability of early warning systems, ensuring energy networks remain resilient in the face of increasing climate variability."
              }
            }
          ]
        }
      }
    },
    {
      "template_id": "photo-full-height",
      "colorscheme": "dark",
      "content": {
        "id": "photo-full-height",
        "image": {
          "imageUrl": "https://ik.imagekit.io/seacademy/Photos/Module_5/M5_C4_L1_15.png"
        }
      }
    },
    {
      "template_id": "text",
      "colorscheme": "light",
      "content": {
        "id": "text",
        "content": {
          "text_elements": [
            {
              "template_id": "paragraph_large",
              "content": {
                "text": "Water management is another area where Indigenous knowledge can significantly strengthen energy adaptation efforts.\n\u00b7 In the Peruvian Andes, Quechua communities have maintained ancient water-harvesting systems such as amunas, which are pre-Incan infiltration canals designed to capture and slow the flow of glacier meltwater, thereby replenishing aquifers. The amunas function by diverting seasonal water from mountain streams into infiltration basins, allowing it to seep into the ground and sustain aquifers over time. This traditional method not only mitigates the impact of climate change on water availability but also promotes biodiversity by reducing the need for new dams. (Nature, 2024) \n\u00b7 In Australia, Aboriginal fire management practices\u2014often referred to as \"right way fire\"\u2014integrate traditional ecological knowledge with modern scientific methods to mitigate greenhouse gas emissions from unmanaged wildfires. These practices involve the strategic use of \"cool burns\" during the early dry season, which reduce fuel loads and create firebreaks, thereby preventing the occurrence of large, uncontrolled wildfires that typically release significant amounts of carbon into the atmosphere. (UNESCO, 2016)"
              }
            }
          ]
        }
      }
    },
    {
      "template_id": "text",
      "colorscheme": "light",
      "content": {
        "id": "text",
        "content": {
          "text_elements": [
            {
              "template_id": "paragraph_large",
              "content": {
                "text": "These examples demonstrate that Indigenous land and water management strategies are not relics of the past but dynamic, place-based solutions that can enhance energy resilience when applied in a meaningful and collaborative way.\nIndigenous-led energy initiatives are already demonstrating how decentralized, climate-resilient solutions can be scaled effectively. In Canada, the Qulliq Energy Corporation (QEC) oversees the management of off-grid solar and wind systems that integrate Indigenous governance principles with microgrid technology. This approach aims to reduce reliance on diesel fuel while promoting energy sovereignty for Inuit communities in Nunavut. \u00a0 \nHowever, ensuring that Indigenous communities are at the center of energy transitions requires more than technical integration\u2014it demands structural changes in policy and governance. Free, Prior, and Informed Consent (FPIC) must go beyond being a procedural requirement and instead become a framework for Indigenous-led decision-making in renewable energy projects."
              }
            }
          ]
        }
      }
    },
    {
      "template_id": "photo-full-height",
      "colorscheme": "dark",
      "content": {
        "id": "photo-full-height",
        "image": {
          "imageUrl": "https://ik.imagekit.io/seacademy/Photos/Module_5/M5_C1_L1_4.png"
        }
      }
    },
    {
      "template_id": "text",
      "colorscheme": "light",
      "content": {
        "id": "text",
        "content": {
          "text_elements": [
            {
              "template_id": "paragraph_large",
              "content": {
                "text": "Co-management structures, revenue-sharing agreements, and Indigenous ownership stakes in wind, solar, and hydro developments must become the norm rather than the exception. Indigenous knowledge should also be institutionally embedded in national and regional energy planning through formal advisory councils, ensuring that decisions about infrastructure placement, resource management, and climate adaptation reflect local expertise. \nScaling these approaches requires a commitment to Indigenous data sovereignty, ensuring that environmental and climate data are collected, interpreted, and shared in ways that respect Indigenous governance structures. It also means shifting international climate finance mechanisms to prioritize direct funding for Indigenous-led energy and adaptation projects rather than channeling resources through top-down interventions that bypass local leadership."
              }
            }
          ]
        }
      }
    },
    {
      "template_id": "text",
      "colorscheme": "light",
      "content": {
        "id": "text",
        "content": {
          "text_elements": [
            {
              "template_id": "paragraph_large",
              "content": {
                "text": "By leveraging participatory and rights-based approaches, energy systems can become more adaptive, climate-resilient, and just. Integrating Indigenous knowledge is not merely about preserving cultural heritage\u2014it is about harnessing some of the most effective, time-tested climate adaptation strategies to build a more sustainable future for all."
              }
            }
          ]
        }
      }
    },
    {
      "template_id": "photo-full-height",
      "colorscheme": "dark",
      "content": {
        "id": "photo-full-height",
        "image": {
          "imageUrl": "https://ik.imagekit.io/seacademy/Photos/Module_5/M5_C2_L1_11.png"
        }
      }
    },
    {
      "template_id": "text",
      "colorscheme": "light",
      "content": {
        "id": "text",
        "content": {
          "text_elements": [
            {
              "template_id": "subtitle",
              "content": {
                "text": "Case Study SIDS:                                                                                                                  Promoting Outer Island Development through the Integrated Energy Roadmap (POIDIER)"
              }
            },
            {
              "template_id": "paragraph_large",
              "content": {
                "text": "In Kiribati, the project \u201cPromoting Outer Island Development through the Integrated Energy Roadmap\u201d (POIDIER) aims to bolster renewable energy and energy efficiency targets, particularly in the outer islands, where existing efforts have lacked sustainability and economic linkages. While widely distributed to households, small solar photovoltaic lighting systems provide only limited energy access. Affordable parts for repairs are not available. Larger systems such as solar photovoltaic mini-grids have addressed institutional needs, mainly boarding schools but lack financial and technical sustainability. Imported energy efficient cook stoves have seen limited adoption due to high costs and lack of awareness.\nLaunched in 2020 by UNDP, the GEF-funded POIDIER project adopts a multi-pronged approach to address the challenges to renewable energy and energy efficiency dissemination in the outer islands and to link such dissemination to addressing the broader challenge of outer island economic development. It addresses capacity gaps through training and outreach, facilitate adoption and enforcement of needed policies, promote the financing of outer island renewable energy and energy efficiency, address cost and technical challenges, and brings these together through demonstrations. It emphasizes the productive use of renewable energy and energy efficiency, expanding beyond institutional systems alone to include community systems that can support revenue generating activity supporting coconut, fish, and agricultural sectors."
              }
            }
          ]
        }
      }
    },
    {
      "template_id": "text",
      "colorscheme": "light",
      "content": {
        "id": "text",
        "content": {
          "text_elements": [
            {
              "template_id": "paragraph_large",
              "content": {
                "text": "The project adopts a human-rights based approach, particularly focusing on the indigenous populations of Kiribati's outer islands. The project enhances the livelihoods of indigenous people by providing off-grid renewable energy and energy-efficient cook stoves to improve daily life and support income-generating opportunities. The project emphasizes creating income-generating activities that utilize renewable energy. It implements Free, Prior, and Informed Consent (FPIC) (discussed in more detail in Module 3), in line with Standard 6 of UNDP Environmental and Social Standards and conducts extensive consultations with local communities to ensure their participation and respect their rights and preferences. Additionally, a grievance redress mechanism is established in collaboration with the Ministry of Infrastructure and Sustainable Energy (MISE) to address any concerns arising from project activities. Inclusivity is a key focus, with efforts made to ensure that marginalized and disadvantaged groups participate in decision-making and benefit from the project's income-generating activities."
              }
            }
          ]
        }
      }
    },
    {
      "template_id": "photo-full-height",
      "colorscheme": "dark",
      "content": {
        "id": "photo-full-height",
        "image": {
          "imageUrl": "https://ik.imagekit.io/seacademy/Photos/Module_5/M5_C2_L1_13.png"
        }
      }
    },
    {
      "template_id": "text",
      "colorscheme": "light",
      "content": {
        "id": "text",
        "content": {
          "text_elements": [
            {
              "template_id": "paragraph_large",
              "content": {
                "text": "The POIDIER project promote gender equality and women\u2019s empowerment through various initiatives at multiple levels, from local communities to national and international stages. At the local level, it ensures that at least 50% of participants in community consultations and decision-making sessions are women. Further, the project allocates at least 50% of funds for income-generating activities to initiatives that primarily benefit women, particularly in agriculture. At the next level, the project ensures that women are well-represented among trainees. In particular, the \u201cSolar Mama\u201d solar home system (SHS) procurement, installation, and repair training program will train 40 middle-aged women from the outer islands. Experience in other countries has shown that ensuring women trainees empower women, but it also leads to greater sustainability of results, as women (especially women that already have children) are less likely to out-migrate for work. Other gender targets include at least 40% of female participation in trainings and workshops, and 30% female representation consultant roles."
              }
            }
          ]
        }
      }
    },
    {
      "template_id": "text",
      "colorscheme": "light",
      "content": {
        "id": "text",
        "content": {
          "text_elements": [
            {
              "template_id": "paragraph_large",
              "content": {
                "text": "This UNDP project has generated valuable insights and replicable methodologies in renewable energy and energy efficiency clean cooking dissemination, particularly in addressing challenges faced in outer island regions. Key lessons highlight the importance of preliminary analysis of the energy context in order to identify structural gaps and build systemic solutions. In addition, the project showcases the effectiveness of targeted training accompanied by demonstration activities to bolster community engagement and local capabilities. Furthermore, the project's human-rights-based approach ensured the incorporation of indigenous populations' rights through protocols like Free, Prior, and Informed Consent. Similarly, it presents valuable lessons learned of commitment to gender equality and women's empowerment by considering targeted initiatives aimed at enhancing female representation and participation across various project facets. The training design addressed intersectional aspects such as gender and age, including specific programs to empower middle-aged women from the outer islands by equipping them with skills in solar home system procurement, installation, and repair. The project's dedication to inclusive and equitable practices presents promising strategies for replicability."
              }
            }
          ]
        }
      }
    },
    {
      "template_id": "photo-full-height",
      "colorscheme": "dark",
      "content": {
        "id": "photo-full-height",
        "image": {
          "imageUrl": "https://ik.imagekit.io/seacademy/Photos/Module_5/M5_C3_L1_11.png"
        }
      }
    },
    {
      "template_id": "learning_objectives",
      "colorscheme": "dark",
      "content": {
        "id": "learning_objectives",
        "title": "KEY TAKEAWAYS",
        "intro": "Lesson 1 on THE IMPACT OF ENERGY SYSTEMS ON CLIMATE CHANGE\n",
        "cards": [
          {
            "image": {
              "src": "src",
              "caption": "image caption",
              "url": null
            },
            "title": "",
            "description": "An intersectional approach reveals how various social identities\u2014such as gender, race, and socioeconomic status\u2014intersect to create unique experiences of vulnerability to climate change. This framework highlights that marginalized groups face compounded challenges due to systemic inequalities. Understanding these intersecting vulnerabilities is crucial for designing equitable climate adaptation strategies that address the root causes of disparities."
          },
          {
            "image": {
              "src": "nature",
              "caption": "image caption",
              "url": null
            },
            "title": "",
            "description": "Addressing the gendered impacts of climate change is vital for fostering resilience and justice. Women, particularly in low-income settings, often bear the brunt of climate-related challenges due to entrenched inequalities. Implementing gender-responsive measures\u2014such as mandating Gender Impact Assessments (GIAs), promoting women's leadership in energy governance, and aligning investments with gender-just outcomes\u2014can transform energy systems into active agents of change that reduce climate risks and enhance women's economic agency."
          },
          {
            "image": {
              "src": "src",
              "caption": "image caption",
              "url": null
            },
            "title": "",
            "description": "Integrating Indigenous and local knowledge is essential for building climate-resilient energy solutions. Their centuries-old insights into sustainable resource management, climate forecasting, and ecosystem monitoring offer invaluable guidance. By embedding traditional ecological knowledge and governance structures into energy planning, we can develop culturally responsive, effective strategies that enhance community resilience. This approach not only honors local expertise but also fosters equitable, adaptive, and sustainable energy transitions."
          }
        ]
      }
    }
  ]
}