{
  "id": "6.3.0",
  "segments": [
    {
      "template_id": "chapter_cover",
      "colorscheme": "dark",
      "content": {
        "image": {
          "src": "https://ik.imagekit.io/seacademy/Photos/Module_5/M5_C4_L1_9.png",
          "caption": ""
        },
        "intro": {
          "label": "Chapter",
          "number": "3"
        },
        "title": "SUSTAINABLE ENERGY FOR CLIMATE ADAPTATION",
        "cta": "Scroll, tab or use your keyboard to move ahead"
      }
    },
    {
      "template_id": "text",
      "colorscheme": "light",
      "content": {
        "text_elements": [
          {
            "template_id": "subtitle",
            "content": {
              "text": "Chapter 3 Overview"
            }
          },
          {
            "template_id": "subtitle",
            "content": {
              "text": "SUSTAINABLE ENERGY FOR CLIMATE ADAPTATION"
            }
          },
          {
            "template_id": "paragraph_large",
            "content": {
              "text": "This chapter examines the role of sustainable energy in climate adaptation, emphasizing how renewable energy, energy efficiency, and decentralized infrastructure contribute to building resilience against climate risks. It highlights the vulnerabilities of energy systems to extreme weather events, including physical damage and efficiency reductions, and explores strategies for enhancing their adaptability. Key considerations include the integration of distributed energy resources, smart grid technologies, and infrastructure reinforcement to improve system reliability. The chapter also discusses the role of renewable energy in supporting climate adaptation efforts, such as improving food security, water management, and emergency response through decentralized energy solutions. Additionally, it underscores the importance of risk assessments, policy frameworks, and financing mechanisms to support climate-resilient energy planning. Recognizing that climate risks disproportionately affect marginalized communities, the chapter emphasizes inclusive approaches that integrate local knowledge and participatory decision-making to ensure equitable adaptation strategies."
            }
          }
        ]
      }
    },
    {
      "template_id": "list_of_lessons",
      "colorscheme": "dark",
      "content": {
        "title": "What's next in this chapter?",
        "lessons": [
          {
            "cta": "Go to the lesson",
            "image": {
              "src": "https://ik.imagekit.io/seacademy/Photos/Module_5/M5_C2_L2_12.png",
              "caption": "image caption",
              "url": null
            },
            "title": "3.1 Renewable Energy for Enhancing Climate Resilience",
            "progress": "completed"
          },
          {
            "cta": "Go to the lesson",
            "image": {
              "src": "https://ik.imagekit.io/seacademy/Photos/Module_5/M5_C1_L2_9.png",
              "caption": "image caption",
              "url": null
            },
            "title": "3.2 Enhancing Resilience and Adaptability of Energy Systems",
            "progress": "completed"
          },
          {
            "cta": "Go to the lesson",
            "image": {
              "src": "https://ik.imagekit.io/seacademy/Photos/Module_5/M5_C2_L3_17.png",
              "caption": "image caption",
              "url": null
            },
            "title": "3.3 An Intersectional Approach to Climate Change",
            "progress": "not_started"
          },
          {
            "cta": "Go to the lesson",
            "image": {
              "src": "https://ik.imagekit.io/seacademy/Photos/Module_5/M5_C3_L3_10.png",
              "caption": "image caption",
              "url": null
            },
            "title": "1.4 Opportunities for Digitalization and AI",
            "progress": "not_started"
          },
          {
            "cta": "Go to the lesson",
            "image": {
              "src": "https://ik.imagekit.io/seacademy/Photos/Module_5/M5_C3_L3_13.png",
              "caption": "image caption",
              "url": null
            },
            "title": "Module conclusion",
            "progress": "not_started"
          }
        ]
      }
    },
    {
      "template_id": "connection_next",
      "colorscheme": "dark",
      "content": {
        "image": {
          "src": "https://ik.imagekit.io/seacademy/Photos/Module_5/M5_C3_Intro_4.png",
          "caption": ""
        },
        "intro": "Next up",
        "title": "Lesson 1: Renewable Energy for Enhancing Climate Resilience",
        "nextLessonId": "6.3.1",
        "cta": "Start learning"
      }
    }
  ]
}