{
  "id": "6.3.2",
  "segments": [
    {
      "template_id": "connection_next",
      "colorscheme": "dark",
      "content": {
        "id": "connection_next",
        "image": {
          "src": "https://ik.imagekit.io/seacademy/Photos/Module_5/M5_C2_L2_3.png",
          "caption": ""
        },
        "intro": "Next up",
        "title": "Lesson 3:\u2028An Intersectional Approach to Climate Change\n \n",
        "cta": "Start learning"
      }
    },
    {
      "template_id": "lesson_cover",
      "colorscheme": "dark",
      "content": {
        "id": "lesson_cover",
        "image": {
          "src": "https://ik.imagekit.io/seacademy/Photos/Module_5/M5_C4_L2_5.png",
          "caption": ""
        },
        "intro": {
          "label": "Lesson",
          "number": "2"
        },
        "title": "ENHANCING RESILIENCE AND ADAPTABILITY OF ENERGY SYSTEMS ",
        "cta": null
      }
    },
    {
      "template_id": "text",
      "colorscheme": "light",
      "content": {
        "id": "text",
        "content": {
          "text_elements": [
            {
              "template_id": "subtitle",
              "content": {
                "text": "Lesson 2 Overview"
              }
            },
            {
              "template_id": "subtitle",
              "content": {
                "text": "ENHANCING RESILIENCE AND ADAPTABILITY OF ENERGY SYSTEMS"
              }
            },
            {
              "template_id": "paragraph_large",
              "content": {
                "text": "Climate change characterized by extreme weather events such as hurricanes, wildfires, and floods can lead to two main effects on energy systems, i.e infrastructure damage and efficiency reduction."
              }
            }
          ]
        }
      }
    },
    {
      "template_id": "key_concepts",
      "colorscheme": "dark",
      "content": {
        "id": "key_concepts",
        "title": "Key concepts",
        "intro": "If you only have space to remember 3 things:",
        "concepts": [
          {
            "title": "Infrastructure damage",
            "body": "Infrastructure damage due to climate change poses significant challenges to energy systems, affecting the reliability, resilience, and operational efficiency of energy production, transmission, distribution, and storage. Climate change can lead to facility damage, for example to coal, natural gas, and nuclear thermal power plants, which can suffer damage from extreme weather events such as hurricanes, floods, wildfires, and heatwaves. Climate events can also impact thermal power plants\u2019 typical operation through variations in local cooling water availability, hydraulic head intake level, and temperature. Similarly, solar panels, wind turbines, and hydroelectric dams are vulnerable to extreme weather events and environmental changes, leading to physical damage and reduced energy production.\u00a0 Due to climate change, some transmission and distribution networks can be damaged, ie. lines, substations, transformers, while grid infrastructure are also susceptible to damage from extreme weather events like hurricanes, tornadoes, ice storms, and wildfires. One can also note that coastal and low-lying areas with energy infrastructure are at risk from sea-level rise, storm surges, and increased precipitation, leading to flooding and infrastructure damage. To add to this, energy storage facilities such as battery systems are vulnerable to extreme temperatures, flooding, and other climate-related hazards, leading to reduced efficiency, capacity loss, and operational challenges.\u00a0",
            "source": null
          }
        ]
      }
    },
    {
      "template_id": "lesson_part_cover",
      "colorscheme": "dark",
      "content": {
        "id": "lesson_part_cover",
        "image": {
          "src": "https://ik.imagekit.io/seacademy/Photos/Module_5/M5_C2_Intro_1.png",
          "caption": ""
        },
        "intro": "M6: SUSTAINABLE ENERGY FOR CLIMATE MITIGATION | chapter 2 | Lesson 1 | Part 1",
        "title": "Part 1: Vulnerability Assessment\u00a0",
        "cta": null
      }
    },
    {
      "template_id": "text",
      "colorscheme": "light",
      "content": {
        "id": "text",
        "content": {
          "text_elements": [
            {
              "template_id": "paragraph_small",
              "content": {
                "text": "Assessing the vulnerability of energy systems is essential to understanding how climate change impacts infrastructure and operations. This process involves identifying exposure to extreme weather events, mapping risks across different regions, and evaluating weaknesses in both physical infrastructure and operational processes. By systematically analyzing these factors, energy planners can develop targeted strategies to mitigate risks, enhance resilience, and ensure a stable energy supply. The following sections explore key components of vulnerability assessment, including risk mapping and the identification of physical and operational vulnerabilities. \n\nThe vulnerability assessment focuses primarily on physical and operational risks, which are foundational to understanding infrastructure resilience. However, financial vulnerability is also a crucial aspect, particularly in the context of cost-benefit analysis (CBA). While this section emphasizes infrastructure and operational weaknesses, financial risks, including investment gaps and cost implications of climate impacts, are addressed in Module 4."
              }
            }
          ]
        }
      }
    },
    {
      "template_id": "photo-full-height",
      "colorscheme": "dark",
      "content": {
        "id": "photo-full-height",
        "image": {
          "imageUrl": "https://ik.imagekit.io/seacademy/Photos/Module_5/M5_C3_L3_1.png"
        }
      }
    },
    {
      "template_id": "text",
      "colorscheme": "light",
      "content": {
        "id": "text",
        "content": {
          "text_elements": [
            {
              "template_id": "subtitle",
              "content": {
                "text": "Risk Mapping"
              }
            },
            {
              "template_id": "paragraph_large",
              "content": {
                "text": "Risk mapping of energy infrastructure in the face of climate change is a crucial global initiative that involves identifying and evaluating the vulnerabilities that different regions and systems may face due to varying climate impacts. This geographical and component-specific analysis helps in understanding the direct threats to infrastructure such as power plants, transmission lines, and renewable energy facilities from extreme weather events like hurricanes, floods, and heatwaves.\u00a0 \nGlobally, different regions exhibit unique vulnerabilities based on their geographical and climatic conditions. For instance, in Europe, the increased risk of flooding threatens to disrupt power generation and distribution networks, while in Asia, particularly in Southeast Asia and the Himalayan region, the risk includes typhoons and the impact of melting glaciers on hydropower facilities. Similarly, in Africa, drought conditions pose a significant threat to hydroelectric power sources, which are crucial for the region's energy supply."
              }
            }
          ]
        }
      }
    },
    {
      "template_id": "text",
      "colorscheme": "light",
      "content": {
        "id": "text",
        "content": {
          "text_elements": [
            {
              "template_id": "paragraph_small",
              "content": {
                "text": "The process of risk mapping involves collecting extensive meteorological and environmental data to project the frequency and intensity of expected climate impacts. This data is then analyzed in the context of the existing energy infrastructure to assess potential vulnerabilities. The findings guide the development of adaptation and mitigation strategies tailored to protect critical energy assets and ensure their resilience. Effective risk mapping not only identifies current risks but also uses predictive modeling to anticipate future challenges. This forward-looking approach is essential for planning infrastructure developments and retrofitting existing facilities to withstand anticipated climatic changes. It also informs policy-making, helping governments and organizations prioritize investments in energy resilience to safeguard against future climate-related disruptions."
              }
            }
          ]
        }
      }
    },
    {
      "template_id": "photo-full-height",
      "colorscheme": "dark",
      "content": {
        "id": "photo-full-height",
        "image": {
          "imageUrl": "https://ik.imagekit.io/seacademy/Photos/Module_5/M5_C2_L3_14.png"
        }
      }
    },
    {
      "template_id": "text",
      "colorscheme": "light",
      "content": {
        "id": "text",
        "content": {
          "text_elements": [
            {
              "template_id": "subtitle",
              "content": {
                "text": "Physical and operational vulnerabilities within current energy systems"
              }
            },
            {
              "template_id": "paragraph_large",
              "content": {
                "text": "After assessing the external risks to the energy infrastructures, it is imperative to analyze the potential weaknesses in both the physical components of the energy infrastructure and the operational processes that manage the flow and distribution of energy. Physical vulnerabilities often pertain to the susceptibility of infrastructure like power plants, transmission lines, and substations to extreme weather events such as floods, storms, or heatwaves. These events can cause direct damage to facilities, disrupt service, and lead to long-term outages. Evaluating these risks involves assessing the current state of infrastructure, its location, design parameters, and the materials from which it is built. Adaptation measures could include retrofitting facilities with more durable materials, relocating critical components to less vulnerable areas, or constructing protective barriers."
              }
            }
          ]
        }
      }
    },
    {
      "template_id": "text",
      "colorscheme": "light",
      "content": {
        "id": "text",
        "content": {
          "text_elements": [
            {
              "template_id": "paragraph_large",
              "content": {
                "text": "Operational vulnerabilities consider the capacity of energy systems to manage and adapt to changing conditions without significant interruptions in service. This aspect takes into account the flexibility of the grid, the availability of alternative energy sources, and the ability to quickly repair and restore service after an event. Evaluating operational vulnerabilities involves analyzing how well the energy system can withstand fluctuations in supply and demand, particularly those that may be exacerbated by climate change, such as increased demand for cooling during heatwaves or the variability of renewable energy sources. It should also take into account reduced cooling periods due to higher average temperatures as well as changes in usage patterns. It's also important to consider that the impacts of climate change on energy systems can be amplified by systemic factors such as energy system interdependencies, water scarcity, and increased electricity demand. These broader considerations play into vulnerability evaluations as they affect the overall robustness and reliability of the energy supply chain."
              }
            }
          ]
        }
      }
    },
    {
      "template_id": "lesson_part_cover",
      "colorscheme": "dark",
      "content": {
        "id": "lesson_part_cover",
        "image": {
          "src": "https://ik.imagekit.io/seacademy/Photos/Module_5/M5_C3_L2_1.png",
          "caption": ""
        },
        "intro": "M6: SUSTAINABLE ENERGY FOR CLIMATE MITIGATION | chapter 2 | Lesson 1 | Part 1",
        "title": "Part 2:Strengthening Infrastructure Resilience\u00a0\u00a0",
        "cta": null
      }
    },
    {
      "template_id": "text",
      "colorscheme": "light",
      "content": {
        "id": "text",
        "content": {
          "text_elements": [
            {
              "template_id": "paragraph_large",
              "content": {
                "text": "Strengthening physical infrastructure against extreme weather and climate conditions is a proactive approach to enhancing the resilience of critical energy assets. This task involves several strategies such as reinforcing structural designs, integrating energy storage solutions to enhance grid stability during disruptions, using resilient construction materials, and implementing advanced architectural techniques that take into account the increased intensity and frequency of climate-related events.\u00a0\nThe reinforcement of infrastructure is not only about making physical improvements to withstand severe conditions but also about adapting to a changing environment where old standards may no longer suffice. For example, utility companies might elevate electrical substations in flood-prone areas or retrofit cooling systems in power plants to cope with higher ambient temperatures."
              }
            }
          ]
        }
      }
    },
    {
      "template_id": "text",
      "colorscheme": "light",
      "content": {
        "id": "text",
        "content": {
          "text_elements": [
            {
              "template_id": "paragraph_large",
              "content": {
                "text": "Furthermore, resilience can be built through the diversification of energy sources. By incorporating a mix of renewable and traditional energy sources, the energy grid can better withstand and recover from disruptions. Implementing microgrids in vulnerable areas is another way to ensure that local energy needs are met even when centralized infrastructure fails. It is also crucial to consider systemic factors such as supply chain robustness, operational procedures during emergencies, and the integration of energy storage to manage fluctuations in energy generation and demand. As a key component, energy storage enhances resilience by providing backup power, balancing supply and demand, and ensuring the reliability of renewable energy sources during extreme weather events."
              }
            }
          ]
        }
      }
    },
    {
      "template_id": "lesson_part_cover",
      "colorscheme": "dark",
      "content": {
        "id": "lesson_part_cover",
        "image": {
          "src": "https://ik.imagekit.io/seacademy/Photos/Module_5/M5_C2_L1_2.png",
          "caption": ""
        },
        "intro": "M6: SUSTAINABLE ENERGY FOR CLIMATE MITIGATION | chapter 2 | Lesson 1 | Part 1",
        "title": "Part 3:Smart Grid Implementation\u00a0\u00a0",
        "cta": null
      }
    },
    {
      "template_id": "text",
      "colorscheme": "light",
      "content": {
        "id": "text",
        "content": {
          "text_elements": [
            {
              "template_id": "paragraph_large",
              "content": {
                "text": "Implementing smart grid technology is central to enhancing the responsiveness and stability of energy systems. Smart grids incorporate advanced sensors, controls, and software to gather and act on information about the behaviors of suppliers and consumers, in turn improving the efficiency, reliability, security, and sustainability of the production and distribution of electricity.\u00a0\nThrough real-time monitoring and automated control systems, smart grids can detect and respond to local changes in usage or production, as well as system-wide shifts, allowing for a more resilient response to demand fluctuations and potential disruptions. For example, during extreme weather events, a smart grid can reroute power automatically to maintain supply where traditional grids might fail."
              }
            }
          ]
        }
      }
    },
    {
      "template_id": "text",
      "colorscheme": "light",
      "content": {
        "id": "text",
        "content": {
          "text_elements": [
            {
              "template_id": "paragraph_large",
              "content": {
                "text": "Smart grids also facilitate the integration of renewable energy sources, which can be variable and distributed in nature, helping to stabilize the grid by managing unpredictable fluctuations in power generation. Furthermore, they enhance consumer engagement by allowing end-users to adjust their consumption based on real-time pricing and availability, leading to energy and cost savings, and contributing to the overall demand management.\u00a0In addition to immediate operational benefits, smart grids also support long-term planning and infrastructure development by providing detailed data that can inform the deployment of resources and the upgrade of systems to handle projected changes in climate and consumption patterns."
              }
            }
          ]
        }
      }
    },
    {
      "template_id": "lesson_part_cover",
      "colorscheme": "dark",
      "content": {
        "id": "lesson_part_cover",
        "image": {
          "src": "https://ik.imagekit.io/seacademy/Photos/Module_5/M5_C2_L1_2.png",
          "caption": ""
        },
        "intro": "M6: SUSTAINABLE ENERGY FOR CLIMATE MITIGATION | chapter 2 | Lesson 1 | Part 1",
        "title": "Part 4:Promotion of Distributed Energy Resources (DERs)\u00a0",
        "cta": null
      }
    },
    {
      "template_id": "text",
      "colorscheme": "light",
      "content": {
        "id": "text",
        "content": {
          "text_elements": [
            {
              "template_id": "paragraph_large",
              "content": {
                "text": "The promotion of Distributed Energy Resources (DERs) is a forward-thinking strategy to enhance the flexibility of energy systems and reduce reliance on centralized power generation. DERs include a variety of smaller-scale technologies such as solar panels, wind turbines, energy storage systems like batteries, and small natural gas-powered generators that can be deployed at or near the point of use, such as residential, commercial, or community settings.\u00a0\nEncouraging the adoption of DERs can significantly increase the resilience of the energy grid by enabling a rapid response to changes in supply and demand, reducing transmission losses, and mitigating the impact of outages. When parts of the grid are compromised due to extreme weather or other disruptions, DERs can often continue to operate, providing reliable power independently."
              }
            }
          ]
        }
      }
    },
    {
      "template_id": "text",
      "colorscheme": "light",
      "content": {
        "id": "text",
        "content": {
          "text_elements": [
            {
              "template_id": "paragraph_large",
              "content": {
                "text": "Moreover, DERs can play a pivotal role in grid stabilization by offering services such as voltage support, frequency regulation, and peak load reduction, which are increasingly important as the penetration of intermittent renewable energy sources grows. They also empower consumers to take charge of their own energy consumption, potentially lowering costs and contributing to environmental sustainability.\u00a0\nIntegrating DERs requires not only technology but also regulatory frameworks, market mechanisms, and incentives that support their adoption and operation. Effective integration into the existing grid infrastructure is key, including the need for smart grid technologies that can manage the two-way flow of electricity and information. With distributed resources, may also come distributed ownership and management of energy resources, decentralizing responsibility for holistic energy system maintenance, requiring new models of management and incentivizing maintenance and reliability across a myriad of new or altered stakeholders."
              }
            }
          ]
        }
      }
    },
    {
      "template_id": "photo-full-height",
      "colorscheme": "dark",
      "content": {
        "id": "photo-full-height",
        "image": {
          "imageUrl": "https://ik.imagekit.io/seacademy/Photos/Module_5/M5_C3_L3_10.png"
        }
      }
    },
    {
      "template_id": "learning_objectives",
      "colorscheme": "dark",
      "content": {
        "id": "learning_objectives",
        "title": "KEY TAKEAWAYS",
        "intro": "Lesson 1 on THE IMPACT OF ENERGY SYSTEMS ON CLIMATE CHANGE\n",
        "cards": [
          {
            "image": {
              "src": "src",
              "caption": "image caption",
              "url": null
            },
            "title": "Resilient Energy Infrastructure is Essential for Climate Adaptation.",
            "description": "Strengthening energy infrastructure through resilient design, material upgrades, and strategic location planning is essential to withstand climate impacts such as extreme weather, flooding, and heatwaves."
          },
          {
            "image": {
              "src": "nature",
              "caption": "image caption",
              "url": null
            },
            "title": "Smart Grid Technologies Enhance Flexibility and Integration.",
            "description": "Smart grid technologies enhance real-time monitoring, grid flexibility, and the integration of renewables, while Distributed Energy Resources (DERs) improve system resilience by decentralizing power generation and reducing reliance on centralized grids."
          },
          {
            "image": {
              "src": "src",
              "caption": "image caption",
              "url": null
            },
            "title": "Targeted Adaptation Measures Ensure Long-Term Energy Security.",
            "description": "Identifying physical and operational vulnerabilities through risk mapping and predictive modeling helps policymakers and utilities implement targeted adaptation measures, ensuring long-term energy security and sustainability."
          }
        ]
      }
    },
    {
      "template_id": "list_of_lessons",
      "colorscheme": "dark",
      "content": {
        "id": "list_of_lessons",
        "title": "What's next in this chapter?",
        "lessons": [
          {
            "cta": "Go to the lesson",
            "image": {
              "src": "src",
              "caption": "image caption",
              "url": null
            },
            "title": "Adapting the Energy Sector to Climate Change\nThis publication focuses on the supply side and presents a systematic overview of the diverse range of impacts on the energy sector resulting from gradual climate change and related shifts in extreme weather events.",
            "progress": "not_started"
          },
          {
            "cta": "Go to the lesson",
            "image": {
              "src": "src",
              "caption": "image caption",
              "url": null
            },
            "title": "Infrastructure for climate action\nThis report highlights the key role that infrastructure plays in delivering climate action and sustainable development. The research synthesized within this publication highlights the transformative role that infrastructure investments can have, including which sectors have the greatest potential to drive sustainable development, and opportunities to work in a holistic and integrated way to maximize positive impacts. ",
            "progress": "completed"
          },
          {
            "cta": "Go to the lesson",
            "image": {
              "src": "src",
              "caption": "image caption",
              "url": null
            },
            "title": "mpacts, Adaptation and Vulnerability\nThe report highlights the interconnectedness of climate, ecosystems, biodiversity, and human societies. It focuses on climate risks, vulnerability, and adaptation, considering global trends like biodiversity loss, resource depletion, and inequalities. The report introduces the concept of risks from human responses to climate change and identifies 127 key risks.",
            "progress": "completed"
          }
        ]
      }
    }
  ]
}