{
  "id": "6.4.3",
  "segments": [
    {
      "template_id": "lesson_cover",
      "colorscheme": "dark",
      "content": {
        "image": {
          "src": "https://ik.imagekit.io/seacademy/Photos/Module_5/M5_C2_L2_22.png",
          "caption": ""
        },
        "intro": {
          "label": "Lesson",
          "number": "3"
        },
        "title": "TRANSFORMING TRANSPORT: ELECTRIFICATION AND INCLUSIVE MOBILITY",
        "cta": null
      }
    },
    {
      "template_id": "text",
      "colorscheme": "light",
      "content": {
        "text_elements": [
          {
            "template_id": "subtitle",
            "content": {
              "text": "Lesson 3 Overview"
            }
          },
          {
            "template_id": "subtitle",
            "content": {
              "text": "TRANSFORMING TRANSPORT: ELECTRIFICATION AND INCLUSIVE MOBILITY"
            }
          },
          {
            "template_id": "paragraph_large",
            "content": {
              "text": "Transport relies heavily on internal combustion engines (ICE) powered by fossil fuels. It accounts for over one-third of CO2 emissions from end-use sectors. In 2022, passenger and cargo activity rebounded after the Covid-19 pandemic. This led to a 3% rise in transport CO2 emissions compared to 2021. From 1990 to 2022, transport emissions grew at an average annual rate of 1.7%, the same as industry. To align with the Net Zero Emissions (NZE) by 2050 Scenario, transport emissions must decrease by more than 3% annually until 2030. Achieving this requires swift road vehicle electrification, improved energy efficiency, scaled-up low-emissions fuels in maritime and aviation, and policies that promote shifts to less carbon-intensive transport modes. Here, we will focus on road transport. Electrification is the most promising path to reduce emissions and improve energy efficiency in road transport."
            }
          }
        ]
      }
    },
    {
      "template_id": "text",
      "colorscheme": "light",
      "content": {
        "text_elements": [
          {
            "template_id": "paragraph_large",
            "content": {
              "text": "Electric vehicles are set to make up nearly 50% of the global auto market by 2030, marking a major shift in how the world moves. Even more significant is that more than 1 in 2 of these EVs are being produced in China, reshaping the global automotive landscape and challenging traditional industry leaders. This transformation extends far beyond transportation. For countries in the Global South, it is a chance to leapfrog directly to clean transportation options. Moreover, with the rise of EVs, the demand for oil is shifting, allowing nations that traditionally relied on fossil fuel imports to rethink their energy dependencies. How can developing nations seize the momentum to rewrite their economic and developmental futures?"
            }
          }
        ]
      }
    },
    {
      "template_id": "lesson_part_cover",
      "colorscheme": "dark",
      "content": {
        "image": {
          "src": "https://ik.imagekit.io/seacademy/Photos/Module_5/M5_C2_L3_17.png",
          "caption": ""
        },
        "intro": "M6: SUSTAINABLE ENERGY FOR CLIMATE MITIGATION | chapter 2 | Lesson 1 | Part 1",
        "title": "Part 1:Challenges and Opportunities",
        "cta": null
      }
    },
    {
      "template_id": "text",
      "colorscheme": "light",
      "content": {
        "text_elements": [
          {
            "template_id": "paragraph_small",
            "content": {
              "text": "In developing nations, EVs are gaining relevance as emissions from the transport sector rise rapidly (see Figure). However, more importantly, their significance extends beyond decarbonization, aligning with broader developmental objectives. Particularly, the opportunity lies in electrifying micro-mobility, first and last-mile transport, and public transport systems, thereby contributing to a more equitable and socially just access to services and opportunities within these regions. E-mobility also offers a promising pathway to improved health outcomes by reducing air pollution, a significant concern in low- and middle-income countries, where 89% of the 4.2 million premature deaths worldwide occur due to pollution. Moreover, a compelling case for EVs can be made in countries that have a transport culture that is supported by sizeable oil importers. For instance, in Small Island Developing States heavily reliant on fossil fuels, e-mobility can reduce fossil fuel dependence and enhance energy security, addressing the volatility of gas and oil prices that disproportionately affect people."
            }
          }
        ]
      }
    },
    {
      "template_id": "photo-horizontal",
      "colorscheme": "dark",
      "content": {
        "image": {
          "src": "https://ik.imagekit.io/seacademy/Photos/Module_5/M5_C3_L2_6.png",
          "caption": null,
          "url": null
        }
      }
    },
    {
      "template_id": "lesson_part_cover",
      "colorscheme": "dark",
      "content": {
        "image": {
          "src": "https://ik.imagekit.io/seacademy/Photos/Module_5/M5_C2_L3_7.png",
          "caption": ""
        },
        "intro": "M6: SUSTAINABLE ENERGY FOR CLIMATE MITIGATION | chapter 2 | Lesson 1 | Part 1",
        "title": "Part 2: Strategies for Transport Electrification",
        "cta": null
      }
    },
    {
      "template_id": "photo-full-height",
      "colorscheme": "dark",
      "content": {
        "image": {
          "imageUrl": "https://ik.imagekit.io/seacademy/Photos/Module_5/M5_C2_L1_12.png"
        }
      }
    },
    {
      "template_id": "text",
      "colorscheme": "light",
      "content": {
        "text_elements": [
          {
            "template_id": "subtitle",
            "content": {
              "text": "Focusing on Electrification of ‘Shared’ Vehicles"
            }
          },
          {
            "template_id": "paragraph_large",
            "content": {
              "text": "In developing countries, the vehicle mix varies significantly. Figure x shows that shared vans, minibuses, and two- and three-wheelers often outnumber personal cars due to their affordability and accessibility. An exciting opportunity emerges in electrifying this diverse mix. Tailoring electrification to local contexts and needs can both accelerate energy transitions and tackle last-mile mobility challenges, particularly in areas with inadequate public transport. A focus on shared electric vehicles, for example, holds promise for reducing inequalities and improving well-being. In Sri Lanka, e-tuk-tuks (three-wheelers) are revitalizing a form of widely affordable transportation. They also ease financial burdens on three-wheeler owners, providing fuel cost savings during tough economic times."
            }
          }
        ]
      }
    },
    {
      "template_id": "photo-horizontal",
      "colorscheme": "dark",
      "content": {
        "image": {
          "src": "https://ik.imagekit.io/seacademy/Photos/Module_5/M5_C2_Intro_2.png",
          "caption": null,
          "url": null
        }
      }
    },
    {
      "template_id": "photo-full-height",
      "colorscheme": "dark",
      "content": {
        "image": {
          "imageUrl": "https://ik.imagekit.io/seacademy/Photos/Module_5/M5_C1_L1_10.png"
        }
      }
    },
    {
      "template_id": "text",
      "colorscheme": "light",
      "content": {
        "text_elements": [
          {
            "template_id": "subtitle",
            "content": {
              "text": "Digital Solutions and Smart Charging for E-Mobility Growth"
            }
          },
          {
            "template_id": "paragraph_large",
            "content": {
              "text": "Developing countries face unique complexities in adopting EV technologies. These include the price of vehicles, inadequate charging infrastructure and impacts on power systems. Innovative solutions are emerging, however. A rapid decline in battery pack pricing is making EVs more affordable – by 2024, the average cost of lithium-ion battery packs had fallen by 20%, reaching $115 per kilowatt-hour. Innovative charging options, like a community-built solar charging station in the Maldives, are powering EVs with renewable energy. Where electricity infrastructure is still evolving, there is a unique opportunity to design cleaner power systems alongside e-mobility solutions."
            }
          }
        ]
      }
    },
    {
      "template_id": "text",
      "colorscheme": "light",
      "content": {
        "text_elements": [
          {
            "template_id": "paragraph_large",
            "content": {
              "text": "Digital technologies present further options to lower charging and overall energy expenses, offering insights into trips, driving patterns, battery conditions and charging stations. Smart charging systems, for instance, help mitigate concerns about increased EV adoption leading to higher peak power demand. These systems optimize grid parameters, reducing power loss and peak demand by up to 96% compared to uncoordinated charging. Vehicle-to-grid systems allow EVs to ease strains on grids by feeding electricity back into them. In addition, breakthroughs such as battery swapping stations permit quick battery replacements. Such approaches can make electric vehicles more viable, especially where upfront costs are high."
            }
          }
        ]
      }
    },
    {
      "template_id": "photo-full-height",
      "colorscheme": "dark",
      "content": {
        "image": {
          "imageUrl": "https://ik.imagekit.io/seacademy/Photos/Module_5/M5_C1_L2_12.png"
        }
      }
    },
    {
      "template_id": "text",
      "colorscheme": "light",
      "content": {
        "text_elements": [
          {
            "template_id": "subtitle",
            "content": {
              "text": "Scaling Up Investment in the EV Revolution"
            }
          },
          {
            "template_id": "paragraph_large",
            "content": {
              "text": "Investments in EVs, particularly electric buses and two- and three-wheelers, are already economically justified in some countries, given lower operating costs. Environmental benefits enhance their appeal. Further encouraging uptake may require dismantling legal and regulatory barriers while implementing direct and indirect incentives. The latter may comprise tax benefits, rebates, purchase support and subsidized charging at public stations. Preferential electricity rates, such as those outlined in Rwanda's e-mobility policy, could incentivize people to charge vehicles during off-peak hours, reducing grid strain and increasing the likelihood of EV adoption amid volatile fuel prices. Expanding investment in electric public transport is essential, particularly in low-income countries, to improve access and affordability. Blended finance models could help de-risk investments and expand financing options. Market-shaping activities are also necessary to generate finance for critical infrastructure, charging, and energy capacity and coverage. Innovative financing possibilities encompass those offered by E2W Africa, which issues affordable loans for two- and three-wheeler vehicles, reducing costs and facilitating scaled-up adoption."
            }
          }
        ]
      }
    },
    {
      "template_id": "photo-full-height",
      "colorscheme": "dark",
      "content": {
        "image": {
          "imageUrl": "https://ik.imagekit.io/seacademy/Photos/Module_5/M5_C3_L3_9.png"
        }
      }
    },
    {
      "template_id": "text",
      "colorscheme": "light",
      "content": {
        "text_elements": [
          {
            "template_id": "subtitle",
            "content": {
              "text": "A Just Transition: Creating 1.5 Million New Jobs by 2030"
            }
          },
          {
            "template_id": "paragraph_large",
            "content": {
              "text": "As with any energy transition, the impending shift to EVs could have significant implications for employment. It could both cause job losses in the traditional vehicle industry and create new opportunities in the EV sector. Under the UAE Consensus to triple renewable energy capacity and double energy efficiency by 2030, EV manufacturing alone is expected to create 1.5 million new jobs (Figure 3). This presents an exciting opportunity to equip youth with skills and knowledge to thrive in an evolving job market and to increase the entry of women and people from marginalized groups into the workforce. In Nepal, policies supporting electric ‘Tempos’ have significantly boosted the number of female drivers and vehicle-owning entrepreneurs; women now represent nearly 60% of Tempo drivers. The Accelerating Investments in Low Emission Vehicles project in Uzbekistan successfully advocated for changing a policy that restricted women from driving heavier vehicles and buses."
            }
          }
        ]
      }
    },
    {
      "template_id": "text",
      "colorscheme": "light",
      "content": {
        "text_elements": [
          {
            "template_id": "paragraph_large",
            "content": {
              "text": "A smooth transition to e-mobility requires upskilling programmes that support the current workforce as well as retrofitting support for gas stations to double up as EV charging and service hubs. Government incentives and industry collaboration are crucial."
            }
          }
        ]
      }
    },
    {
      "template_id": "photo-horizontal",
      "colorscheme": "dark",
      "content": {
        "image": {
          "src": "https://ik.imagekit.io/seacademy/Photos/Module_5/M5_C4_L2_7.png",
          "caption": null,
          "url": null
        }
      }
    },
    {
      "template_id": "photo-full-height",
      "colorscheme": "dark",
      "content": {
        "image": {
          "imageUrl": "https://ik.imagekit.io/seacademy/Photos/Module_5/M5_C4_L3_10.png"
        }
      }
    },
    {
      "template_id": "text",
      "colorscheme": "light",
      "content": {
        "text_elements": [
          {
            "template_id": "subtitle",
            "content": {
              "text": "Balancing EV Growth with Responsible Minerals Extraction"
            }
          },
          {
            "template_id": "paragraph_large",
            "content": {
              "text": "Rising demand for EVs is fuelling a surge in batteries. Demand for lithium-ion batteries, the predominant choice for EVs, has spiked 65%, from around 330 GWh in 2021 to 550 GWh in 2022 (Figure 4). As a result, demand for critical minerals has also skyrocketed. In 2022, EV batteries drove approximately 60% of global demand for lithium, 30% for cobalt and 10% for nickel. Demand for critical minerals is projected to increase by three and half times by 2030, reaching over 30 million tonnes. Increased extraction of critical minerals in developing countries creates challenges and opportunities. Africa, for example, holds over 50% of global reserves and production of cobalt and manganese. Despite the vital role of critical minerals in government revenues, however, they are predominantly exported in raw forms, financially benefiting only a fraction of society. Maximizing development gains requires value addition, including through developing local capacities for refining and processing. Zimbabwe's Mines to Energy Park stands out as a prime example, positioning the country as a producer of lithium-ion batteries and allowing it to capitalize on its mineral reserves."
            }
          }
        ]
      }
    },
    {
      "template_id": "photo-horizontal",
      "colorscheme": "dark",
      "content": {
        "image": {
          "src": "https://ik.imagekit.io/seacademy/Photos/Module_5/M5_C1_L1_13.png",
          "caption": null,
          "url": null
        }
      }
    },
    {
      "template_id": "text",
      "colorscheme": "light",
      "content": {
        "text_elements": [
          {
            "template_id": "paragraph_large",
            "content": {
              "text": "While extracting minerals generates fewer emissions than burning fossil fuels, it often exacerbates environmental issues. Mining has been a major contributor to the degradation of at least 700 million hectares and over 96 million hectares of land in Africa and India, respectively. Robust environmental legislation, regulation and policies are essential to mitigate such risks. For example, Rwanda’s mining law and policy framework guide environmental impact assessments and monitoring to prevent adverse effects on ecosystems and local communities. Further safeguarding environmental integrity in e-transport calls for sustainable national waste management strategies and infrastructure. Circular approaches are important, such as using second-life batteries for stationary energy storage and adopting battery reuse and recycling practices. The latter can also increase local independence from international battery manufacturing hubs. Such strategies support both local economic growth opportunities and job creation. Moreover, integrating AI and digital technologies can optimize supply chains, including material availability, and increase performance and efficiency in energy storage systems."
            }
          }
        ]
      }
    },
    {
      "template_id": "text",
      "colorscheme": "light",
      "content": {
        "text_elements": [
          {
            "template_id": "subtitle",
            "content": {
              "text": "Electric vehicles are rapidly gaining popularity, but the transition comes with significant challenges."
            }
          },
          {
            "template_id": "paragraph_large",
            "content": {
              "text": "The International Renewable Energy Agency (IRENA) projects 1,780 million electric cars on the road by 2050. This is a dramatic increase from 18 million in 2019. Such growth will create enormous demand for electricity. IRENA estimates that transport electrification will account for 10% of electricity demand by 2030 and nearly 50% by 2050. To support this transition, power grids must adapt. They need to supply renewable-based electricity to meet growing EV demand. Smart electrification strategies will play a key role. These strategies can integrate more renewable energy, reduce peak loads, and limit the need for costly grid investments."
            }
          }
        ]
      }
    },
    {
      "template_id": "text",
      "colorscheme": "light",
      "content": {
        "text_elements": [
          {
            "template_id": "paragraph_large",
            "content": {
              "text": "While e-mobility may not be a silver bullet for all transport challenges, including congestion and accessibility, it undoubtedly brings a multitude of benefits and contributes significantly to both development and climate action goals. Ultimately, the goal must be to create sustainable urban mobility systems centred around public transport. This approach could help bridge the global divide in achieving Sustainable Development Goal 11, particularly its target to provide sustainable transportation for all. Electrification, active mobility, micro-mobility solutions, green fleets and mobility-as-a-service – these are exciting starting points for a transformational shift in energy and transport, one that would unlock broad development benefits for people around the world."
            }
          }
        ]
      }
    },
    {
      "template_id": "photo-full-height",
      "colorscheme": "dark",
      "content": {
        "image": {
          "imageUrl": "https://ik.imagekit.io/seacademy/Photos/Module_5/M5_C3_L3_14.png"
        }
      }
    },
    {
      "template_id": "learning_objectives",
      "colorscheme": "dark",
      "content": {
        "title": "KEY TAKEAWAYS",
        "intro": "Lesson 1 on THE IMPACT OF ENERGY SYSTEMS ON CLIMATE CHANGE",
        "cards": [
          {
            "image": {
              "src": "https://ik.imagekit.io/seacademy/Photos/Module_5/M5_C4_L1_14.png",
              "caption": "image caption",
              "url": null
            },
            "title": "Transport Emissions Demand Urgent Reduction Efforts.",
            "description": "Transport accounts for over one-third of CO₂ emissions from end-use sectors, with emissions rising 3% in 2022 alone. To meet global climate goals, transport emissions must decline by over 3% annually until 2030, necessitating a shift toward cleaner energy sources, efficiency improvements, and policies promoting low-carbon mobility."
          },
          {
            "image": {
              "src": "https://ik.imagekit.io/seacademy/Photos/Module_5/M5_C2_L1_7.png",
              "caption": "image caption",
              "url": null
            },
            "title": "Electrification is Key to Reducing Road Transport Emissions.",
            "description": "Road transport is the largest contributor to transport emissions, making vehicle electrification a key solution. EV adoption is growing rapidly, with electric cars expected to make up nearly 50% of the global auto market by 2030. In developing countries, focusing on shared electric mobility—such as e-buses, two- and three-wheelers—can improve accessibility, cut costs, and support a just energy transition."
          },
          {
            "image": {
              "src": "https://ik.imagekit.io/seacademy/Photos/Module_5/M5_C4_L2_6.png",
              "caption": "image caption",
              "url": null
            },
            "title": "Overcoming Key Challenges to Unlock Electrification’s Full Potential.",
            "description": "Challenges such as high upfront costs, limited charging infrastructure, and increased demand for critical minerals must be addressed through targeted policies, innovative financing, and circular economy solutions like battery recycling. Ensuring local value addition in mineral-rich countries and preparing the workforce for new job opportunities are crucial to making transport electrification both sustainable and equitable."
          }
        ]
      }
    },
    {
      "template_id": "photo-full-height",
      "colorscheme": "dark",
      "content": {
        "image": {
          "imageUrl": "https://ik.imagekit.io/seacademy/Photos/Module_5/M5_C2_L3_16.png"
        }
      }
    },
    {
      "template_id": "list_of_lessons",
      "colorscheme": "dark",
      "content": {
        "title": "What's next in this chapter?",
        "lessons": [
          {
            "cta": "Go to the lesson",
            "image": {
              "src": "https://ik.imagekit.io/seacademy/Photos/Module_5/M5_C3_L3_4.png",
              "caption": "image caption",
              "url": null
            },
            "title": "Smart electrification of end-use sectors: Benefits for distribution grids Innovation in end-use sectors is vital to the global energy transition; this report explores the benefits that different smart electrification strategies can bring to distribution grids and consumers.",
            "progress": "not_started"
          },
          {
            "cta": "Go to the lesson",
            "image": {
              "src": "https://ik.imagekit.io/seacademy/Photos/Module_5/M5_C4_Intro_6.png",
              "caption": "image caption",
              "url": null
            },
            "title": "Decarbonizing Urban Transport for Development The path to low-carbon urban transport looks fundamentally different in developed and developing countries. This report provides a framework that can help cities leverage these synergies and create transport systems that will support social and economic development outcomes while also reducing emissions.",
            "progress": "completed"
          },
          {
            "cta": "Go to the lesson",
            "image": {
              "src": "https://ik.imagekit.io/seacademy/Photos/Module_5/M5_C4_L2_12.png",
              "caption": "image caption",
              "url": null
            },
            "title": "Shifting the Focus Smaller Electric Vehicles for Sustainable Cities This report identifies emerging electric vehicle (EV) types and use cases that could form the backbone of a more sustainable, electric future for urban passenger and freight transport. It explores urban EV use cases: electric “car-like” light vehicles, including micro cars and micro EVs; two- and three-wheelers; and shared electric mobility.",
            "progress": "completed"
          }
        ]
      }
    },
    {
      "template_id": "connection_next",
      "colorscheme": "dark",
      "content": {
        "image": {
          "src": "https://ik.imagekit.io/seacademy/Photos/Module_5/M5_C4_L1_1.png",
          "caption": ""
        },
        "intro": "Next up",
        "title": "Chapter 4: Wrap-up",
        "nextLessonId": "6.4.-1",
        "cta": "Start learning"
      }
    }
  ]
}