{
  "id": "6.4.1",
  "segments": [
    {
      "template_id": "connection_next",
      "colorscheme": "dark",
      "content": {
        "id": "connection_next",
        "image": {
          "src": "https://ik.imagekit.io/seacademy/Photos/Module_5/M5_C3_L2_3.png",
          "caption": ""
        },
        "intro": "Next up",
        "title": "Lesson 2:\u2028Sustainable Buildings: Efficiency, Electrification, and Equity\u00a0\n \n",
        "cta": "Start learning"
      }
    },
    {
      "template_id": "lesson_cover",
      "colorscheme": "dark",
      "content": {
        "id": "lesson_cover",
        "image": {
          "src": "https://ik.imagekit.io/seacademy/Photos/Module_5/M5_C4_L1_4.png",
          "caption": ""
        },
        "intro": {
          "label": "Lesson",
          "number": "1"
        },
        "title": "DECARBONIZING THE INDUSTRY SECTOR",
        "cta": null
      }
    },
    {
      "template_id": "text",
      "colorscheme": "light",
      "content": {
        "id": "text",
        "content": {
          "text_elements": [
            {
              "template_id": "subtitle",
              "content": {
                "text": "Lesson 1 Overview"
              }
            },
            {
              "template_id": "subtitle",
              "content": {
                "text": "DECARBONIZING THE INDUSTRY SECTOR"
              }
            },
            {
              "template_id": "paragraph_large",
              "content": {
                "text": "The industrial sector is a major contributor to global CO2 emissions, responsible for about a quarter of energy-related emissions. Most of this comes from fossil fuel use, particularly coal. Industrial emissions have risen by 70% since 2000, driven by growing global demand for goods. While emissions stabilized during the COVID-19 pandemic, they rebounded in 2021. A 2% decline in 2022 was due mainly to reduced activity in China's industrial sector and the global energy crisis. However, emissions in other regions continued to rise, and global industrial emissions are likely to grow under a baseline scenario."
              }
            }
          ]
        }
      }
    },
    {
      "template_id": "photo-vertical",
      "colorscheme": "light",
      "content": {
        "id": "photo-vertical",
        "image": {
          "src": "https://ik.imagekit.io/seacademy/Photos/Module_5/M5_C2_L1_12.png",
          "caption": ""
        }
      }
    },
    {
      "template_id": "text",
      "colorscheme": "light",
      "content": {
        "id": "text",
        "content": {
          "text_elements": [
            {
              "template_id": "paragraph_large",
              "content": {
                "text": "The sector consumed 37% of global energy in 2022, up from 34% in 2002. Energy demand has grown in energy-intensive subsectors. At the same time, industrial energy productivity has improved. Factors include efficient technologies, advanced equipment, and a shift toward high-value light industries like electronics."
              }
            }
          ]
        }
      }
    },
    {
      "template_id": "lesson_part_cover",
      "colorscheme": "dark",
      "content": {
        "id": "lesson_part_cover",
        "image": {
          "src": "https://ik.imagekit.io/seacademy/Photos/Module_5/M5_C2_L2_17.png",
          "caption": ""
        },
        "intro": "M6: SUSTAINABLE ENERGY FOR CLIMATE MITIGATION | chapter 2 | Lesson 1 | Part 1",
        "title": "Part 1: Technological and Policy Challenges\u00a0\u00a0",
        "cta": null
      }
    },
    {
      "template_id": "text",
      "colorscheme": "light",
      "content": {
        "id": "text",
        "content": {
          "text_elements": [
            {
              "template_id": "paragraph_small",
              "content": {
                "text": "Decarbonizing heavy industry remains complex. Many industrial processes involve chemical reactions that inherently produce CO2 emissions, such as calcination in cement production, making full decarbonization particularly challenging. Additionally, many processes require high-temperature heat, and current low-carbon technologies either cannot fully replace fossil fuels or remain prohibitively expensive.\n\r\nOver half of the emissions reductions needed in the IEA\u2019s Net Zero Emissions (NZE) Scenario rely on technologies not yet market-ready. Industrial assets also have long lifetimes, making them infrequently replaced.\u00a0\u00a0\n\nIn 2022, the industrial sector emitted 9.0 Gt of CO2. This represented a slight decline from previous years but was insufficient to meet the NZE trajectory. To reach NZE, emissions must fall to about 7 Gt CO2 by 2030, a 3% annual reduction.\u00a0However, progress is hindered by the high cost of clean technologies such as green hydrogen, the absence of strong market incentives, and regulatory uncertainty. A lack of consistent carbon pricing mechanisms and industrial emissions standards further slows investment in low-carbon alternatives."
              }
            }
          ]
        }
      }
    },
    {
      "template_id": "lesson_part_cover",
      "colorscheme": "dark",
      "content": {
        "id": "lesson_part_cover",
        "image": {
          "src": "https://ik.imagekit.io/seacademy/Photos/Module_5/M5_C4_L2_4.png",
          "caption": ""
        },
        "intro": "M6: SUSTAINABLE ENERGY FOR CLIMATE MITIGATION | chapter 2 | Lesson 1 | Part 1",
        "title": "Part2: Strategies for Decarbonizing the Sector\u00a0\u00a0\u00a0",
        "cta": null
      }
    },
    {
      "template_id": "photo-horizontal",
      "colorscheme": "dark",
      "content": {
        "id": "photo-horizontal",
        "image": {
          "src": null,
          "caption": null,
          "url": null
        }
      }
    },
    {
      "template_id": "photo-full-height",
      "colorscheme": "dark",
      "content": {
        "id": "photo-full-height",
        "image": {
          "imageUrl": "https://ik.imagekit.io/seacademy/Photos/Module_5/M5_C4_Intro_3.png"
        }
      }
    },
    {
      "template_id": "text",
      "colorscheme": "light",
      "content": {
        "id": "text",
        "content": {
          "text_elements": [
            {
              "template_id": "subtitle",
              "content": {
                "text": "Energy and Material Efficiency"
              }
            },
            {
              "template_id": "paragraph_large",
              "content": {
                "text": "Improving energy efficiency is a cost-effective way to cut emissions. echnologies like waste heat recovery, heat pumps, and cogeneration can reduce energy use. However, efficiency improvements alone cannot achieve deep decarbonization. They can only lower fuel consumption by 15\u201320% in most cases.\u00a0 \u00a0 Material efficiency also offers opportunities. Recycled (secondary) production, life cycle emissions considerations, waste reduction, and circular economy models can all contribute. Governments can accelerate these shifts through regulations such as minimum efficiency performance standards for electric motors.\u00a0Additionally, energy storage solutions, such as thermal storage and battery systems, can help manage energy demand fluctuations and integrate renewable power into industrial processes."
              }
            }
          ]
        }
      }
    },
    {
      "template_id": "photo-full-height",
      "colorscheme": "dark",
      "content": {
        "id": "photo-full-height",
        "image": {
          "imageUrl": "https://ik.imagekit.io/seacademy/Photos/Module_5/M5_C2_L2_3.png"
        }
      }
    },
    {
      "template_id": "text",
      "colorscheme": "light",
      "content": {
        "id": "text",
        "content": {
          "text_elements": [
            {
              "template_id": "subtitle",
              "content": {
                "text": "Adopting Low-Carbon Technologies"
              }
            },
            {
              "template_id": "paragraph_large",
              "content": {
                "text": "Decarbonizing hard-to-abate sectors like steel and chemicals requires multiple low-carbon technologies. Green hydrogen, produced using renewable energy, is a promising alternative to coal, with the potential to decarbonize hard-to-abate industries (sectors that rely on high-temperature heat or produce process emissions that are difficult to eliminate) such as steel, cement, and chemicals. These industries cannot easily electrify due to the nature of their production processes, making hydrogen a key alternative. Unlike fossil fuels, hydrogen combustion does not release CO2, and it can serve as both a fuel and a feedstock in industrial processes. Hydrogen demand is expected to rise from 55 Mt in 2022 to 70 Mt by 2030. Meanwhile, the electrification of industrial processes must increase. Electricity's share of the sector's energy use grows from 23% to nearly 30% by 2030, with renewable sources playing a key role under the IEA NZE Scenario."
              }
            }
          ]
        }
      }
    },
    {
      "template_id": "text",
      "colorscheme": "light",
      "content": {
        "id": "text",
        "content": {
          "text_elements": [
            {
              "template_id": "paragraph_large",
              "content": {
                "text": "Additionally, Carbon Capture, Utilization, and Storage (CCUS) can mitigate process emissions in sectors where direct electrification is unfeasible, though its adoption remains debated. Emerging solutions like thermal energy storage, heat pumps, and industrial battery systems also enhance energy efficiency. Combining these technologies with previously discussed energy efficiency measures can bring industry emissions close to zero."
              }
            }
          ]
        }
      }
    },
    {
      "template_id": "photo-full-height",
      "colorscheme": "dark",
      "content": {
        "id": "photo-full-height",
        "image": {
          "imageUrl": "https://ik.imagekit.io/seacademy/Photos/Module_5/M5_C4_Outro_1.png"
        }
      }
    },
    {
      "template_id": "text",
      "colorscheme": "light",
      "content": {
        "id": "text",
        "content": {
          "text_elements": [
            {
              "template_id": "subtitle",
              "content": {
                "text": "Global Collaboration and Innovation"
              }
            },
            {
              "template_id": "paragraph_large",
              "content": {
                "text": "Industrial decarbonization requires a mix of incentives and regulations to reduce emissions. Governments can support this transition by investing in research and development, helping local industries adopt affordable low-carbon technologies. Financial incentives, such as concessional loans and subsidies, can ease the high upfront costs of clean energy solutions. Voluntary agreements with businesses can encourage gradual adoption of green practices without stifling industrial growth. Public policies like green procurement can create demand for sustainable products, boosting domestic low-carbon industries. However, regulatory measures must also play a role. Emissions trading systems and carbon pricing can be adapted to local contexts, ensuring they do not disproportionately burden small and medium enterprises. Equally importantly, robust data collection, reporting, and standards are essential to track progress and attract international climate finance."
              }
            }
          ]
        }
      }
    },
    {
      "template_id": "photo-horizontal",
      "colorscheme": "dark",
      "content": {
        "id": "photo-horizontal",
        "image": {
          "src": null,
          "caption": null,
          "url": null
        }
      }
    },
    {
      "template_id": "text",
      "colorscheme": "light",
      "content": {
        "id": "text",
        "content": {
          "text_elements": [
            {
              "template_id": "subtitle",
              "content": {
                "text": "Global Collaboration and Innovation"
              }
            },
            {
              "template_id": "paragraph_large",
              "content": {
                "text": "International cooperation is important for industrial decarbonization. The G7's 2022 climate club initiative and the Breakthrough Agenda started at COP26 are good examples. Similarly, global agreements such as the UAE Consensus (COP28) and the Glasgow Climate Pact (COP26) emphasize the need for technology transfer, finance, and capacity-building to support developing countries in their decarbonization efforts. Support for research, development, and deployment (RD&D) is also needed. Governments and investors should back large projects that test near zero-emission technologies. Acting early in this decade can lower costs and help these technologies spread faster.\u00a0 Strengthening South-South and North-South cooperation, including joint ventures, knowledge sharing, and financing mechanisms, will be key to ensuring an equitable transition for all economies."
              }
            }
          ]
        }
      }
    },
    {
      "template_id": "photo-full-height",
      "colorscheme": "dark",
      "content": {
        "id": "photo-full-height",
        "image": {
          "imageUrl": "https://ik.imagekit.io/seacademy/Photos/Module_5/M5_C2_L1_7.png"
        }
      }
    },
    {
      "template_id": "learning_objectives",
      "colorscheme": "dark",
      "content": {
        "id": "learning_objectives",
        "title": "KEY TAKEAWAYS",
        "intro": "Lesson 1 on THE IMPACT OF ENERGY SYSTEMS ON CLIMATE CHANGE\n",
        "cards": [
          {
            "image": {
              "src": "src",
              "caption": "image caption",
              "url": null
            },
            "title": "High-Temperature Industrial Processes Require Advanced Solutions.",
            "description": "Many industrial processes depend on high-temperature heat and chemical reactions that current low-carbon technologies cannot adequately replace. More than half of the required emissions reductions to achieve net-zero goals hinge on technologies that are still in development, indicating a critical gap in the industrial decarbonization landscape."
          },
          {
            "image": {
              "src": "nature",
              "caption": "image caption",
              "url": null
            },
            "title": "Efficiency Improvements Alone Are Insufficient for Deep Decarbonization.",
            "description": "While enhancing energy and material efficiency through methods like waste heat recovery, cogeneration, and circular economy practices can reduce emissions, they are not enough for achieving deeper decarbonization. Advanced technologies such as green hydrogen, industrial electrification, and Carbon Capture, Utilization, and Storage (CCUS) are essential but face significant obstacles, including high costs, inadequate infrastructure, and slow deployment rates."
          },
          {
            "image": {
              "src": "src",
              "caption": "image caption",
              "url": null
            },
            "title": "Long Asset Lifetimes Challenge Rapid Transition to Low-Carbon Technologies.",
            "description": "The long operational lifetimes of industrial assets complicate the transition to low-carbon alternatives. The inertia created by existing investments in carbon-intensive infrastructure slows the adoption of innovative solutions. Addressing this challenge requires targeted strategies that align investment cycles with emerging low-carbon technologies while fostering supportive policies to facilitate a more rapid transition in the industrial sector."
          }
        ]
      }
    },
    {
      "template_id": "list_of_lessons",
      "colorscheme": "dark",
      "content": {
        "id": "list_of_lessons",
        "title": "What's next in this chapter?",
        "lessons": [
          {
            "cta": "Go to the lesson",
            "image": {
              "src": "src",
              "caption": "image caption",
              "url": null
            },
            "title": "OECD work in support of Industrial Decabornisation\nIndustrial decarbonisation is key to achieving net-zero targets, with manufacturing contributing 40% of global CO\u2082 emissions in 2022. The OECD offers data-driven analysis and policy recommendations to support governments and industries in accelerating this transition.",
            "progress": "not_started"
          },
          {
            "cta": "Go to the lesson",
            "image": {
              "src": "src",
              "caption": "image caption",
              "url": null
            },
            "title": "Industry Decarbonization Evaluation and Learning (E&L) Toolkit\nThis toolkit is designed to  guide and inform the use of evaluation and learning approaches  throughout the lifecycle of the Industry Decarbonization Program, and  associated projects, with the aim of enhancing their transformational  intent and impact. CIF has identified key moments throughout the  Industry Decarbonization program lifecycle where evaluative work can  generate robust evidence to inform learning and action that can increase the program\u2019s potential, and actual results.",
            "progress": "completed"
          },
          {
            "cta": "Go to the lesson",
            "image": {
              "src": "src",
              "caption": "image caption",
              "url": null
            },
            "title": "Industry Trends Report: Decabonization\nInnovation in end-use sectors is vital to the global energy transition; this report explores the benefits that different smart electrification strategies can bring to distribution grids and consumers. ",
            "progress": "completed"
          }
        ]
      }
    }
  ]
}