{
  "id": "6.4.0",
  "segments": [
    {
      "template_id": "chapter_cover",
      "colorscheme": "dark",
      "content": {
        "image": {
          "src": "https://ik.imagekit.io/seacademy/Photos/Module_5/M5_C1_L1_4.png",
          "caption": ""
        },
        "intro": {
          "label": "Chapter",
          "number": "4"
        },
        "title": "SUSTAINABLE ENERGY TRANSFORMATION IN END-USE SECTORS",
        "cta": "Scroll, tab or use your keyboard to move ahead"
      }
    },
    {
      "template_id": "text",
      "colorscheme": "light",
      "content": {
        "text_elements": [
          {
            "template_id": "subtitle",
            "content": {
              "text": "Chapter 4 Overview"
            }
          },
          {
            "template_id": "subtitle",
            "content": {
              "text": "SUSTAINABLE ENERGY FOR CLIMATE ADAPTATION"
            }
          },
          {
            "template_id": "paragraph_large",
            "content": {
              "text": "The shift towards sustainable energy is critical for achieving climate goals and reducing carbon emissions across various end-use sectors, including industry, transport, and residential heating. This transformation relies heavily on the integration of renewable energy sources, electrification, and innovative technologies. According to IRENA’s 1.5°C Scenario, the share of electricity in total final energy consumption must increase from 21% in 2019 to 51% by 2050. This can be achieved by ramping up electric-powered technologies – many of which are available today. Governments around the world should see electrification as a major opportunity to decarbonise end-use sectors, improve energy security and reliability and reduce exposure to the price volatility of imported fuels."
            }
          }
        ]
      }
    },
    {
      "template_id": "photo-horizontal",
      "colorscheme": "light",
      "content": {
        "image": {
          "src": "https://ik.imagekit.io/seacademy/Photos/Module_5/M5_C2_L2_15.png",
          "caption": null,
          "url": null
        }
      }
    },
    {
      "template_id": "list_of_lessons",
      "colorscheme": "dark",
      "content": {
        "title": "What's next in this chapter?",
        "lessons": [
          {
            "cta": "Go to the lesson",
            "image": {
              "src": "https://ik.imagekit.io/seacademy/Photos/Module_5/M5_C1_L1_10.png",
              "caption": "image caption",
              "url": null
            },
            "title": "4.1 Decarbonizing the Industry Sector",
            "progress": "completed"
          },
          {
            "cta": "Go to the lesson",
            "image": {
              "src": "https://ik.imagekit.io/seacademy/Photos/Module_5/M5_C1_Outro_2.png",
              "caption": "image caption",
              "url": null
            },
            "title": "3.2 Sustainable Buildings: Efficiency, Electrification, and Equity",
            "progress": "completed"
          },
          {
            "cta": "Go to the lesson",
            "image": {
              "src": "https://ik.imagekit.io/seacademy/Photos/Module_5/M5_C4_Outro_1.png",
              "caption": "image caption",
              "url": null
            },
            "title": "3.3 Transforming Transport: Electrification and Inclusive Mobility",
            "progress": "not_started"
          },
          {
            "cta": "Go to the lesson",
            "image": {
              "src": "https://ik.imagekit.io/seacademy/Photos/Module_5/M5_C4_Intro_8.png",
              "caption": "image caption",
              "url": null
            },
            "title": "1.4 Opportunities for Digitalization and AI",
            "progress": "not_started"
          },
          {
            "cta": "Go to the lesson",
            "image": {
              "src": "https://ik.imagekit.io/seacademy/Photos/Module_5/M5_C2_Outro_2.png",
              "caption": "image caption",
              "url": null
            },
            "title": "Module conclusion",
            "progress": "not_started"
          }
        ]
      }
    },
    {
      "template_id": "connection_next",
      "colorscheme": "dark",
      "content": {
        "image": {
          "src": "https://ik.imagekit.io/seacademy/Photos/Module_5/M5_C4_L2_16.png",
          "caption": ""
        },
        "intro": "Next up",
        "title": "Lesson 1: Decarbonizing the Industry Sector",
        "nextLessonId": "6.4.1",
        "cta": "Start learning"
      }
    }
  ]
}