{
  "id": "8.0.0",
  "segments": [
    {
      "template_id": "module_cover",
      "content": {
        "image": {
          "src": "https://www.energy.gov/sites/default/files/styles/full_article_width/public/2023-11/GRIP%20Blog%20Posting%20Clean%20Energy%20Solar%20Panels.jpg?itok=5KDc3kxK",
          "caption": ""
        },
        "module": {
          "label": "Module",
          "Number": "8"
        },
        "title": "Module 8 Introduction",
        "cta": "Scroll, tab or use your keyboard to move ahead"
      },
      "colorscheme": "light"
    },
    {
      "template_id": "text",
      "colorscheme": "light",
      "content": {
        "text_elements": [
          {
            "template_id": "subtitle",
            "content": {
              "text": "Module Overview"
            }
          },
          {
            "template_id": "subtitle_small",
            "content": {
              "text": "Numquam dolorem labore aliquam adipisci ut."
            }
          },
          {
            "template_id": "paragraph_large",
            "content": {
              "text": "Dolor quiquia numquam magnam adipisci magnam. Eius numquam tempora etincidunt ipsum. Ipsum dolorem velit quiquia quaerat dolore dolorem sit. Aliquam sit consectetur ut. Aliquam etincidunt quiquia velit quisquam. Etincidunt ipsum adipisci sed velit non neque. Dolore adipisci aliquam tempora velit neque."
            }
          }
        ]
      }
    },
    {
      "template_id": "learning_objectives",
      "content": {
        "title": "Learning Objectives",
        "intro": "Aliquam numquam etincidunt dolorem dolor.",
        "objectives": [
          {
            "image": {
              "src": "https://web14.bernama.com/storage/photos/830db0b0eb59429f4a6f5618134452c963f433bee8a98",
              "caption": ""
            },
            "title": "Tempora velit est aliquam numquam.",
            "description": "Quiquia sed labore quisquam. Neque eius sed eius dolore dolor. Etincidunt dolore aliquam sit sed. Ut velit consectetur non aliquam quiquia. Eius dolorem aliquam neque voluptatem. Consectetur quaerat s"
          },
          {
            "image": {
              "src": "https://www.healthtechdigital.com/wp-content/uploads/Artificial-Intelligence-in-renewable-energy-market-Study-shows-important-fields-of-application.-min.jpg",
              "caption": ""
            },
            "title": "Adipisci quaerat porro quisquam.",
            "description": "Labore quisquam eius magnam dolore amet. Aliquam dolorem sed tempora amet. Amet dolor etincidunt quiquia. Porro non ipsum velit voluptatem quisquam dolore. Quisquam est amet aliquam quiquia. Voluptate"
          },
          {
            "image": {
              "src": "https://imgs.mongabay.com/wp-content/uploads/sites/20/2025/02/18142934/29572133848_45af12a4bb_k-e1737653671184.jpg",
              "caption": ""
            },
            "title": "Ipsum amet modi magnam labore est est quisquam.",
            "description": "Aliquam sed magnam dolor dolore. Est modi velit eius dolorem dolor adipisci. Ipsum neque etincidunt labore non dolor. Est labore eius aliquam voluptatem neque sit ipsum. Dolore amet aliquam adipisci a"
          },
          {
            "image": {
              "src": "https://csis-website-prod.s3.amazonaws.com/s3fs-public/2024-01/AdobeStock_40869586_Crop1.jpg?VersionId=1HVO4O4gG312NydD1v8CElYVGjfLOYtH",
              "caption": ""
            },
            "title": "Dolorem modi sit modi eius.",
            "description": "Porro dolor quiquia magnam sit dolore modi. Tempora labore neque porro. Amet velit ut adipisci sit. Numquam magnam dolor numquam etincidunt tempora. Ipsum voluptatem quisquam sit. Porro ut numquam dol"
          },
          {
            "image": {
              "src": "https://live.staticflickr.com/3775/10838225595_b7d942e452_h.jpg",
              "caption": ""
            },
            "title": "Porro sed ut dolore amet magnam dolore dolorem.",
            "description": "Magnam numquam non magnam ut non amet. Sed velit magnam eius neque ipsum. Numquam labore quiquia quiquia dolor adipisci amet. Labore consectetur porro magnam dolor. Labore est ut non."
          },
          {
            "image": {
              "src": "https://live.staticflickr.com/1552/26342931015_38814fbfac_b.jpg",
              "caption": ""
            },
            "title": "Consectetur consectetur numquam numquam ut labore magnam.",
            "description": "Tempora quisquam aliquam magnam dolor etincidunt modi dolor. Eius dolor aliquam quaerat porro dolorem. Neque labore numquam etincidunt amet quiquia. Quaerat quaerat velit dolorem aliquam. Non tempora "
          }
        ]
      },
      "colorscheme": "dark"
    },
    {
      "template_id": "connection_next",
      "content": {
        "image": {
          "src": "https://csis-website-prod.s3.amazonaws.com/s3fs-public/2024-01/AdobeStock_40869586_Crop1.jpg?VersionId=1HVO4O4gG312NydD1v8CElYVGjfLOYtH",
          "caption": ""
        },
        "intro": "Next up",
        "title": "Chapter 1 Introduction",
        "cta": "Start learning",
        "nextLessonId": "8.1.0"
      }
    }
  ]
}