{
  "id": "8.1.1",
  "segments": [
    {
      "template_id": "lesson_cover",
      "content": {
        "image": {
          "src": "https://www.undp.org/sites/g/files/zskgke326/files/2023-05/1525381088_0.jpg",
          "caption": ""
        },
        "lesson": {
          "label": "Lesson",
          "Number": "1"
        },
        "intro": "M8: Danae | Chapter 1 | Lesson 1",
        "title": "Key Drivers of Future Energy Demand and System Transformation"
      },
      "colorscheme": "dark"
    },
    {
      "template_id": "text",
      "colorscheme": "dark",
      "content": {
        "text_elements": [
          {
            "template_id": "subtitle",
            "content": {
              "text": "Lesson Overview"
            }
          },
          {
            "template_id": "subtitle_small",
            "content": {
              "text": "Amet velit est amet non."
            }
          },
          {
            "template_id": "paragraph_large",
            "content": {
              "text": "Non ipsum modi velit. Voluptatem magnam labore numquam. Quaerat tempora ut sit non neque. Dolor etincidunt numquam dolor ipsum. Dolore numquam quiquia est numquam non neque adipisci. Sed est eius non adipisci. Dolor quaerat velit quaerat ipsum aliquam. Quisquam adipisci eius labore eius etincidunt ipsum."
            }
          }
        ]
      }
    },
    {
      "template_id": "key_concepts",
      "color_scheme": "dark",
      "content": {
        "title": "Key Concepts",
        "intro": "Lorem ipsum",
        "concepts": [
          {
            "title": "Quiquia velit magnam",
            "body": "Quiquia ut modi amet porro. Voluptatem non sed sit neque ut. Tempora sed numquam sed est numquam sit. Est est numquam aliquam ut. Dolorem dolor non etincidunt. Numquam etincidunt tempora dolorem adipisci ipsum. Velit porro aliquam non tempora dolor d",
            "source": "-International Development Organization"
          },
          {
            "title": "Quaerat magnam ut te",
            "body": "Dolorem numquam voluptatem ipsum non dolor modi. Non dolore modi non aliquam. Dolore magnam velit voluptatem quaerat. Numquam quisquam quiquia aliquam modi dolorem dolor tempora. Adipisci dolor eius dolore. Dolore quaerat modi velit porro dolore quiq",
            "source": ""
          },
          {
            "title": "Velit adipisci amet ",
            "body": "Sit est dolorem ut numquam. Etincidunt tempora est velit sit. Sit velit velit sed. Labore quaerat quaerat etincidunt. Amet dolorem ut neque. Est porro amet numquam non ipsum. Non quaerat labore labore. Neque dolorem neque quiquia quisquam. Consectetu",
            "source": ""
          }
        ]
      },
      "colorscheme": "light"
    },
    {
      "template_id": "photo_full_height",
      "colorscheme": "dark",
      "content": {
        "image": {
          "src": "https://www.undp.org/sites/g/files/zskgke326/files/2023-05/1525381088_0.jpg",
          "caption": ""
        }
      }
    },
    {
      "template_id": "text",
      "colorscheme": "dark",
      "content": {
        "text_elements": [
          {
            "template_id": "subtitle",
            "content": {
              "text": "Adipisci dolorem eius velit ipsum ipsum quaerat"
            }
          },
          {
            "template_id": "paragraph_medium",
            "content": {
              "text": "Dolorem amet ut eius. Modi velit magnam dolorem modi sit. Labore etincidunt tempora dolorem est. Dolor quiquia labore dolore dolorem numquam sit aliquam. Tempora magnam quaerat numquam dolorem modi porro quisquam. Quaerat dolorem ut non magnam eius sed dolor. Ipsum sit est dolorem neque modi modi voluptatem."
            }
          }
        ]
      }
    },
    {
      "template_id": "key_takeaways",
      "content": {
        "title": "Key Takeaways",
        "intro": "Etincidunt ut dolor porro.",
        "takeaways": [
          {
            "image": {
              "src": "https://iea.imgix.net/5860051d-c92e-4fea-8a90-12bf5334dbef/Renewables_2023_shutterstock_1527609272.jpg",
              "caption": ""
            },
            "title": "Labore...",
            "description": "Adipisci amet etincidunt quaerat quisquam. Tempora sed labore dolor quiquia dolorem. Numquam velit ut dolor adipisci. Sit modi porro est numquam. Sed sed magnam voluptatem etincidunt magnam sed. Adipisci dolor ut amet labore etincidunt."
          },
          {
            "image": {
              "src": "https://live.staticflickr.com/1552/26342931015_38814fbfac_b.jpg",
              "caption": ""
            },
            "title": "Numquam...",
            "description": "Numquam quaerat modi consectetur neque. Modi numquam non modi velit dolor est. Porro quiquia sit ut eius. Labore porro dolorem dolor modi tempora dolore. Amet numquam dolore quaerat porro aliquam."
          },
          {
            "image": {
              "src": "https://www.resusenergy.lk/images/Resus_Enegry_Images/Project_Images/mahiyagnanaya/dji_0008.jpg",
              "caption": ""
            },
            "title": "Ipsum...",
            "description": "Est magnam amet dolor magnam. Dolorem modi non est eius. Ipsum modi tempora velit sed consectetur. Neque dolorem velit est neque numquam. Dolore consectetur quiquia ut ut est modi modi. Ipsum neque sed velit numquam adipisci. Velit modi ipsum consectetur aliquam."
          }
        ]
      },
      "colorscheme": "light"
    },
    {
      "template_id": "key_resources",
      "content": {
        "title": "Key Resources",
        "resources": [
          {
            "image": {
              "src": "https://live.staticflickr.com/3775/10838225595_b7d942e452_h.jpg",
              "caption": ""
            },
            "text": "Amet...",
            "cta": "Click to download",
            "href": "https://www.undp.org/publications/undps-energy-strategy"
          },
          {
            "image": {
              "src": "https://live.staticflickr.com/3775/10838225595_b7d942e452_h.jpg",
              "caption": ""
            },
            "text": "Sit...",
            "cta": "Click to download",
            "href": "https://www.undp.org/publications/undps-energy-strategy"
          },
          {
            "image": {
              "src": "https://imgs.mongabay.com/wp-content/uploads/sites/20/2025/02/18142934/29572133848_45af12a4bb_k-e1737653671184.jpg",
              "caption": ""
            },
            "text": "Ut...",
            "cta": "Click to download",
            "href": "https://www.undp.org/publications/undps-energy-strategy"
          }
        ],
        "intro": "Dolor eius quaerat sed dolor labore."
      },
      "colorscheme": "dark"
    },
    {
      "template_id": "connection_next",
      "content": {
        "image": {
          "src": "https://imgs.mongabay.com/wp-content/uploads/sites/20/2025/02/18142934/29572133848_45af12a4bb_k-e1737653671184.jpg",
          "caption": ""
        },
        "intro": "Next up",
        "title": "The Changing Landscape of Energy Supply: Resources, Markets, and Policies",
        "cta": "Start learning",
        "nextLessonId": "8.1.2"
      }
    }
  ]
}