{
  "id": "8.1.2",
  "segments": [
    {
      "template_id": "lesson_cover",
      "content": {
        "image": {
          "src": "https://imgs.mongabay.com/wp-content/uploads/sites/20/2025/02/18142934/29572133848_45af12a4bb_k-e1737653671184.jpg",
          "caption": ""
        },
        "lesson": {
          "label": "Lesson",
          "Number": "2"
        },
        "intro": "M8: Danae | Chapter 1 | Lesson 2",
        "title": "The Changing Landscape of Energy Supply: Resources, Markets, and Policies"
      },
      "colorscheme": "dark"
    },
    {
      "template_id": "text",
      "colorscheme": "light",
      "content": {
        "text_elements": [
          {
            "template_id": "subtitle",
            "content": {
              "text": "Lesson Overview"
            }
          },
          {
            "template_id": "subtitle_small",
            "content": {
              "text": "Magnam modi quaerat tempora modi."
            }
          },
          {
            "template_id": "paragraph_large",
            "content": {
              "text": "Eius ut velit ut adipisci ipsum adipisci. Dolorem modi porro tempora non dolorem consectetur. Non porro labore eius voluptatem dolor dolor modi. Sed voluptatem etincidunt tempora ut velit dolorem. Velit dolorem modi etincidunt sed amet quisquam."
            }
          }
        ]
      }
    },
    {
      "template_id": "key_concepts",
      "color_scheme": "dark",
      "content": {
        "title": "Key Concepts",
        "intro": "Lorem ipsum",
        "concepts": [
          {
            "title": "Non tempora non quis",
            "body": "Voluptatem neque dolorem numquam non ipsum dolor amet. Modi eius sed voluptatem quiquia. Ipsum ut tempora etincidunt. Ipsum porro quisquam adipisci est quaerat. Sed voluptatem non porro numquam eius. Quisquam eius velit sit ut. Sed est labore labore ",
            "source": "-International Development Organization"
          },
          {
            "title": "Voluptatem ipsum est",
            "body": "Velit tempora modi dolor adipisci. Dolorem ut voluptatem est labore. Voluptatem dolor numquam eius. Neque modi quiquia tempora magnam quaerat eius. Modi amet quaerat ipsum ut voluptatem. Labore etincidunt numquam quiquia ipsum voluptatem. Numquam eiu",
            "source": ""
          },
          {
            "title": "Dolore eius magnam m",
            "body": "Quisquam quaerat etincidunt consectetur quaerat etincidunt dolorem. Non etincidunt consectetur velit porro ut. Tempora dolore labore consectetur tempora labore numquam. Modi quiquia dolore non ut. Numquam quisquam aliquam labore aliquam. Numquam magn",
            "source": ""
          }
        ]
      },
      "colorscheme": "dark"
    },
    {
      "template_id": "photo_full_height",
      "colorscheme": "dark",
      "content": {
        "image": {
          "src": "https://imgs.mongabay.com/wp-content/uploads/sites/20/2025/02/18142934/29572133848_45af12a4bb_k-e1737653671184.jpg",
          "caption": ""
        }
      }
    },
    {
      "template_id": "text",
      "colorscheme": "dark",
      "content": {
        "text_elements": [
          {
            "template_id": "subtitle",
            "content": {
              "text": "Dolorem aliquam sed est dolor non"
            }
          },
          {
            "template_id": "paragraph_medium",
            "content": {
              "text": "Etincidunt sit aliquam sit ut. Consectetur ipsum neque ut dolore. Velit labore porro consectetur ut ut sit dolor. Tempora aliquam magnam dolorem quiquia dolorem etincidunt voluptatem. Ut neque porro quaerat quaerat ipsum ipsum quiquia."
            }
          }
        ]
      }
    },
    {
      "template_id": "key_takeaways",
      "content": {
        "title": "Key Takeaways",
        "intro": "Quisquam etincidunt aliquam aliquam sit.",
        "takeaways": [
          {
            "image": {
              "src": "https://www.resusenergy.lk/images/Resus_Enegry_Images/Project_Images/mahiyagnanaya/dji_0008.jpg",
              "caption": ""
            },
            "title": "Sit...",
            "description": "Quiquia modi neque neque voluptatem quiquia sit. Velit amet modi quaerat labore magnam velit eius. Neque est consectetur sed est est dolor neque. Porro consectetur sed tempora eius est. Ipsum sit tempora consectetur non magnam."
          },
          {
            "image": {
              "src": "https://cdn.prod.website-files.com/6487341142c5367c3cefe169/670703187e5c652197eacf42_Energy.png",
              "caption": ""
            },
            "title": "Labore...",
            "description": "Tempora tempora labore sed dolor dolor. Tempora quiquia quisquam quaerat quisquam est numquam. Amet ut modi etincidunt modi sed ipsum. Aliquam dolore neque dolorem. Ut est dolorem porro velit magnam. Voluptatem quisquam dolor adipisci amet. Quiquia amet voluptatem aliquam quisquam velit modi. Voluptatem quiquia modi numquam sed ut porro."
          },
          {
            "image": {
              "src": "https://coolermed.com/wp-content/uploads/2023/02/what-is-sustainable-energy-how-to-apply-it-to-medical-use.jpg",
              "caption": ""
            },
            "title": "Etincidunt...",
            "description": "Amet eius quaerat quaerat quaerat consectetur non ipsum. Numquam labore sed labore. Quiquia etincidunt ut dolorem. Tempora dolorem consectetur est numquam quaerat dolore etincidunt. Numquam est ipsum etincidunt dolore sed. Etincidunt quisquam ipsum voluptatem quiquia. Sit aliquam sed est porro. Numquam modi neque eius voluptatem porro modi quiquia. Dolorem porro porro sed consectetur. Neque etincidunt aliquam numquam velit."
          }
        ]
      },
      "colorscheme": "dark"
    },
    {
      "template_id": "key_resources",
      "content": {
        "title": "Key Resources",
        "resources": [
          {
            "image": {
              "src": "https://www.undp.org/sites/g/files/zskgke326/files/2022-07/UNDP-Peru-2018_rural_solar_04-Photo%20UNDP%20Peru-Monica%20Sua%CC%81rez%20Galindo.jpg",
              "caption": ""
            },
            "text": "Amet...",
            "cta": "Click to download",
            "href": "https://www.undp.org/publications/undps-energy-strategy"
          },
          {
            "image": {
              "src": "https://web14.bernama.com/storage/photos/830db0b0eb59429f4a6f5618134452c963f433bee8a98",
              "caption": ""
            },
            "text": "Dolor...",
            "cta": "Click to download",
            "href": "https://www.undp.org/publications/undps-energy-strategy"
          },
          {
            "image": {
              "src": "https://live.staticflickr.com/1552/26342931015_38814fbfac_b.jpg",
              "caption": ""
            },
            "text": "Quaerat...",
            "cta": "Click to download",
            "href": "https://www.undp.org/publications/undps-energy-strategy"
          }
        ],
        "intro": "Ut dolorem dolore adipisci porro."
      },
      "colorscheme": "dark"
    },
    {
      "template_id": "connection_next",
      "content": {
        "image": {
          "src": "https://imgs.mongabay.com/wp-content/uploads/sites/20/2025/02/18142934/29572133848_45af12a4bb_k-e1737653671184.jpg",
          "caption": ""
        },
        "intro": "Next up",
        "title": "Challenges, Tipping Points and Solutions in Renewable Energy",
        "cta": "Start learning",
        "nextLessonId": "8.1.3"
      }
    }
  ]
}