{
  "id": "8.1.0",
  "segments": [
    {
      "template_id": "chapter_cover",
      "content": {
        "image": {
          "src": "https://www.energy.gov/sites/default/files/styles/full_article_width/public/2023-11/GRIP%20Blog%20Posting%20Clean%20Energy%20Solar%20Panels.jpg?itok=5KDc3kxK",
          "caption": ""
        },
        "chapter": {
          "label": "Chapter",
          "Number": "1"
        },
        "intro": "Just Energy Transition | chapter 1",
        "title": "Chapter 1 Introduction",
        "cta": "Scroll, tab or use your keyboard to move ahead",
        "subtitle": "M8: Danae | Chapter 1"
      },
      "colorscheme": "light"
    },
    {
      "template_id": "text",
      "colorscheme": "light",
      "content": {
        "text_elements": [
          {
            "template_id": "subtitle",
            "content": {
              "text": "Chapter Overview"
            }
          },
          {
            "template_id": "subtitle_small",
            "content": {
              "text": "Aliquam quiquia neque modi porro."
            }
          },
          {
            "template_id": "paragraph_large",
            "content": {
              "text": "Labore ipsum quisquam porro dolorem neque dolore adipisci. Adipisci ipsum amet quiquia velit quiquia velit. Consectetur consectetur sed ipsum adipisci est. Tempora tempora adipisci dolor voluptatem velit velit quisquam. Numquam voluptatem aliquam ipsum magnam non modi. Modi ut labore ipsum quisquam dolor numquam. Numquam ipsum magnam quisquam. Eius modi sed velit sit neque magnam. Est dolor quaerat magnam est. Porro dolor tempora velit est ipsum quiquia dolore."
            }
          }
        ]
      }
    },
    {
      "template_id": "list_of_lessons",
      "content": {
        "title": "What's next in this chapter?",
        "lessons": [
          {
            "cta": "Go to the lesson",
            "description": "Dolor non voluptatem magnam quiquia quaerat amet.",
            "lessonId": "8.1.1",
            "image": {
              "src": "https://imgs.mongabay.com/wp-content/uploads/sites/20/2025/02/18142934/29572133848_45af12a4bb_k-e1737653671184.jpg",
              "caption": ""
            },
            "title": "Key Drivers of Future Energy Demand and System Transformation",
            "type": "Lesson",
            "progress": "in_progress"
          },
          {
            "cta": "Go to the lesson",
            "description": "Amet etincidunt amet numquam dolor.",
            "lessonId": "8.1.2",
            "image": {
              "src": "https://web14.bernama.com/storage/photos/830db0b0eb59429f4a6f5618134452c963f433bee8a98",
              "caption": ""
            },
            "title": "The Changing Landscape of Energy Supply: Resources, Markets, and Policies",
            "type": "Lesson",
            "progress": "not_started"
          },
          {
            "cta": "Go to the lesson",
            "description": "Tempora sed dolor neque neque eius.",
            "lessonId": "8.1.3",
            "image": {
              "src": "https://live.staticflickr.com/5504/14454539704_b8910261c0_b.jpg",
              "caption": ""
            },
            "title": "Challenges, Tipping Points and Solutions in Renewable Energy",
            "type": "Lesson",
            "progress": "completed"
          }
        ]
      },
      "colorscheme": "light"
    },
    {
      "template_id": "connection_next",
      "content": {
        "image": {
          "src": "https://www.undp.org/sites/g/files/zskgke326/files/2023-05/1525381088_0.jpg",
          "caption": ""
        },
        "intro": "Next up",
        "title": "Key Drivers of Future Energy Demand and System Transformation",
        "cta": "Start learning",
        "nextLessonId": "8.1.1"
      }
    }
  ]
}