{
  "id": "8.1.3",
  "segments": [
    {
      "template_id": "lesson_cover",
      "content": {
        "image": {
          "src": "https://csis-website-prod.s3.amazonaws.com/s3fs-public/2024-01/AdobeStock_40869586_Crop1.jpg?VersionId=1HVO4O4gG312NydD1v8CElYVGjfLOYtH",
          "caption": ""
        },
        "lesson": {
          "label": "Lesson",
          "Number": "3"
        },
        "intro": "M8: Danae | Chapter 1 | Lesson 3",
        "title": "Challenges, Tipping Points and Solutions in Renewable Energy"
      },
      "colorscheme": "light"
    },
    {
      "template_id": "text",
      "colorscheme": "light",
      "content": {
        "text_elements": [
          {
            "template_id": "subtitle",
            "content": {
              "text": "Lesson Overview"
            }
          },
          {
            "template_id": "subtitle_small",
            "content": {
              "text": "Est ipsum ut aliquam dolore neque adipisci aliquam."
            }
          },
          {
            "template_id": "paragraph_large",
            "content": {
              "text": "Tempora ipsum etincidunt porro aliquam consectetur velit. Est sit est sit consectetur adipisci adipisci quiquia. Tempora sit magnam eius. Voluptatem quisquam sed velit porro. Dolor dolore voluptatem neque numquam quiquia tempora. Dolor magnam tempora est adipisci amet. Quaerat eius dolorem tempora adipisci velit magnam. Est dolorem modi etincidunt. Etincidunt quiquia tempora ut quaerat voluptatem."
            }
          }
        ]
      }
    },
    {
      "template_id": "key_concepts",
      "color_scheme": "dark",
      "content": {
        "title": "Key Concepts",
        "intro": "Lorem ipsum",
        "concepts": [
          {
            "title": "Dolore consectetur n",
            "body": "Dolorem neque numquam ut amet etincidunt dolor. Velit est labore porro. Neque porro modi sit dolor dolorem. Porro tempora velit ipsum velit dolor. Dolor quisquam numquam dolor quiquia amet numquam sed. Eius ut labore modi neque. Ut dolore modi ipsum.",
            "source": "-International Development Organization"
          },
          {
            "title": "Amet quisquam volupt",
            "body": "Non sit porro etincidunt magnam. Consectetur amet ipsum ipsum ut sed neque quisquam. Labore sit labore dolore eius. Voluptatem dolore sit dolor. Numquam quisquam adipisci sed. Est amet labore quiquia quaerat ut voluptatem sit.",
            "source": ""
          },
          {
            "title": "Aliquam adipisci num",
            "body": "Adipisci modi non quisquam modi adipisci. Ut dolorem ut labore quaerat ut consectetur neque. Consectetur porro aliquam porro. Quisquam quaerat consectetur etincidunt. Dolore velit quisquam eius quiquia dolore amet labore.",
            "source": ""
          }
        ]
      },
      "colorscheme": "dark"
    },
    {
      "template_id": "photo_full_height",
      "colorscheme": "light",
      "content": {
        "image": {
          "src": "https://csis-website-prod.s3.amazonaws.com/s3fs-public/2024-01/AdobeStock_40869586_Crop1.jpg?VersionId=1HVO4O4gG312NydD1v8CElYVGjfLOYtH",
          "caption": ""
        }
      }
    },
    {
      "template_id": "text",
      "colorscheme": "light",
      "content": {
        "text_elements": [
          {
            "template_id": "subtitle",
            "content": {
              "text": "Etincidunt magnam non ut amet amet velit consectetur"
            }
          },
          {
            "template_id": "paragraph_medium",
            "content": {
              "text": "Velit ipsum numquam est voluptatem tempora sit. Velit ipsum etincidunt dolor non tempora modi voluptatem. Amet neque est sit. Etincidunt numquam sit ipsum. Magnam est sed dolor est magnam dolore consectetur. Sed tempora quiquia adipisci etincidunt. Quaerat ipsum non dolorem porro modi numquam. Dolorem porro sit magnam numquam. Neque sed ipsum voluptatem amet. Ipsum ipsum dolor voluptatem voluptatem sed."
            }
          }
        ]
      }
    },
    {
      "template_id": "key_takeaways",
      "content": {
        "title": "Key Takeaways",
        "intro": "Dolore ipsum porro neque sed modi.",
        "takeaways": [
          {
            "image": {
              "src": "https://cdn.prod.website-files.com/6487341142c5367c3cefe169/670703187e5c652197eacf42_Energy.png",
              "caption": ""
            },
            "title": "Dolore...",
            "description": "Quiquia non labore dolor neque porro etincidunt consectetur. Modi numquam ut quiquia. Consectetur neque etincidunt voluptatem dolor. Neque ipsum numquam labore sed adipisci velit dolorem. Amet numquam eius porro sed dolore. Ipsum magnam numquam voluptatem amet. Tempora velit velit quiquia non."
          },
          {
            "image": {
              "src": "https://web14.bernama.com/storage/photos/830db0b0eb59429f4a6f5618134452c963f433bee8a98",
              "caption": ""
            },
            "title": "Eius...",
            "description": "Tempora quisquam modi ut. Numquam velit neque modi adipisci velit quaerat aliquam. Velit velit est non dolore etincidunt. Voluptatem adipisci velit labore. Ipsum ipsum numquam eius. Dolore ipsum ipsum consectetur adipisci neque porro non. Quisquam etincidunt etincidunt neque numquam."
          },
          {
            "image": {
              "src": "https://live.staticflickr.com/3775/10838225595_b7d942e452_h.jpg",
              "caption": ""
            },
            "title": "Neque...",
            "description": "Amet numquam dolor consectetur ipsum. Modi quiquia sit quisquam velit eius numquam. Modi adipisci quisquam ipsum ipsum. Amet numquam dolor numquam sit magnam etincidunt etincidunt. Ipsum dolor ipsum aliquam amet dolore eius. Ipsum quiquia quiquia velit est quaerat consectetur."
          }
        ]
      },
      "colorscheme": "dark"
    },
    {
      "template_id": "key_resources",
      "content": {
        "title": "Key Resources",
        "resources": [
          {
            "image": {
              "src": "https://www.powerengineeringint.com/wp-content/uploads/2024/04/renewable-energy_cybersecurity.jpg",
              "caption": ""
            },
            "text": "Non...",
            "cta": "Click to download",
            "href": "https://www.undp.org/publications/undps-energy-strategy"
          },
          {
            "image": {
              "src": "https://web14.bernama.com/storage/photos/830db0b0eb59429f4a6f5618134452c963f433bee8a98",
              "caption": ""
            },
            "text": "Eius...",
            "cta": "Click to download",
            "href": "https://www.undp.org/publications/undps-energy-strategy"
          },
          {
            "image": {
              "src": "https://csis-website-prod.s3.amazonaws.com/s3fs-public/2024-01/AdobeStock_40869586_Crop1.jpg?VersionId=1HVO4O4gG312NydD1v8CElYVGjfLOYtH",
              "caption": ""
            },
            "text": "Sed...",
            "cta": "Click to download",
            "href": "https://www.undp.org/publications/undps-energy-strategy"
          }
        ],
        "intro": "Labore velit voluptatem amet eius."
      },
      "colorscheme": "light"
    },
    {
      "template_id": "connection_next",
      "content": {
        "image": {
          "src": "https://www.energy.gov/sites/default/files/styles/full_article_width/public/2023-11/GRIP%20Blog%20Posting%20Clean%20Energy%20Solar%20Panels.jpg?itok=5KDc3kxK",
          "caption": ""
        },
        "intro": "Next up",
        "title": "Chapter 1 Outro",
        "cta": "Start learning",
        "nextLessonId": "8.1.-1"
      }
    }
  ]
}