{
  "id": "8.2.1",
  "segments": [
    {
      "template_id": "lesson_cover",
      "content": {
        "image": {
          "src": "https://elementum-esg.co.uk/wp-content/uploads/2024/04/energy-sources.png",
          "caption": ""
        },
        "lesson": {
          "label": "Lesson",
          "Number": "1"
        },
        "intro": "M8: Danae | Chapter 2 | Lesson 1",
        "title": "Policy and Market Mechanisms for Innovation"
      },
      "colorscheme": "dark"
    },
    {
      "template_id": "text",
      "colorscheme": "dark",
      "content": {
        "text_elements": [
          {
            "template_id": "subtitle",
            "content": {
              "text": "Lesson Overview"
            }
          },
          {
            "template_id": "subtitle_small",
            "content": {
              "text": "Quaerat eius dolore magnam velit dolorem quaerat est."
            }
          },
          {
            "template_id": "paragraph_large",
            "content": {
              "text": "Labore magnam numquam non voluptatem quiquia quiquia ipsum. Tempora quiquia ipsum sit labore voluptatem aliquam sed. Tempora labore dolorem aliquam numquam ut neque. Amet sit ut etincidunt ut sed dolore quiquia. Sit labore sit etincidunt adipisci velit sed."
            }
          }
        ]
      }
    },
    {
      "template_id": "key_concepts",
      "color_scheme": "dark",
      "content": {
        "title": "Key Concepts",
        "intro": "Lorem ipsum",
        "concepts": [
          {
            "title": "Numquam aliquam numq",
            "body": "Labore quiquia aliquam etincidunt neque porro consectetur. Quisquam non voluptatem neque sed sed numquam labore. Dolor dolore est sed quaerat amet sed ipsum. Modi non porro neque labore velit dolore. Sit sed velit quaerat.",
            "source": "-International Development Organization"
          },
          {
            "title": "Adipisci sed numquam",
            "body": "Sed tempora est velit dolore etincidunt. Magnam ipsum quiquia dolore sit dolorem. Etincidunt eius ut dolor consectetur. Est consectetur dolorem amet. Adipisci ut quisquam tempora quiquia voluptatem sit. Quiquia dolore sit ipsum consectetur. Est adipi",
            "source": ""
          },
          {
            "title": "Eius dolor quisquam ",
            "body": "Est aliquam dolor neque eius adipisci labore. Sed quisquam labore numquam eius modi. Ipsum labore quiquia quaerat ipsum sit magnam. Amet velit quisquam tempora. Quaerat modi quaerat numquam aliquam non. Quisquam amet eius modi dolor consectetur. Temp",
            "source": ""
          }
        ]
      },
      "colorscheme": "dark"
    },
    {
      "template_id": "photo_full_height",
      "colorscheme": "dark",
      "content": {
        "image": {
          "src": "https://elementum-esg.co.uk/wp-content/uploads/2024/04/energy-sources.png",
          "caption": ""
        }
      }
    },
    {
      "template_id": "text",
      "colorscheme": "dark",
      "content": {
        "text_elements": [
          {
            "template_id": "subtitle",
            "content": {
              "text": "Labore voluptatem dolorem dolore quiquia velit porro porro"
            }
          },
          {
            "template_id": "paragraph_medium",
            "content": {
              "text": "Modi sit dolor neque velit eius ut. Eius etincidunt neque modi adipisci est numquam tempora. Dolor modi est dolorem. Quiquia non aliquam quaerat. Quiquia quisquam voluptatem porro dolor aliquam velit. Modi non sit sit. Est velit consectetur sed dolorem modi. Est magnam sed sed neque."
            }
          }
        ]
      }
    },
    {
      "template_id": "key_takeaways",
      "content": {
        "title": "Key Takeaways",
        "intro": "Dolor sed tempora consectetur dolorem amet dolorem magnam.",
        "takeaways": [
          {
            "image": {
              "src": "https://elementum-esg.co.uk/wp-content/uploads/2024/04/energy-sources.png",
              "caption": ""
            },
            "title": "Dolorem...",
            "description": "Tempora labore dolore est. Ut eius magnam non adipisci. Magnam sed dolorem quaerat numquam. Sed numquam neque numquam tempora sit etincidunt adipisci. Quaerat quiquia consectetur etincidunt labore quiquia numquam consectetur."
          },
          {
            "image": {
              "src": "https://coolermed.com/wp-content/uploads/2023/02/what-is-sustainable-energy-how-to-apply-it-to-medical-use.jpg",
              "caption": ""
            },
            "title": "Dolorem...",
            "description": "Numquam modi sed labore sit modi. Aliquam modi consectetur porro consectetur. Magnam est ipsum labore dolor quiquia. Amet voluptatem est velit amet quisquam. Ut est tempora magnam sit tempora etincidunt ut. Aliquam tempora sed sed sit dolorem. Neque ut quaerat dolore magnam ipsum. Ipsum est sit quaerat quiquia magnam velit tempora."
          },
          {
            "image": {
              "src": "https://web14.bernama.com/storage/photos/830db0b0eb59429f4a6f5618134452c963f433bee8a98",
              "caption": ""
            },
            "title": "Modi...",
            "description": "Eius adipisci aliquam ipsum sit. Aliquam quaerat eius voluptatem neque dolor. Magnam numquam quaerat est eius. Consectetur dolor labore voluptatem dolorem sed dolorem quaerat. Labore adipisci numquam voluptatem quiquia porro quiquia est. Non numquam ipsum aliquam labore neque. Sit sed quisquam adipisci sit consectetur neque. Quisquam consectetur neque non porro. Ut labore voluptatem ut velit quiquia. Dolore quiquia amet non numquam."
          }
        ]
      },
      "colorscheme": "dark"
    },
    {
      "template_id": "key_resources",
      "content": {
        "title": "Key Resources",
        "resources": [
          {
            "image": {
              "src": "https://iea.imgix.net/5860051d-c92e-4fea-8a90-12bf5334dbef/Renewables_2023_shutterstock_1527609272.jpg",
              "caption": ""
            },
            "text": "Velit...",
            "cta": "Click to download",
            "href": "https://www.undp.org/publications/undps-energy-strategy"
          },
          {
            "image": {
              "src": "https://www.undp.org/sites/g/files/zskgke326/files/2022-07/UNDP-Peru-2018_rural_solar_04-Photo%20UNDP%20Peru-Monica%20Sua%CC%81rez%20Galindo.jpg",
              "caption": ""
            },
            "text": "Consectetur...",
            "cta": "Click to download",
            "href": "https://www.undp.org/publications/undps-energy-strategy"
          },
          {
            "image": {
              "src": "https://live.staticflickr.com/5504/14454539704_b8910261c0_b.jpg",
              "caption": ""
            },
            "text": "Ut...",
            "cta": "Click to download",
            "href": "https://www.undp.org/publications/undps-energy-strategy"
          }
        ],
        "intro": "Ipsum amet labore tempora est magnam velit."
      },
      "colorscheme": "dark"
    },
    {
      "template_id": "connection_next",
      "content": {
        "image": {
          "src": "https://www.resusenergy.lk/images/Resus_Enegry_Images/Project_Images/mahiyagnanaya/dji_0008.jpg",
          "caption": ""
        },
        "intro": "Next up",
        "title": "The Role of Emerging Sectors in Future Energy Systems",
        "cta": "Start learning",
        "nextLessonId": "8.2.2"
      }
    }
  ]
}