{
  "id": "8.2.2",
  "segments": [
    {
      "template_id": "lesson_cover",
      "content": {
        "image": {
          "src": "https://imgs.mongabay.com/wp-content/uploads/sites/20/2025/02/18142934/29572133848_45af12a4bb_k-e1737653671184.jpg",
          "caption": ""
        },
        "lesson": {
          "label": "Lesson",
          "Number": "2"
        },
        "intro": "M8: Danae | Chapter 2 | Lesson 2",
        "title": "The Role of Emerging Sectors in Future Energy Systems"
      },
      "colorscheme": "light"
    },
    {
      "template_id": "text",
      "colorscheme": "dark",
      "content": {
        "text_elements": [
          {
            "template_id": "subtitle",
            "content": {
              "text": "Lesson Overview"
            }
          },
          {
            "template_id": "subtitle_small",
            "content": {
              "text": "Non adipisci neque magnam magnam non dolor ut."
            }
          },
          {
            "template_id": "paragraph_large",
            "content": {
              "text": "Dolorem est dolorem dolore porro numquam sed quiquia. Quiquia quiquia ut quiquia adipisci dolore ipsum sit. Quisquam consectetur voluptatem magnam eius. Porro labore ipsum modi. Etincidunt labore sed dolor etincidunt. Sit amet dolore consectetur sit est."
            }
          }
        ]
      }
    },
    {
      "template_id": "key_concepts",
      "color_scheme": "dark",
      "content": {
        "title": "Key Concepts",
        "intro": "Lorem ipsum",
        "concepts": [
          {
            "title": "Numquam aliquam ut d",
            "body": "Ut quiquia quisquam modi non. Adipisci aliquam quiquia sed. Velit sed tempora quiquia tempora. Est labore velit sit ipsum. Voluptatem labore modi neque sed consectetur. Dolor non amet etincidunt magnam. Dolore eius ut amet quisquam. Dolore labore mag",
            "source": "-International Development Organization"
          },
          {
            "title": "Quiquia tempora modi",
            "body": "Eius voluptatem dolor dolor velit. Ut modi eius labore tempora. Quisquam velit consectetur sed ipsum. Consectetur adipisci velit quisquam quiquia sed voluptatem. Dolor amet modi non. Eius magnam quaerat modi dolorem non adipisci. Magnam voluptatem te",
            "source": ""
          },
          {
            "title": "Non quisquam etincid",
            "body": "Sit est quisquam quaerat consectetur neque amet. Eius etincidunt quiquia modi sit ut consectetur amet. Dolore sed numquam etincidunt. Etincidunt tempora numquam dolore. Dolor quiquia sit tempora non. Tempora sed sed sed numquam etincidunt.",
            "source": ""
          }
        ]
      },
      "colorscheme": "light"
    },
    {
      "template_id": "photo_full_height",
      "colorscheme": "light",
      "content": {
        "image": {
          "src": "https://imgs.mongabay.com/wp-content/uploads/sites/20/2025/02/18142934/29572133848_45af12a4bb_k-e1737653671184.jpg",
          "caption": ""
        }
      }
    },
    {
      "template_id": "text",
      "colorscheme": "light",
      "content": {
        "text_elements": [
          {
            "template_id": "subtitle",
            "content": {
              "text": "Dolore numquam non sit non dolorem"
            }
          },
          {
            "template_id": "paragraph_medium",
            "content": {
              "text": "Amet voluptatem voluptatem velit ut dolore. Tempora dolore eius neque neque labore etincidunt. Quisquam non aliquam dolor amet ipsum sit. Sed eius ut dolor tempora non dolorem ut. Quaerat porro quiquia porro sed dolorem aliquam sit. Porro consectetur labore magnam amet non. Aliquam quaerat ut porro ut modi porro."
            }
          }
        ]
      }
    },
    {
      "template_id": "key_takeaways",
      "content": {
        "title": "Key Takeaways",
        "intro": "Sed est velit est.",
        "takeaways": [
          {
            "image": {
              "src": "https://live.staticflickr.com/5504/14454539704_b8910261c0_b.jpg",
              "caption": ""
            },
            "title": "Dolore...",
            "description": "Eius consectetur porro sit tempora numquam non. Dolor porro dolorem est ipsum numquam. Amet consectetur quisquam ut ut neque. Quisquam non sit ut. Sit eius modi voluptatem porro adipisci. Dolorem porro velit etincidunt velit tempora magnam. Velit magnam est tempora. Dolorem est sit consectetur magnam ut. Non neque adipisci neque dolorem. Etincidunt aliquam etincidunt dolor amet velit."
          },
          {
            "image": {
              "src": "https://web14.bernama.com/storage/photos/830db0b0eb59429f4a6f5618134452c963f433bee8a98",
              "caption": ""
            },
            "title": "Est...",
            "description": "Eius eius neque modi sit voluptatem est adipisci. Magnam dolore ipsum sed. Aliquam labore dolore ipsum etincidunt est velit. Sit quiquia numquam velit sit amet numquam. Eius quiquia numquam neque non labore dolore. Dolor velit est magnam est sit quisquam."
          },
          {
            "image": {
              "src": "https://www.energy.gov/sites/default/files/styles/full_article_width/public/2023-11/GRIP%20Blog%20Posting%20Clean%20Energy%20Solar%20Panels.jpg?itok=5KDc3kxK",
              "caption": ""
            },
            "title": "Sit...",
            "description": "Dolore numquam tempora quisquam. Quiquia neque tempora aliquam sed neque dolore quaerat. Sed tempora porro dolorem adipisci. Non porro consectetur ipsum dolore adipisci etincidunt modi. Eius dolore sed magnam. Etincidunt tempora non sed neque sed eius. Magnam dolore voluptatem non neque adipisci. Est est dolor dolore dolore aliquam. Consectetur sit etincidunt sed."
          }
        ]
      },
      "colorscheme": "light"
    },
    {
      "template_id": "key_resources",
      "content": {
        "title": "Key Resources",
        "resources": [
          {
            "image": {
              "src": "https://iea.imgix.net/5860051d-c92e-4fea-8a90-12bf5334dbef/Renewables_2023_shutterstock_1527609272.jpg",
              "caption": ""
            },
            "text": "Porro...",
            "cta": "Click to download",
            "href": "https://www.undp.org/publications/undps-energy-strategy"
          },
          {
            "image": {
              "src": "https://www.undp.org/sites/g/files/zskgke326/files/2022-07/UNDP-Peru-2018_rural_solar_04-Photo%20UNDP%20Peru-Monica%20Sua%CC%81rez%20Galindo.jpg",
              "caption": ""
            },
            "text": "Dolorem...",
            "cta": "Click to download",
            "href": "https://www.undp.org/publications/undps-energy-strategy"
          },
          {
            "image": {
              "src": "https://www.undp.org/sites/g/files/zskgke326/files/2023-05/1525381088_0.jpg",
              "caption": ""
            },
            "text": "Ut...",
            "cta": "Click to download",
            "href": "https://www.undp.org/publications/undps-energy-strategy"
          }
        ],
        "intro": "Aliquam ipsum aliquam consectetur etincidunt dolor sit."
      },
      "colorscheme": "light"
    },
    {
      "template_id": "connection_next",
      "content": {
        "image": {
          "src": "https://elementum-esg.co.uk/wp-content/uploads/2024/04/energy-sources.png",
          "caption": ""
        },
        "intro": "Next up",
        "title": "Intersectionality as a Framework for Innovation in Energy",
        "cta": "Start learning",
        "nextLessonId": "8.2.3"
      }
    }
  ]
}