{
  "id": "8.2.0",
  "segments": [
    {
      "template_id": "chapter_cover",
      "content": {
        "image": {
          "src": "https://www.undp.org/sites/g/files/zskgke326/files/2023-05/1525381088_0.jpg",
          "caption": ""
        },
        "chapter": {
          "label": "Chapter",
          "Number": "2"
        },
        "intro": "Just Energy Transition | chapter 1",
        "title": "Chapter 2 Introduction",
        "cta": "Scroll, tab or use your keyboard to move ahead",
        "subtitle": "M8: Danae | Chapter 2"
      },
      "colorscheme": "light"
    },
    {
      "template_id": "text",
      "colorscheme": "dark",
      "content": {
        "text_elements": [
          {
            "template_id": "subtitle",
            "content": {
              "text": "Chapter Overview"
            }
          },
          {
            "template_id": "subtitle_small",
            "content": {
              "text": "Quaerat sed non labore voluptatem sit dolore."
            }
          },
          {
            "template_id": "paragraph_large",
            "content": {
              "text": "Dolorem magnam voluptatem quisquam est est quaerat ipsum. Ipsum numquam sed quisquam ipsum dolore ut magnam. Neque porro voluptatem ut magnam. Neque aliquam sed dolore etincidunt adipisci aliquam. Dolore amet labore amet. Est dolorem adipisci est numquam quaerat. Velit sed adipisci labore modi sit."
            }
          }
        ]
      }
    },
    {
      "template_id": "list_of_lessons",
      "content": {
        "title": "What's next in this chapter?",
        "lessons": [
          {
            "cta": "Go to the lesson",
            "description": "Sed quisquam eius dolor quisquam dolorem.",
            "lessonId": "8.2.1",
            "image": {
              "src": "https://www.healthtechdigital.com/wp-content/uploads/Artificial-Intelligence-in-renewable-energy-market-Study-shows-important-fields-of-application.-min.jpg",
              "caption": ""
            },
            "title": "Policy and Market Mechanisms for Innovation",
            "type": "Lesson",
            "progress": "in_progress"
          },
          {
            "cta": "Go to the lesson",
            "description": "Velit quaerat velit quaerat etincidunt labore.",
            "lessonId": "8.2.2",
            "image": {
              "src": "https://live.staticflickr.com/1552/26342931015_38814fbfac_b.jpg",
              "caption": ""
            },
            "title": "The Role of Emerging Sectors in Future Energy Systems",
            "type": "Lesson",
            "progress": "in_progress"
          },
          {
            "cta": "Go to the lesson",
            "description": "Sit sit neque tempora sit sed amet voluptatem.",
            "lessonId": "8.2.3",
            "image": {
              "src": "https://www.powerengineeringint.com/wp-content/uploads/2024/04/renewable-energy_cybersecurity.jpg",
              "caption": ""
            },
            "title": "Intersectionality as a Framework for Innovation in Energy",
            "type": "Lesson",
            "progress": "not_started"
          },
          {
            "cta": "Go to the lesson",
            "description": "Numquam etincidunt adipisci dolore est modi voluptatem aliquam.",
            "lessonId": "8.2.4",
            "image": {
              "src": "https://csis-website-prod.s3.amazonaws.com/s3fs-public/2024-01/AdobeStock_40869586_Crop1.jpg?VersionId=1HVO4O4gG312NydD1v8CElYVGjfLOYtH",
              "caption": ""
            },
            "title": "Critical Transformations for the Energy Transition",
            "type": "Lesson",
            "progress": "completed"
          }
        ]
      },
      "colorscheme": "light"
    },
    {
      "template_id": "connection_next",
      "content": {
        "image": {
          "src": "https://imgs.mongabay.com/wp-content/uploads/sites/20/2025/02/18142934/29572133848_45af12a4bb_k-e1737653671184.jpg",
          "caption": ""
        },
        "intro": "Next up",
        "title": "Policy and Market Mechanisms for Innovation",
        "cta": "Start learning",
        "nextLessonId": "8.2.1"
      }
    }
  ]
}