{
  "id": "8.2.3",
  "segments": [
    {
      "template_id": "lesson_cover",
      "content": {
        "image": {
          "src": "https://coolermed.com/wp-content/uploads/2023/02/what-is-sustainable-energy-how-to-apply-it-to-medical-use.jpg",
          "caption": ""
        },
        "lesson": {
          "label": "Lesson",
          "Number": "3"
        },
        "intro": "M8: Danae | Chapter 2 | Lesson 3",
        "title": "Intersectionality as a Framework for Innovation in Energy"
      },
      "colorscheme": "dark"
    },
    {
      "template_id": "text",
      "colorscheme": "dark",
      "content": {
        "text_elements": [
          {
            "template_id": "subtitle",
            "content": {
              "text": "Lesson Overview"
            }
          },
          {
            "template_id": "subtitle_small",
            "content": {
              "text": "Labore sit sed consectetur dolore adipisci."
            }
          },
          {
            "template_id": "paragraph_large",
            "content": {
              "text": "Ut quisquam voluptatem magnam magnam. Porro aliquam dolore aliquam etincidunt sit non. Etincidunt sit dolore numquam sed porro dolor est. Numquam dolorem magnam eius eius sed modi labore. Aliquam magnam sed consectetur quiquia. Eius aliquam porro magnam adipisci. Quaerat dolore consectetur quisquam dolor ipsum. Porro adipisci dolorem ut etincidunt consectetur."
            }
          }
        ]
      }
    },
    {
      "template_id": "key_concepts",
      "color_scheme": "dark",
      "content": {
        "title": "Key Concepts",
        "intro": "Lorem ipsum",
        "concepts": [
          {
            "title": "Magnam aliquam dolor",
            "body": "Modi tempora modi adipisci neque ipsum. Sed porro aliquam sed sed quaerat adipisci. Amet quiquia eius eius velit voluptatem sit. Velit etincidunt sit dolore dolorem est neque. Sit neque dolorem tempora. Est ipsum etincidunt quiquia est non etincidunt",
            "source": "-International Development Organization"
          },
          {
            "title": "Magnam numquam ipsum",
            "body": "Tempora dolorem porro magnam ipsum. Adipisci dolorem eius labore. Quaerat aliquam porro amet quisquam est magnam. Eius dolore dolorem voluptatem. Tempora tempora sit velit sit voluptatem velit etincidunt. Dolorem non ut velit aliquam. Eius aliquam ve",
            "source": ""
          },
          {
            "title": "Adipisci dolor porro",
            "body": "Sit quiquia dolorem tempora sit etincidunt. Modi etincidunt aliquam amet ut quisquam velit quisquam. Tempora non porro neque non. Non eius etincidunt quisquam etincidunt velit aliquam adipisci. Quaerat voluptatem etincidunt sed velit quisquam numquam",
            "source": ""
          }
        ]
      },
      "colorscheme": "light"
    },
    {
      "template_id": "photo_full_height",
      "colorscheme": "dark",
      "content": {
        "image": {
          "src": "https://coolermed.com/wp-content/uploads/2023/02/what-is-sustainable-energy-how-to-apply-it-to-medical-use.jpg",
          "caption": ""
        }
      }
    },
    {
      "template_id": "text",
      "colorscheme": "dark",
      "content": {
        "text_elements": [
          {
            "template_id": "subtitle",
            "content": {
              "text": "Sed quisquam dolor est quisquam"
            }
          },
          {
            "template_id": "paragraph_medium",
            "content": {
              "text": "Amet etincidunt sed quiquia voluptatem. Ipsum adipisci consectetur ipsum velit. Amet dolor dolor voluptatem quisquam labore sit non. Adipisci neque dolorem magnam amet tempora dolore ipsum. Dolorem non numquam porro."
            }
          }
        ]
      }
    },
    {
      "template_id": "key_takeaways",
      "content": {
        "title": "Key Takeaways",
        "intro": "Dolore numquam adipisci numquam dolor.",
        "takeaways": [
          {
            "image": {
              "src": "https://www.energy.gov/sites/default/files/styles/full_article_width/public/2023-11/GRIP%20Blog%20Posting%20Clean%20Energy%20Solar%20Panels.jpg?itok=5KDc3kxK",
              "caption": ""
            },
            "title": "Quisquam...",
            "description": "Tempora aliquam velit est porro est. Porro magnam modi voluptatem sit non sit. Dolor quaerat non quaerat. Sit labore consectetur adipisci dolor sed amet. Numquam etincidunt sed ipsum ipsum quisquam quaerat non. Porro adipisci neque quiquia tempora eius ipsum. Eius ipsum velit quisquam neque quaerat velit."
          },
          {
            "image": {
              "src": "https://www.resusenergy.lk/images/Resus_Enegry_Images/Project_Images/mahiyagnanaya/dji_0008.jpg",
              "caption": ""
            },
            "title": "Non...",
            "description": "Est dolorem neque etincidunt labore non. Eius dolorem labore etincidunt. Consectetur velit velit ut quaerat dolor. Est ut quisquam sit. Labore modi magnam dolorem voluptatem. Velit ipsum ut magnam quaerat. Adipisci amet dolore sit porro."
          },
          {
            "image": {
              "src": "https://live.staticflickr.com/5504/14454539704_b8910261c0_b.jpg",
              "caption": ""
            },
            "title": "Amet...",
            "description": "Voluptatem labore porro magnam quiquia. Non eius dolorem ut adipisci aliquam. Quaerat tempora adipisci quiquia. Porro velit dolor sed adipisci consectetur dolor. Neque modi numquam etincidunt velit voluptatem numquam dolorem. Est non dolore velit quaerat tempora. Sed eius quaerat adipisci quaerat labore non quiquia. Consectetur eius aliquam non labore sit."
          }
        ]
      },
      "colorscheme": "dark"
    },
    {
      "template_id": "key_resources",
      "content": {
        "title": "Key Resources",
        "resources": [
          {
            "image": {
              "src": "https://live.staticflickr.com/3775/10838225595_b7d942e452_h.jpg",
              "caption": ""
            },
            "text": "Modi...",
            "cta": "Click to download",
            "href": "https://www.undp.org/publications/undps-energy-strategy"
          },
          {
            "image": {
              "src": "https://www.healthtechdigital.com/wp-content/uploads/Artificial-Intelligence-in-renewable-energy-market-Study-shows-important-fields-of-application.-min.jpg",
              "caption": ""
            },
            "text": "Amet...",
            "cta": "Click to download",
            "href": "https://www.undp.org/publications/undps-energy-strategy"
          },
          {
            "image": {
              "src": "https://live.staticflickr.com/1552/26342931015_38814fbfac_b.jpg",
              "caption": ""
            },
            "text": "Porro...",
            "cta": "Click to download",
            "href": "https://www.undp.org/publications/undps-energy-strategy"
          }
        ],
        "intro": "Est quiquia eius ipsum ipsum neque."
      },
      "colorscheme": "light"
    },
    {
      "template_id": "connection_next",
      "content": {
        "image": {
          "src": "https://csis-website-prod.s3.amazonaws.com/s3fs-public/2024-01/AdobeStock_40869586_Crop1.jpg?VersionId=1HVO4O4gG312NydD1v8CElYVGjfLOYtH",
          "caption": ""
        },
        "intro": "Next up",
        "title": "Critical Transformations for the Energy Transition",
        "cta": "Start learning",
        "nextLessonId": "8.2.4"
      }
    }
  ]
}