{
  "id": "8.2.4",
  "segments": [
    {
      "template_id": "lesson_cover",
      "content": {
        "image": {
          "src": "https://cdn.prod.website-files.com/6487341142c5367c3cefe169/670703187e5c652197eacf42_Energy.png",
          "caption": ""
        },
        "lesson": {
          "label": "Lesson",
          "Number": "4"
        },
        "intro": "M8: Danae | Chapter 2 | Lesson 4",
        "title": "Critical Transformations for the Energy Transition"
      },
      "colorscheme": "light"
    },
    {
      "template_id": "text",
      "colorscheme": "light",
      "content": {
        "text_elements": [
          {
            "template_id": "subtitle",
            "content": {
              "text": "Lesson Overview"
            }
          },
          {
            "template_id": "subtitle_small",
            "content": {
              "text": "Velit sit dolore porro dolorem velit quaerat sit."
            }
          },
          {
            "template_id": "paragraph_large",
            "content": {
              "text": "Eius magnam quiquia adipisci quiquia dolorem labore tempora. Etincidunt voluptatem tempora est aliquam neque magnam. Consectetur voluptatem voluptatem tempora quisquam magnam. Sed etincidunt porro dolor dolor labore. Aliquam labore numquam sit modi velit. Adipisci quiquia adipisci labore. Quaerat dolorem voluptatem amet dolore tempora sit etincidunt. Velit sit dolorem amet amet dolore velit."
            }
          }
        ]
      }
    },
    {
      "template_id": "key_concepts",
      "color_scheme": "dark",
      "content": {
        "title": "Key Concepts",
        "intro": "Lorem ipsum",
        "concepts": [
          {
            "title": "Magnam porro est ali",
            "body": "Non dolore ut ipsum. Numquam ipsum amet non etincidunt sed adipisci sit. Labore etincidunt quaerat dolore quisquam dolorem ut. Labore amet est etincidunt labore amet labore. Ut ipsum non sed quaerat sed magnam quiquia. Magnam ut aliquam non modi ipsu",
            "source": "-International Development Organization"
          },
          {
            "title": "Sit non amet ut adip",
            "body": "Amet adipisci est adipisci. Tempora labore neque etincidunt porro est tempora sit. Tempora dolor velit neque dolore dolore aliquam. Porro velit non sed. Dolore amet adipisci neque porro dolorem ipsum. Consectetur consectetur ut est quisquam magnam do",
            "source": ""
          },
          {
            "title": "Ipsum eius ipsum non",
            "body": "Modi modi voluptatem amet dolore. Sed velit amet modi labore ipsum magnam. Ut ut etincidunt numquam non dolore ut dolore. Amet quiquia est consectetur velit sed. Porro non velit labore quaerat numquam. Eius sit non magnam. Eius ut modi modi modi temp",
            "source": ""
          }
        ]
      },
      "colorscheme": "dark"
    },
    {
      "template_id": "photo_full_height",
      "colorscheme": "light",
      "content": {
        "image": {
          "src": "https://cdn.prod.website-files.com/6487341142c5367c3cefe169/670703187e5c652197eacf42_Energy.png",
          "caption": ""
        }
      }
    },
    {
      "template_id": "text",
      "colorscheme": "light",
      "content": {
        "text_elements": [
          {
            "template_id": "subtitle",
            "content": {
              "text": "Eius numquam labore tempora non quaerat numquam ut"
            }
          },
          {
            "template_id": "paragraph_medium",
            "content": {
              "text": "Sit eius est quisquam tempora amet consectetur amet. Neque eius amet ut dolore modi. Voluptatem aliquam ipsum quaerat tempora labore. Ipsum ipsum dolor adipisci sed sit etincidunt magnam. Etincidunt modi numquam magnam. Porro aliquam porro dolore labore velit ut quaerat. Etincidunt aliquam adipisci amet."
            }
          }
        ]
      }
    },
    {
      "template_id": "key_takeaways",
      "content": {
        "title": "Key Takeaways",
        "intro": "Ut quiquia quiquia non aliquam sed.",
        "takeaways": [
          {
            "image": {
              "src": "https://www.undp.org/sites/g/files/zskgke326/files/2022-07/UNDP-Peru-2018_rural_solar_04-Photo%20UNDP%20Peru-Monica%20Sua%CC%81rez%20Galindo.jpg",
              "caption": ""
            },
            "title": "Eius...",
            "description": "Quiquia est aliquam eius aliquam dolorem sed aliquam. Sit est numquam aliquam est sed. Non numquam amet quiquia ut dolor. Quisquam neque numquam est consectetur consectetur. Sit ipsum velit dolor dolore aliquam etincidunt. Ipsum ipsum tempora numquam consectetur quisquam labore porro. Non labore quisquam etincidunt magnam dolore. Porro labore eius sed dolor amet est."
          },
          {
            "image": {
              "src": "https://elements-resized.envatousercontent.com/elements-video-cover-images/3254f24d-2426-43ae-b55d-aedc5cd25fea/video_preview/video_preview_0000.jpg?w=1400&cf_fit=cover&q=85&format=auto&s=8801a0bc8becf7ebb4baee10701611ef4b9f3f6939ca660e3a0b90514b7cf8d2",
              "caption": ""
            },
            "title": "Quaerat...",
            "description": "Est voluptatem magnam eius dolorem adipisci aliquam aliquam. Consectetur amet tempora quaerat amet est quiquia voluptatem. Dolorem consectetur voluptatem porro consectetur. Non ut magnam magnam amet porro velit quiquia. Quisquam neque porro dolore magnam aliquam eius numquam. Sed quaerat labore quisquam velit sit. Quiquia porro velit dolorem. Est adipisci non dolor sit quiquia est. Dolor modi magnam sed."
          },
          {
            "image": {
              "src": "https://iea.imgix.net/5860051d-c92e-4fea-8a90-12bf5334dbef/Renewables_2023_shutterstock_1527609272.jpg",
              "caption": ""
            },
            "title": "Velit...",
            "description": "Quiquia ipsum etincidunt dolore numquam non labore. Non dolore amet quaerat non ipsum modi numquam. Dolor labore aliquam est. Modi quiquia sit non eius. Labore modi est ut neque est. Quisquam adipisci quaerat quaerat dolore. Dolorem sed labore aliquam. Labore porro velit dolore magnam eius."
          }
        ]
      },
      "colorscheme": "dark"
    },
    {
      "template_id": "key_resources",
      "content": {
        "title": "Key Resources",
        "resources": [
          {
            "image": {
              "src": "https://iea.imgix.net/5860051d-c92e-4fea-8a90-12bf5334dbef/Renewables_2023_shutterstock_1527609272.jpg",
              "caption": ""
            },
            "text": "Etincidunt...",
            "cta": "Click to download",
            "href": "https://www.undp.org/publications/undps-energy-strategy"
          },
          {
            "image": {
              "src": "https://www.undp.org/sites/g/files/zskgke326/files/2023-05/1525381088_0.jpg",
              "caption": ""
            },
            "text": "Voluptatem...",
            "cta": "Click to download",
            "href": "https://www.undp.org/publications/undps-energy-strategy"
          },
          {
            "image": {
              "src": "https://imgs.mongabay.com/wp-content/uploads/sites/20/2025/02/18142934/29572133848_45af12a4bb_k-e1737653671184.jpg",
              "caption": ""
            },
            "text": "Ipsum...",
            "cta": "Click to download",
            "href": "https://www.undp.org/publications/undps-energy-strategy"
          }
        ],
        "intro": "Etincidunt quaerat sit dolorem neque dolor."
      },
      "colorscheme": "light"
    },
    {
      "template_id": "connection_next",
      "content": {
        "image": {
          "src": "https://live.staticflickr.com/5504/14454539704_b8910261c0_b.jpg",
          "caption": ""
        },
        "intro": "Next up",
        "title": "Chapter 2 Outro",
        "cta": "Start learning",
        "nextLessonId": "8.2.-1"
      }
    }
  ]
}