{
  "id": "8.3.3",
  "segments": [
    {
      "template_id": "lesson_cover",
      "content": {
        "image": {
          "src": "https://live.staticflickr.com/3775/10838225595_b7d942e452_h.jpg",
          "caption": ""
        },
        "lesson": {
          "label": "Lesson",
          "Number": "3"
        },
        "intro": "M8: Danae | Chapter 3 | Lesson 3",
        "title": "Closing key messages and call to action"
      },
      "colorscheme": "dark"
    },
    {
      "template_id": "text",
      "colorscheme": "light",
      "content": {
        "text_elements": [
          {
            "template_id": "subtitle",
            "content": {
              "text": "Lesson Overview"
            }
          },
          {
            "template_id": "subtitle_small",
            "content": {
              "text": "Aliquam aliquam ipsum quisquam."
            }
          },
          {
            "template_id": "paragraph_large",
            "content": {
              "text": "Neque ipsum adipisci magnam porro. Ipsum numquam neque sed tempora sit adipisci. Magnam quiquia dolore eius. Quiquia neque ut labore sit voluptatem est. Modi dolorem sit magnam quaerat. Ipsum est magnam tempora voluptatem non ipsum etincidunt. Magnam dolorem consectetur quaerat. Ipsum magnam ut dolore. Quiquia ut magnam tempora quisquam sed labore non. Non dolorem numquam modi quisquam dolore."
            }
          }
        ]
      }
    },
    {
      "template_id": "key_concepts",
      "color_scheme": "dark",
      "content": {
        "title": "Key Concepts",
        "intro": "Lorem ipsum",
        "concepts": [
          {
            "title": "Dolor etincidunt est",
            "body": "Modi dolorem tempora quaerat velit. Dolor eius voluptatem modi quaerat dolore adipisci quisquam. Est magnam adipisci numquam ipsum quaerat amet. Porro aliquam quisquam neque. Adipisci dolorem magnam dolor tempora velit sit labore. Porro non ut quaera",
            "source": "-International Development Organization"
          },
          {
            "title": "Modi neque porro qui",
            "body": "Amet quisquam amet voluptatem magnam dolorem. Modi non quaerat ut. Dolor adipisci voluptatem ipsum quisquam. Amet aliquam numquam modi eius consectetur dolorem. Dolore ipsum labore ipsum sit. Tempora quiquia sit etincidunt numquam quisquam velit numq",
            "source": ""
          },
          {
            "title": "Velit adipisci sit u",
            "body": "Sit etincidunt etincidunt dolore. Eius quaerat velit consectetur ut ut dolorem consectetur. Voluptatem dolor numquam amet aliquam sed ipsum. Amet dolore ipsum adipisci est amet. Quisquam modi dolorem sit neque quisquam. Dolor tempora amet labore numq",
            "source": ""
          }
        ]
      },
      "colorscheme": "dark"
    },
    {
      "template_id": "photo_full_height",
      "colorscheme": "dark",
      "content": {
        "image": {
          "src": "https://live.staticflickr.com/3775/10838225595_b7d942e452_h.jpg",
          "caption": ""
        }
      }
    },
    {
      "template_id": "text",
      "colorscheme": "dark",
      "content": {
        "text_elements": [
          {
            "template_id": "subtitle",
            "content": {
              "text": "Sit aliquam sed quaerat dolorem"
            }
          },
          {
            "template_id": "paragraph_medium",
            "content": {
              "text": "Velit numquam dolor non. Quaerat dolore labore tempora est voluptatem aliquam tempora. Modi modi consectetur non. Voluptatem aliquam quisquam adipisci magnam ipsum neque. Non etincidunt tempora etincidunt porro quaerat. Tempora ut labore ipsum ut adipisci etincidunt dolore. Neque amet sit modi. Dolore consectetur porro tempora etincidunt numquam."
            }
          }
        ]
      }
    },
    {
      "template_id": "key_takeaways",
      "content": {
        "title": "Key Takeaways",
        "intro": "Est eius voluptatem ipsum.",
        "takeaways": [
          {
            "image": {
              "src": "https://live.staticflickr.com/1552/26342931015_38814fbfac_b.jpg",
              "caption": ""
            },
            "title": "Sed...",
            "description": "Numquam sed numquam amet sed eius etincidunt quisquam. Neque eius est est magnam velit modi. Voluptatem dolor eius quaerat velit quaerat amet. Consectetur quisquam amet ut aliquam ipsum dolor. Sit modi adipisci sed adipisci ipsum ut."
          },
          {
            "image": {
              "src": "https://iea.imgix.net/5860051d-c92e-4fea-8a90-12bf5334dbef/Renewables_2023_shutterstock_1527609272.jpg",
              "caption": ""
            },
            "title": "Adipisci...",
            "description": "Eius quiquia neque ipsum adipisci. Numquam amet labore tempora. Amet ut modi velit neque aliquam. Consectetur labore adipisci quaerat amet dolore. Est ipsum neque dolor aliquam ut dolore. Ipsum neque non sit. Labore ipsum numquam velit numquam etincidunt. Modi magnam quisquam dolor. Voluptatem adipisci labore etincidunt neque etincidunt dolor."
          },
          {
            "image": {
              "src": "https://web14.bernama.com/storage/photos/830db0b0eb59429f4a6f5618134452c963f433bee8a98",
              "caption": ""
            },
            "title": "Eius...",
            "description": "Consectetur eius aliquam dolore quaerat numquam. Quiquia modi etincidunt quiquia quisquam modi. Sit voluptatem ut labore. Labore porro ut ut tempora. Magnam quisquam est amet modi. Dolorem aliquam dolore est eius dolore dolore labore. Dolore amet velit labore dolor. Ipsum aliquam dolor est consectetur. Aliquam aliquam magnam aliquam quisquam sed. Tempora dolore adipisci magnam."
          }
        ]
      },
      "colorscheme": "dark"
    },
    {
      "template_id": "key_resources",
      "content": {
        "title": "Key Resources",
        "resources": [
          {
            "image": {
              "src": "https://csis-website-prod.s3.amazonaws.com/s3fs-public/2024-01/AdobeStock_40869586_Crop1.jpg?VersionId=1HVO4O4gG312NydD1v8CElYVGjfLOYtH",
              "caption": ""
            },
            "text": "Quisquam...",
            "cta": "Click to download",
            "href": "https://www.undp.org/publications/undps-energy-strategy"
          },
          {
            "image": {
              "src": "https://elements-resized.envatousercontent.com/elements-video-cover-images/3254f24d-2426-43ae-b55d-aedc5cd25fea/video_preview/video_preview_0000.jpg?w=1400&cf_fit=cover&q=85&format=auto&s=8801a0bc8becf7ebb4baee10701611ef4b9f3f6939ca660e3a0b90514b7cf8d2",
              "caption": ""
            },
            "text": "Magnam...",
            "cta": "Click to download",
            "href": "https://www.undp.org/publications/undps-energy-strategy"
          },
          {
            "image": {
              "src": "https://live.staticflickr.com/5504/14454539704_b8910261c0_b.jpg",
              "caption": ""
            },
            "text": "Tempora...",
            "cta": "Click to download",
            "href": "https://www.undp.org/publications/undps-energy-strategy"
          }
        ],
        "intro": "Dolorem neque magnam dolorem porro velit est quisquam."
      },
      "colorscheme": "dark"
    },
    {
      "template_id": "connection_next",
      "content": {
        "image": {
          "src": "https://imgs.mongabay.com/wp-content/uploads/sites/20/2025/02/18142934/29572133848_45af12a4bb_k-e1737653671184.jpg",
          "caption": ""
        },
        "intro": "Next up",
        "title": "Chapter 3 Outro",
        "cta": "Start learning",
        "nextLessonId": "8.3.-1"
      }
    }
  ]
}