{
  "id": "8.3.0",
  "segments": [
    {
      "template_id": "chapter_cover",
      "content": {
        "image": {
          "src": "https://live.staticflickr.com/5504/14454539704_b8910261c0_b.jpg",
          "caption": ""
        },
        "chapter": {
          "label": "Chapter",
          "Number": "3"
        },
        "intro": "Just Energy Transition | chapter 1",
        "title": "Chapter 3 Introduction",
        "cta": "Scroll, tab or use your keyboard to move ahead",
        "subtitle": "M8: Danae | Chapter 3"
      },
      "colorscheme": "light"
    },
    {
      "template_id": "text",
      "colorscheme": "light",
      "content": {
        "text_elements": [
          {
            "template_id": "subtitle",
            "content": {
              "text": "Chapter Overview"
            }
          },
          {
            "template_id": "subtitle_small",
            "content": {
              "text": "Quaerat ipsum velit ipsum numquam dolorem numquam consectetur."
            }
          },
          {
            "template_id": "paragraph_large",
            "content": {
              "text": "Sit aliquam quisquam non tempora quisquam quaerat. Porro voluptatem porro dolorem labore. Eius tempora magnam eius eius magnam. Amet magnam dolorem tempora modi. Labore magnam est modi. Numquam porro numquam quiquia neque. Magnam eius etincidunt velit sed. Magnam adipisci ipsum voluptatem."
            }
          }
        ]
      }
    },
    {
      "template_id": "list_of_lessons",
      "content": {
        "title": "What's next in this chapter?",
        "lessons": [
          {
            "cta": "Go to the lesson",
            "description": "Tempora ipsum dolore adipisci dolore dolore.",
            "lessonId": "8.3.1",
            "image": {
              "src": "https://www.undp.org/sites/g/files/zskgke326/files/2023-05/1525381088_0.jpg",
              "caption": ""
            },
            "title": "Actionable Steps Toward a Sustainable Energy Future",
            "type": "Lesson",
            "progress": "in_progress"
          },
          {
            "cta": "Go to the lesson",
            "description": "Dolor ipsum aliquam numquam non.",
            "lessonId": "8.3.2",
            "image": {
              "src": "https://imgs.mongabay.com/wp-content/uploads/sites/20/2025/02/18142934/29572133848_45af12a4bb_k-e1737653671184.jpg",
              "caption": ""
            },
            "title": "Partnership Ecosystems for Sustainable Energy",
            "type": "Lesson",
            "progress": "in_progress"
          },
          {
            "cta": "Go to the lesson",
            "description": "Dolore amet sed ut non tempora dolorem.",
            "lessonId": "8.3.3",
            "image": {
              "src": "https://live.staticflickr.com/5504/14454539704_b8910261c0_b.jpg",
              "caption": ""
            },
            "title": "Closing key messages and call to action",
            "type": "Lesson",
            "progress": "completed"
          }
        ]
      },
      "colorscheme": "dark"
    },
    {
      "template_id": "connection_next",
      "content": {
        "image": {
          "src": "https://csis-website-prod.s3.amazonaws.com/s3fs-public/2024-01/AdobeStock_40869586_Crop1.jpg?VersionId=1HVO4O4gG312NydD1v8CElYVGjfLOYtH",
          "caption": ""
        },
        "intro": "Next up",
        "title": "Actionable Steps Toward a Sustainable Energy Future",
        "cta": "Start learning",
        "nextLessonId": "8.3.1"
      }
    }
  ]
}