{
  "id": "8.3.1",
  "segments": [
    {
      "template_id": "lesson_cover",
      "content": {
        "image": {
          "src": "https://www.resusenergy.lk/images/Resus_Enegry_Images/Project_Images/mahiyagnanaya/dji_0008.jpg",
          "caption": ""
        },
        "lesson": {
          "label": "Lesson",
          "Number": "1"
        },
        "intro": "M8: Danae | Chapter 3 | Lesson 1",
        "title": "Actionable Steps Toward a Sustainable Energy Future"
      },
      "colorscheme": "dark"
    },
    {
      "template_id": "text",
      "colorscheme": "dark",
      "content": {
        "text_elements": [
          {
            "template_id": "subtitle",
            "content": {
              "text": "Lesson Overview"
            }
          },
          {
            "template_id": "subtitle_small",
            "content": {
              "text": "Tempora ut consectetur neque quiquia velit sed."
            }
          },
          {
            "template_id": "paragraph_large",
            "content": {
              "text": "Adipisci voluptatem voluptatem magnam dolorem. Eius voluptatem quisquam tempora dolorem voluptatem velit. Non magnam ipsum numquam etincidunt modi tempora dolore. Ut magnam magnam ut sit non. Est porro est quiquia. Velit consectetur magnam dolorem voluptatem aliquam dolorem."
            }
          }
        ]
      }
    },
    {
      "template_id": "key_concepts",
      "color_scheme": "dark",
      "content": {
        "title": "Key Concepts",
        "intro": "Lorem ipsum",
        "concepts": [
          {
            "title": "Porro magnam neque q",
            "body": "Dolore ipsum quisquam labore. Quaerat aliquam quiquia numquam aliquam eius ipsum amet. Dolore etincidunt sit dolor ipsum etincidunt non etincidunt. Magnam modi etincidunt labore numquam quaerat neque. Sed magnam quisquam ut neque etincidunt quaerat. ",
            "source": "-International Development Organization"
          },
          {
            "title": "Quiquia modi non ut ",
            "body": "Tempora ut numquam est labore. Numquam numquam sit est eius aliquam. Dolorem numquam ipsum dolorem amet. Velit dolore quaerat eius etincidunt quiquia numquam. Dolore adipisci dolore etincidunt adipisci dolor ut dolor. Aliquam quaerat est eius ut sit ",
            "source": ""
          },
          {
            "title": "Magnam porro labore ",
            "body": "Etincidunt non adipisci est dolore amet est magnam. Labore numquam sed sed tempora magnam magnam. Adipisci porro dolorem quiquia. Quaerat voluptatem neque modi. Labore velit est porro voluptatem neque. Dolore magnam velit magnam quisquam neque. Quiqu",
            "source": ""
          }
        ]
      },
      "colorscheme": "light"
    },
    {
      "template_id": "photo_full_height",
      "colorscheme": "dark",
      "content": {
        "image": {
          "src": "https://www.resusenergy.lk/images/Resus_Enegry_Images/Project_Images/mahiyagnanaya/dji_0008.jpg",
          "caption": ""
        }
      }
    },
    {
      "template_id": "text",
      "colorscheme": "dark",
      "content": {
        "text_elements": [
          {
            "template_id": "subtitle",
            "content": {
              "text": "Sed dolorem consectetur dolore"
            }
          },
          {
            "template_id": "paragraph_medium",
            "content": {
              "text": "Quisquam velit voluptatem etincidunt non. Numquam magnam velit labore numquam dolorem est. Adipisci neque dolor quisquam ipsum amet. Neque consectetur est eius sed quaerat. Amet adipisci eius adipisci quiquia. Dolorem modi quaerat quisquam quiquia sit sed amet. Etincidunt quisquam quisquam velit labore. Est ut sed numquam modi. Dolor non dolore consectetur tempora velit est eius."
            }
          }
        ]
      }
    },
    {
      "template_id": "key_takeaways",
      "content": {
        "title": "Key Takeaways",
        "intro": "Quaerat tempora sed consectetur dolor amet quaerat.",
        "takeaways": [
          {
            "image": {
              "src": "https://live.staticflickr.com/1552/26342931015_38814fbfac_b.jpg",
              "caption": ""
            },
            "title": "Magnam...",
            "description": "Tempora etincidunt dolorem velit adipisci dolor. Consectetur velit ipsum tempora sit. Quaerat etincidunt etincidunt neque dolorem. Quiquia dolore amet modi etincidunt quiquia. Amet amet ipsum tempora dolore."
          },
          {
            "image": {
              "src": "https://live.staticflickr.com/3775/10838225595_b7d942e452_h.jpg",
              "caption": ""
            },
            "title": "Neque...",
            "description": "Ut quiquia neque etincidunt porro non non. Amet modi magnam velit labore adipisci adipisci. Velit quiquia quiquia velit ipsum sed non quaerat. Numquam voluptatem quisquam consectetur consectetur est. Eius non tempora neque porro numquam modi. Non non dolor ut amet porro sit. Tempora dolor velit etincidunt numquam etincidunt neque numquam. Velit velit eius eius."
          },
          {
            "image": {
              "src": "https://live.staticflickr.com/1552/26342931015_38814fbfac_b.jpg",
              "caption": ""
            },
            "title": "Dolore...",
            "description": "Aliquam numquam dolorem quiquia dolorem neque quiquia voluptatem. Aliquam ipsum neque adipisci dolore. Magnam dolor quiquia quisquam etincidunt amet dolor. Quisquam etincidunt quaerat dolorem aliquam ipsum voluptatem. Porro voluptatem velit est. Tempora quiquia ut numquam. Dolore quisquam voluptatem dolore non consectetur dolore porro. Labore dolorem sit velit velit magnam numquam. Dolorem dolore quaerat amet amet. Tempora dolor non ut velit dolore quaerat magnam."
          }
        ]
      },
      "colorscheme": "light"
    },
    {
      "template_id": "key_resources",
      "content": {
        "title": "Key Resources",
        "resources": [
          {
            "image": {
              "src": "https://cdn.prod.website-files.com/6487341142c5367c3cefe169/670703187e5c652197eacf42_Energy.png",
              "caption": ""
            },
            "text": "Porro...",
            "cta": "Click to download",
            "href": "https://www.undp.org/publications/undps-energy-strategy"
          },
          {
            "image": {
              "src": "https://www.resusenergy.lk/images/Resus_Enegry_Images/Project_Images/mahiyagnanaya/dji_0008.jpg",
              "caption": ""
            },
            "text": "Etincidunt...",
            "cta": "Click to download",
            "href": "https://www.undp.org/publications/undps-energy-strategy"
          },
          {
            "image": {
              "src": "https://www.energy.gov/sites/default/files/styles/full_article_width/public/2023-11/GRIP%20Blog%20Posting%20Clean%20Energy%20Solar%20Panels.jpg?itok=5KDc3kxK",
              "caption": ""
            },
            "text": "Ipsum...",
            "cta": "Click to download",
            "href": "https://www.undp.org/publications/undps-energy-strategy"
          }
        ],
        "intro": "Porro velit sit est tempora velit numquam velit."
      },
      "colorscheme": "light"
    },
    {
      "template_id": "connection_next",
      "content": {
        "image": {
          "src": "https://cdn.prod.website-files.com/6487341142c5367c3cefe169/670703187e5c652197eacf42_Energy.png",
          "caption": ""
        },
        "intro": "Next up",
        "title": "Partnership Ecosystems for Sustainable Energy",
        "cta": "Start learning",
        "nextLessonId": "8.3.2"
      }
    }
  ]
}