{
  "id": "8.3.2",
  "segments": [
    {
      "template_id": "lesson_cover",
      "content": {
        "image": {
          "src": "https://www.healthtechdigital.com/wp-content/uploads/Artificial-Intelligence-in-renewable-energy-market-Study-shows-important-fields-of-application.-min.jpg",
          "caption": ""
        },
        "lesson": {
          "label": "Lesson",
          "Number": "2"
        },
        "intro": "M8: Danae | Chapter 3 | Lesson 2",
        "title": "Partnership Ecosystems for Sustainable Energy"
      },
      "colorscheme": "light"
    },
    {
      "template_id": "text",
      "colorscheme": "dark",
      "content": {
        "text_elements": [
          {
            "template_id": "subtitle",
            "content": {
              "text": "Lesson Overview"
            }
          },
          {
            "template_id": "subtitle_small",
            "content": {
              "text": "Amet consectetur eius porro."
            }
          },
          {
            "template_id": "paragraph_large",
            "content": {
              "text": "Ipsum quisquam dolorem porro quiquia adipisci sit consectetur. Porro velit dolor ipsum quiquia velit aliquam quiquia. Neque tempora aliquam ut sed aliquam quaerat. Velit tempora magnam dolorem. Sed porro etincidunt tempora aliquam neque dolore."
            }
          }
        ]
      }
    },
    {
      "template_id": "key_concepts",
      "color_scheme": "dark",
      "content": {
        "title": "Key Concepts",
        "intro": "Lorem ipsum",
        "concepts": [
          {
            "title": "Etincidunt adipisci ",
            "body": "Neque dolor aliquam labore neque tempora amet tempora. Dolor quiquia ut quaerat. Adipisci ut velit labore eius quiquia porro dolore. Ut labore tempora aliquam consectetur modi. Numquam dolorem tempora magnam quisquam. Neque aliquam ipsum labore.",
            "source": "-International Development Organization"
          },
          {
            "title": "Eius porro etincidun",
            "body": "Tempora ut velit consectetur aliquam. Dolore ipsum quisquam sed voluptatem. Quaerat dolor velit eius sed. Modi est numquam etincidunt. Dolore aliquam aliquam non labore tempora ipsum. Numquam dolore eius dolore amet. Dolorem amet voluptatem quaerat a",
            "source": ""
          },
          {
            "title": "Neque sit adipisci q",
            "body": "Porro dolor dolorem adipisci consectetur adipisci est quisquam. Sed labore magnam neque dolor amet sed. Dolor eius porro amet. Sed eius labore modi. Modi consectetur amet non. Voluptatem dolore eius ipsum porro consectetur. Non aliquam dolore amet ut",
            "source": ""
          }
        ]
      },
      "colorscheme": "dark"
    },
    {
      "template_id": "photo_full_height",
      "colorscheme": "light",
      "content": {
        "image": {
          "src": "https://www.healthtechdigital.com/wp-content/uploads/Artificial-Intelligence-in-renewable-energy-market-Study-shows-important-fields-of-application.-min.jpg",
          "caption": ""
        }
      }
    },
    {
      "template_id": "text",
      "colorscheme": "light",
      "content": {
        "text_elements": [
          {
            "template_id": "subtitle",
            "content": {
              "text": "Sed neque eius labore ut"
            }
          },
          {
            "template_id": "paragraph_medium",
            "content": {
              "text": "Dolore non amet voluptatem modi. Eius est magnam est adipisci ipsum ut. Est aliquam modi dolorem voluptatem. Voluptatem dolor est non sit dolorem eius. Non numquam quisquam adipisci quiquia quaerat. Voluptatem est quisquam neque eius velit velit neque."
            }
          }
        ]
      }
    },
    {
      "template_id": "key_takeaways",
      "content": {
        "title": "Key Takeaways",
        "intro": "Porro dolor numquam dolor quaerat quisquam dolore.",
        "takeaways": [
          {
            "image": {
              "src": "https://imgs.mongabay.com/wp-content/uploads/sites/20/2025/02/18142934/29572133848_45af12a4bb_k-e1737653671184.jpg",
              "caption": ""
            },
            "title": "Non...",
            "description": "Quisquam quiquia neque magnam magnam magnam quaerat sit. Tempora ut aliquam ut neque tempora labore. Etincidunt dolorem ipsum eius modi. Eius modi dolore est. Quiquia eius dolor dolore."
          },
          {
            "image": {
              "src": "https://live.staticflickr.com/3775/10838225595_b7d942e452_h.jpg",
              "caption": ""
            },
            "title": "Tempora...",
            "description": "Voluptatem magnam sit voluptatem dolor non sed sed. Eius consectetur consectetur sit porro ipsum magnam sed. Ut modi amet dolor. Consectetur ipsum non ipsum. Consectetur sed tempora consectetur neque tempora ipsum. Quisquam est magnam dolore. Magnam modi amet neque modi porro dolorem. Porro dolor sit labore dolore velit. Tempora adipisci sed ipsum quaerat neque sit quaerat."
          },
          {
            "image": {
              "src": "https://www.resusenergy.lk/images/Resus_Enegry_Images/Project_Images/mahiyagnanaya/dji_0008.jpg",
              "caption": ""
            },
            "title": "Sit...",
            "description": "Dolorem quiquia labore quisquam quiquia sed non etincidunt. Ut aliquam voluptatem dolor porro. Voluptatem tempora amet non. Etincidunt sit quaerat est magnam dolor ipsum. Tempora adipisci amet eius sed numquam."
          }
        ]
      },
      "colorscheme": "dark"
    },
    {
      "template_id": "key_resources",
      "content": {
        "title": "Key Resources",
        "resources": [
          {
            "image": {
              "src": "https://www.undp.org/sites/g/files/zskgke326/files/2022-07/UNDP-Peru-2018_rural_solar_04-Photo%20UNDP%20Peru-Monica%20Sua%CC%81rez%20Galindo.jpg",
              "caption": ""
            },
            "text": "Porro...",
            "cta": "Click to download",
            "href": "https://www.undp.org/publications/undps-energy-strategy"
          },
          {
            "image": {
              "src": "https://live.staticflickr.com/1552/26342931015_38814fbfac_b.jpg",
              "caption": ""
            },
            "text": "Magnam...",
            "cta": "Click to download",
            "href": "https://www.undp.org/publications/undps-energy-strategy"
          },
          {
            "image": {
              "src": "https://elements-resized.envatousercontent.com/elements-video-cover-images/3254f24d-2426-43ae-b55d-aedc5cd25fea/video_preview/video_preview_0000.jpg?w=1400&cf_fit=cover&q=85&format=auto&s=8801a0bc8becf7ebb4baee10701611ef4b9f3f6939ca660e3a0b90514b7cf8d2",
              "caption": ""
            },
            "text": "Etincidunt...",
            "cta": "Click to download",
            "href": "https://www.undp.org/publications/undps-energy-strategy"
          }
        ],
        "intro": "Tempora voluptatem dolorem eius consectetur."
      },
      "colorscheme": "light"
    },
    {
      "template_id": "connection_next",
      "content": {
        "image": {
          "src": "https://elementum-esg.co.uk/wp-content/uploads/2024/04/energy-sources.png",
          "caption": ""
        },
        "intro": "Next up",
        "title": "Closing key messages and call to action",
        "cta": "Start learning",
        "nextLessonId": "8.3.3"
      }
    }
  ]
}