lesson_id,question,option_1,option_2,option_3,option_4
1.1.1,Which paradox best illustrates the challenge of balancing economic growth and environmental sustainability in energy development?,High energy consumption driving economic progress despite environmental impacts,Adopting renewable energy that requires extensive resource use and land,Energy efficiency measures that might lead to increased overall consumption,Switching to clean energy sources that depend on finite materials
1.2.1,"In efforts to expand access to electricity and clean cooking, which policy instrument is most suitable for encouraging adoption among vulnerable communities?",Implementing targeted subsidies for low-income households,Mandating renewable energy standards for new buildings,Organizing competitive auctions for off-grid solutions,Requiring mandatory energy disclosures to consumers
1.2.2,Which metric would you track to evaluate the effectiveness of renewable energy deployment in achieving SDG 7.2?,Percentage of renewable energy in the overall energy mix,Number of households with access to clean energy sources,Average cost of renewable energy technologies per unit,Rate of reduction in fossil fuel reliance
1.2.3,"When planning energy efficiency improvements, which trade-off would you accept first: reducing costs, increasing implementation speed, ensuring social equity, or maintaining long-term reliability?",Minimizing costs to maximize affordability for low-income households,Accelerating deployment to meet urgent climate targets,Prioritizing social inclusion to achieve equitable access,Ensuring system reliability for consistent energy supply
1.3.2,What is the most likely failure mode when scaling renewable energy projects in Latin America and the Caribbean?,Supply chain disruptions delaying critical components,Stakeholder opposition hindering project acceptance,Policy instability causing regulatory uncertainties,Technological incompatibilities hindering integration
1.3.3,What is a major challenge for expanding renewable energy in Africa despite its abundant resources?,Limited infrastructure for grid integration,Overdependence on imported technology,High transmission costs across urban areas,Lack of community awareness on renewables
1.3.4,What is a primary factor influencing the development of sustainable energy projects across Asia and the Pacific?,Availability of renewable resources in the region,Level of technological innovation in energy storage,Public acceptance and community support,Regional government policies and incentives
1.3.5,"In the context of expanding renewable energy in Europe and Central Asia, what is a primary obstacle policymakers face when modernizing the power grid?",Limited capacity of current grid infrastructure to handle variable renewable flows,High costs associated with upgrading transmission lines,"Limited availability of flexible resources (storage, demand response, interconnections) to balance variable renewables",Insufficient data on regional renewable resource patterns
1.4.1,Which assumption is most fragile when leveraging cross-cutting approaches to drive systemic change in sustainable energy?,Stakeholders will align their long-term goals with systemic change initiatives,Policy frameworks will adapt swiftly to new integrated strategies,Technological innovations will be compatible across sectors and regions,Data sharing among actors will be transparent and secure
1.4.3,Which strategy best promotes equitable energy transitions across diverse communities?,Implementing inclusive policy frameworks that prioritize marginalized groups,Expanding clean-energy technologies first and addressing equity mainly through later affordability measures,"Offering broad electricity price subsidies to lower bills, without targeting support to the most vulnerable","Prioritizing infrastructure expansion with limited co-design, relying on national plans to determine local priorities"
2.1.1,"In efforts to improve energy access in remote areas, which implementation risk is most urgent to address first?",High initial costs limiting project deployment,Lack of local technical expertise for maintenance,Community resistance due to cultural differences,Insufficient data on renewable resource availability
2.1.2,What should come before integrating renewable energy into national development strategies to ensure sustainable growth?,Establish baseline assessments of current energy access and needs,Secure stakeholder engagement across government and local communities,Develop technical feasibility studies for renewable options,Create policy frameworks supporting renewable energy incentives
2.2.2,What evidence would most change our understanding of how layers of inequality affect energy access?,Disaggregated data showing social disparities in energy consumption,Research identifying cultural barriers to energy access in marginalized communities,Case studies illustrating successful inclusive energy programs,Statistical analysis linking income levels to renewable energy adoption
2.2.3,"Which factor most influences the adoption of clean cooking, heating, and cooling solutions globally?",Availability of affordable clean fuels,Cultural preferences for traditional methods,Government policies and incentives,Technological advancements in appliances
2.2.4,"In efforts to achieve universal energy access, which challenge most hinders providing reliable electricity to underserved populations?","Limited local infrastructure and grid connections (e.g., lack of transmission lines)",High costs of deploying renewable mini-grids and off-grid solutions,Policy gaps and regulatory barriers restricting project implementation,"Multiple overlapping barriers such as infrastructure, costs, and policy"
2.3.1,Which indicator best signals progress toward equitable energy access across diverse communities?,Percentage of marginalized groups with reliable energy services,Level of community participation in project decision-making,Number of policies enacted to address social disparities,Frequency of energy access assessments disaggregated by demographic factors
2.3.3,"When designing sustainable energy financing mechanisms, which constraint should be non-negotiable?",Equity among stakeholders,Reliability of funding sources,Affordability for end-users,Transparency in project reporting
2.3.4,Which assumption about policy frameworks for energy access is most fragile in ensuring inclusive and sustainable solutions?,Policies will be effectively enforced across all regions,Stakeholders will agree on shared energy access goals,Funding allocations will prioritize marginalized communities,Legal standards will adapt swiftly to technological changes
2.3.5,Which assumption about digital tools and AI being essential for unlocking energy access is most fragile in practice?,That digital literacy levels are sufficient across communities,That reliable internet connectivity exists in remote areas,That data privacy concerns do not hinder adoption,That digital tools can operate effectively without local infrastructure
7.1.1,"In efforts to improve energy access with digital tools, which approach best addresses the unique needs of remote or underserved communities?",Using data analytics to identify optimal locations for renewable mini-grids,Implementing AI-powered demand forecasting to prevent outages,Relying on digital platforms to facilitate community-led energy planning,"Using mobile-based payment, customer support, and remote monitoring tools to reduce service costs in hard-to-reach areas"
3.1.2,Imagine a government aims to ensure social justice during a just energy transition; which first policy action should they implement to promote inclusivity?,"Develop performance-based financial incentives (e.g., targeted subsidies for vulnerable groups)","Establish regulatory standards for inclusivity (e.g., diversity requirements in projects)","Implement market-based mechanisms (e.g., cap-and-trade with social equity considerations)","Mandate disclosure requirements (e.g., reporting on community impact metrics)"
3.2.2,"Considering communities facing employment disparities during energy transitions, which factor most influences the success of worker retraining programs?",Access to targeted retraining and skill development initiatives,Availability of local renewable energy projects,Level of government funding for job placement,Community engagement and support for training programs
3.2.3,"During economic downturns, which aspect of social safety nets most effectively helps vulnerable populations access energy support?",Targeted income support programs for energy bills,Public awareness on energy efficiency options,Community-based energy sharing initiatives,Availability of affordable renewable energy options
3.3.1,Which factor most influences the supply chain stability for critical minerals used in renewable energy technologies?,Global geopolitical tensions affecting resource access,Advancements in mineral extraction technologies,Local community engagement in mining areas,International trade policies and tariffs
3.3.2,"Considering widespread deployment of solar and wind energy, which environmental concern is most likely to emerge during project development?",Habitat disruption from large-scale solar farms,Land-use conflicts and landscape impacts from siting projects and new transmission corridors,Soil contamination from manufacturing processes,Bird and bat mortality due to turbine operations
3.3.3,"In efforts to strengthen the renewable energy value chain, which factor most impacts the speed of bringing innovations from development to deployment?",Availability of manufacturing facilities and supply chains,Level of public acceptance and community support,Government policies and regulatory frameworks,Access to financing and investment capital
3.4.1,Which governance approach most effectively promotes a just and inclusive energy transition?,Implementing participatory decision-making processes that involve local communities,"Relying on market incentives paired with basic social safeguards (e.g., targeted support funds) but limited local participation","Setting national rules and targets with periodic stakeholder consultations, but limited decision-making power at the local level",Prioritizing rapid national decarbonization targets while mitigating impacts through worker retraining and compensation programs
3.4.2,Which metric would you track to evaluate the success of a community-led sustainable energy project?,Percentage of community members actively participating in project planning,Amount of renewable energy generated per month,Number of local jobs created through project development,Level of community satisfaction measured via surveys
4.1.1,What should come before attracting more private sector investment in global renewable energy projects?,Establishing clear policy and regulatory frameworks,Reducing technological barriers through innovation,Increasing public awareness and community support,Securing initial grant or subsidy funding
4.1.2,"In a market with increasing renewable capacity, which factor most impacts the stability of energy prices?",The flexibility of the existing grid infrastructure,The level of government subsidies for renewables,Consumer demand variability,The availability of backup fossil fuel plants
4.1.3,"When designing a renewable energy project to attract investment, which factor most determines its bankability?",The project's proven financial viability and revenue model,Alignment with local environmental and social standards,Availability of government grants or subsidies,Technological maturity and proven performance
4.2.1,Which action best demonstrates how the public sector can effectively support sustainable energy financing?,Providing targeted subsidies to renewable projects,Providing public credit guarantees or concessional lending to de-risk private investment in clean energy,Reducing regulatory barriers for private investments,Establishing public-private partnership frameworks
4.2.2,Which assumption is most fragile when designing effective financial health policies for sustainable energy regulation?,Regulators underestimate the ability of private firms to adapt their financial models,Stakeholders assume that existing legal frameworks will remain stable over time,Policy makers believe that technological innovation will inherently lower costs without policy support,Financial institutions assume that renewable energy projects will always generate predictable returns
4.2.3,Which factor is most likely to influence the effectiveness of energy subsidy reforms in promoting sustainable energy adoption?,The level of political commitment and policy support,The availability of renewable energy resources in the region,The existing affordability of fossil fuels for consumers,The public awareness and acceptance of subsidy changes
4.3.1,Which implementation risk should be addressed first to attract private sector investment in sustainable energy projects?,Perceived policy instability deterring long-term commitments,Concerns over project financial viability due to market volatility,Limited stakeholder engagement reducing project support,Insufficient technological readiness causing delays
4.3.2,Which risk mitigation strategy is most effective for managing uncertainties in developing renewable energy projects?,Conducting comprehensive risk assessments with stakeholder input,Implementing flexible project designs to adapt to changing conditions,Securing diverse funding sources to reduce financial dependency,Engaging communities early to address social acceptance concerns
4.3.3,Which factor most influences the success of blended finance in mobilizing investments for sustainable energy projects?,Effective coordination between public and private sectors,Availability of concessional funding from international donors,Community acceptance of project initiatives,Strength of local regulatory frameworks
4.4.1,"When driving transformation through thematic bonds, which risk should be addressed first to ensure project success?",Market volatility affecting bond returns,Investor skepticism about thematic bonds,Lack of clear regulatory frameworks for bonds,Limited awareness of thematic bonds among stakeholders
4.4.2,"In innovating finance through debt swaps, which option most effectively incentivizes sustainable energy investments?",Offering debt-for-renewable energy exchange agreements to reduce borrowing costs,Implementing mandatory disclosure of debt swap terms for transparency,Creating auction platforms to allocate debt swap opportunities to project developers,Establishing standards for reporting debt swap outcomes to ensure accountability
4.4.3,Which metric would you track to evaluate the effectiveness of carbon financing mechanisms in reducing greenhouse gas emissions?,Volume of carbon credits traded annually,Number of projects financed through carbon markets,Average cost per ton of CO2 offset,Percentage increase in renewable energy capacity funded
4.4.4,Which digital financing solution best accelerates investments in emerging sustainable energy projects?,Using AI to automatically approve loans based on project data and risk profiles,Implementing online crowdfunding platforms to gather community support and funds,Providing microfinance via digital wallets tailored to small-scale renewable projects,Applying blockchain-based smart contracts to ensure transparent and efficient fund disbursement
4.5.1,"In the context of establishing successful partnerships for sustainable energy investments, which factor most influences collaboration outcomes?",Strong alignment of long-term goals among partners,Access to innovative renewable energy solutions,Trust and effective communication between stakeholders,Clearer sharing of risks and responsibilities
4.5.2,"In efforts to promote gender equality in sustainable energy financing, which barrier most often hinders women’s access to funding opportunities?",Cultural norms limiting women's financial participation,Lack of targeted financial products for women entrepreneurs,Insufficient awareness of available funding programs for women,Limited access to digital financial services in underserved communities
5.2.1,"When designing effective policy and regulatory frameworks, which trade-off would you accept first to balance long-term sustainability, economic growth, social equity, and technological innovation?","Prioritizing long-term sustainability, even if it delays economic growth and increases initial costs","Focusing on immediate economic growth, accepting limited progress on social equity and environmental standards","Ensuring social equity, even if it requires sacrificing some technological innovation and increasing regulatory complexity","Accelerating technological innovation, even if it short-term compromises social equity and environmental safeguards"
5.2.2,"In overseeing a national renewable energy initiative, which element is most essential for maintaining transparency and regular oversight?",Implementation of standardized reporting protocols for progress and challenges,Periodic independent audits and public disclosure of findings,Engagement of diverse stakeholders through consultation processes,Use of digital platforms for real-time project monitoring and data sharing
5.3.1,What is the most likely failure mode when developing strategic instruments for energy planning and policy implementation?,Overreliance on short-term incentives that overshadow long-term objectives,Misalignment between policy goals and stakeholder interests causing delays,Insufficient data integration leading to incomplete strategic analysis,Lack of adaptive capacity in instruments to respond to technological changes
5.3.2,"In a country implementing a new renewable energy regulation, what is the primary function of command-and-control instruments?",Enforcing mandatory standards to ensure compliance and safety,"Requiring permits, licensing, and reporting to ensure projects meet defined technical and environmental conditions","Using price-based incentives such as feed-in tariffs, tax credits, or rebates to shift investment toward renewables","Creating tradable schemes (e.g., renewable certificates or emissions trading) to meet targets through market transactions"
5.3.3,"In designing market-based instruments to promote renewable energy, which option best balances encouraging private investment and ensuring environmental integrity?",Implementing carbon pricing mechanisms like taxes or cap-and-trade systems,Creating tradable renewable energy certificates to incentivize clean production,Offering direct subsidies coupled with environmental performance standards,Establishing long-term feed-in tariffs with transparent pricing frameworks
5.3.4,"When establishing key contractual tools, which policy instrument is most effective for promoting sustainable energy investments?",Financial subsidies to lower project costs,Renewable energy standards for utilities,Auction-based project funding mechanisms,Mandatory disclosure of project impacts
6.1.3,Which co-benefit of sustainable energy is most likely to influence local community well-being?,Reduced air pollution leading to better health outcomes,Increased energy cost savings for households,Creation of new technical job opportunities,Enhanced access to reliable electricity
6.2.3,Which metric would you track to most effectively evaluate the inclusivity of a transport electrification initiative?,Number of low-income individuals adopting electric mobility options,Percentage of public transportation fleet electrified in underserved areas,Average income level of households using new electric transport modes,Rate of participation from marginalized communities in planning processes
6.4.1,Which factor most influences the vulnerability of global energy systems to climate change impacts?,Dependence on climate-sensitive renewable resources,Lack of investment in resilient infrastructure,Overreliance on fossil fuel imports,Insufficient global coordination and planning
6.4.3,Which assumption about the integration of social and economic impacts into energy policies is most fragile?,Policy frameworks can fully account for cultural diversity and local social dynamics,Stakeholder participation will automatically reflect diverse social identities,Quantitative indicators can adequately represent lived experiences of energy inequity,Equity considerations will be maintained when trade-offs with cost or speed arise
7.1.2,Which data-related challenge most limits equitable decision-making in sustainable energy projects?,Insufficient granularity of social impact data,Limited access to real-time energy consumption data,Difficulty in integrating diverse data sources,Lack of standardized data collection protocols
7.1.3,What is the most likely failure mode when scaling the energy data value chain to support comprehensive renewable projects?,Data interoperability issues leading to fragmented information,Inadequate data security causing stakeholder mistrust,Overreliance on outdated data sources impairing decisions,Insufficient stakeholder coordination delaying data sharing
7.2.1,"In managing energy data for sustainable projects, which stage of the value chain most influences data quality and decision-making?",Data collection from sensors and sources,Data analysis and validation processes,Data storage and security management,Data dissemination to stakeholders
7.2.3,What policy instrument is most effective for promoting gender and intersectionality considerations in energy planning?,Requirement of gender-disaggregated data in project assessments,Implementation of social impact standards for renewable projects,Provision of targeted subsidies for marginalized communities,Mandating diversity and inclusion criteria in project approval processes
7.3.2,Imagine you are starting a project to develop an energy model for a sustainable energy system; which initial step should you prioritize?,Collect baseline energy data,Identify stakeholder needs,Set project goals and scope,Assess technological options
7.3.3,Which category best describes the primary challenge faced when applying machine learning to energy data analysis?,Data Quality Issues,Algorithm Complexity,Integration with Existing Systems,Limited Computational Resources
7.4.1,"In accelerating energy data innovation, which system-level enabler most effectively supports reliable decision-making and stakeholder collaboration?",Robust digital infrastructure and connectivity,Clear regulatory policies that facilitate data sharing,Active collaboration among diverse energy stakeholders,"Accessible, open data platforms for all users"
7.4.2,Which advanced technology most enhances the efficiency of modern energy systems?,Smart grid management systems,Next-generation battery storage,Artificial intelligence for demand response,Advanced power electronics
8.1.1,"Considering current trends, which driver is most likely to shape future global energy demand in the next decade?",Rapid urbanization and population growth increasing electricity needs worldwide,Technological advancements leading to higher energy efficiency in industry and homes,Shifts in consumer behavior favoring electric vehicles and digital services,Policy initiatives aiming to reduce carbon emissions and promote renewables
8.2.2,Which metric would you track to assess the effectiveness of next-generation energy models in improving system reliability?,Frequency of system outages during peak demand,Accuracy of energy demand forecasts over time,Rate of successful renewable integration projects,Average response time of grid balancing systems
9.2.1,What evidence would most influence an investor's perception of risk in funding renewable energy projects?,Data showing long-term performance and reliability of the technology,Findings indicating community support or opposition levels,Reports on recent policy stability and regulatory changes,Analysis of environmental impact assessments and social acceptance
9.2.3,"In a country striving to boost renewable investments, which government-market strategy best overcomes financial and regulatory barriers?",Implementing carbon pricing mechanisms to incentivize clean energy,Providing technical training programs for investors and developers,Streamlining permitting processes and reducing bureaucratic delays,Creating public-private partnerships to share risks and benefits
9.3.3,"In the context of accelerating renewable energy deployment through public sector efforts, which policy instrument is most effective?",Offering performance-based financial incentives for projects,Introducing mandatory renewable energy quotas for utilities,Creating streamlined approval and permitting processes,Providing low-interest loans and grants for renewable infrastructure
9.3.4,"When modelling Levelized Cost of Energy (LCOE), which policy instrument is most effective for encouraging cost transparency and informed decision-making?",Implementing mandatory disclosure of project cost components,Providing performance-based subsidies for cost reductions,Establishing auction mechanisms for project selection,Enacting standards for reporting financial and operational data
