Lesson,Language
0.0.0,en
0.0.0,fr
0.0.0,zh
1.0.-1,ar
1.0.-1,en
1.0.-1,es
1.0.-1,fr
1.0.-1,pt
1.0.-1,ru
1.0.-1,zh
1.0.0,ar
1.0.0,en
1.0.0,es
1.0.0,fr
1.0.0,pt
1.0.0,ru
1.0.0,zh
1.1.0,ar
1.1.0,en
1.1.0,es
1.1.0,fr
1.1.0,pt
1.1.0,ru
1.1.0,zh
1.1.1,ar
1.1.1,en
1.1.1,es
1.1.1,fr
1.1.1,pt
1.1.1,ru
1.1.1,zh
1.1.3,ar
1.1.3,en
1.1.3,es
1.1.3,fr
1.1.3,pt
1.1.3,ru
1.1.3,zh
1.2.0,ar
1.2.0,en
1.2.0,es
1.2.0,fr
1.2.0,pt
1.2.0,ru
1.2.0,zh
1.2.3,ar
1.2.3,en
1.2.3,es
1.2.3,fr
1.2.3,pt
1.2.3,ru
1.2.3,zh
1.3.0,ar
1.3.0,en
1.3.0,es
1.3.0,fr
1.3.0,pt
1.3.0,ru
1.3.0,zh
1.4.0,ar
1.4.0,en
1.4.0,es
1.4.0,fr
1.4.0,pt
1.4.0,ru
1.4.0,zh
1.4.3,ar
1.4.3,en
1.4.3,es
1.4.3,fr
1.4.3,pt
1.4.3,ru
1.4.3,zh
2.0.0,ar
2.0.0,en
2.0.0,es
2.0.0,fr
2.0.0,pt
2.0.0,ru
2.0.0,zh
2.1.0,ar
2.1.0,en
2.1.0,es
2.1.0,fr
2.1.0,pt
2.1.0,ru
2.1.0,zh
2.2.0,ar
2.2.0,en
2.2.0,es
2.2.0,fr
2.2.0,pt
2.2.0,ru
2.2.0,zh
2.3.0,ar
2.3.0,en
2.3.0,es
2.3.0,fr
2.3.0,pt
2.3.0,ru
2.3.0,zh
3.0.0,ar
3.0.0,en
3.0.0,es
3.0.0,fr
3.0.0,pt
3.0.0,ru
3.0.0,zh
3.1.0,ar
3.1.0,en
3.1.0,es
3.1.0,fr
3.1.0,pt
3.1.0,ru
3.1.0,zh
3.2.0,ar
3.2.0,en
3.2.0,es
3.2.0,fr
3.2.0,pt
3.2.0,ru
3.2.0,zh
3.3.0,ar
3.3.0,en
3.3.0,es
3.3.0,fr
3.3.0,pt
3.3.0,ru
3.3.0,zh
3.4.0,ar
3.4.0,en
3.4.0,es
3.4.0,fr
3.4.0,pt
3.4.0,ru
3.4.0,zh
4.0.0,ar
4.0.0,en
4.0.0,es
4.0.0,fr
4.0.0,pt
4.0.0,ru
4.0.0,zh
4.1.0,ar
4.1.0,en
4.1.0,es
4.1.0,fr
4.1.0,pt
4.1.0,ru
4.1.0,zh
4.2.0,ar
4.2.0,en
4.2.0,es
4.2.0,fr
4.2.0,pt
4.2.0,ru
4.2.0,zh
4.3.0,ar
4.3.0,en
4.3.0,es
4.3.0,fr
4.3.0,pt
4.3.0,ru
4.3.0,zh
4.4.0,ar
4.4.0,en
4.4.0,es
4.4.0,fr
4.4.0,pt
4.4.0,ru
4.4.0,zh
4.5.0,ar
4.5.0,en
4.5.0,es
4.5.0,fr
4.5.0,pt
4.5.0,ru
4.5.0,zh
5.0.0,ar
5.0.0,en
5.0.0,es
5.0.0,fr
5.0.0,pt
5.0.0,ru
5.0.0,zh
5.1.0,ar
5.1.0,en
5.1.0,es
5.1.0,fr
5.1.0,pt
5.1.0,ru
5.1.0,zh
5.2.0,ar
5.2.0,en
5.2.0,es
5.2.0,fr
5.2.0,pt
5.2.0,ru
5.2.0,zh
5.3.0,ar
5.3.0,en
5.3.0,es
5.3.0,fr
5.3.0,pt
5.3.0,ru
5.3.0,zh
6.0.0,ar
6.0.0,en
6.0.0,es
6.0.0,fr
6.0.0,pt
6.0.0,ru
6.0.0,zh
6.1.0,ar
6.1.0,en
6.1.0,es
6.1.0,fr
6.1.0,pt
6.1.0,ru
6.1.0,zh
6.2.0,ar
6.2.0,en
6.2.0,es
6.2.0,fr
6.2.0,pt
6.2.0,ru
6.2.0,zh
6.3.0,ar
6.3.0,en
6.3.0,es
6.3.0,fr
6.3.0,pt
6.3.0,ru
6.3.0,zh
7.0.0,ar
7.0.0,en
7.0.0,es
7.0.0,fr
7.0.0,pt
7.0.0,ru
7.0.0,zh
7.1.0,ar
7.1.0,en
7.1.0,es
7.1.0,fr
7.1.0,pt
7.1.0,ru
7.1.0,zh
7.2.0,ar
7.2.0,en
7.2.0,es
7.2.0,fr
7.2.0,pt
7.2.0,ru
7.2.0,zh
7.3.0,ar
7.3.0,en
7.3.0,es
7.3.0,fr
7.3.0,pt
7.3.0,ru
7.3.0,zh
7.4.0,ar
7.4.0,en
7.4.0,es
7.4.0,fr
7.4.0,pt
7.4.0,ru
7.4.0,zh
8.0.0,ar
8.0.0,en
8.0.0,es
8.0.0,fr
8.0.0,pt
8.0.0,ru
8.0.0,zh
8.1.0,ar
8.1.0,en
8.1.0,es
8.1.0,fr
8.1.0,pt
8.1.0,ru
8.1.0,zh
8.2.0,ar
8.2.0,en
8.2.0,es
8.2.0,fr
8.2.0,pt
8.2.0,ru
8.2.0,zh
8.3.0,ar
8.3.0,en
8.3.0,es
8.3.0,fr
8.3.0,pt
8.3.0,ru
8.3.0,zh
9.0.0,ar
9.0.0,en
9.0.0,es
9.0.0,fr
9.0.0,pt
9.0.0,ru
9.0.0,zh
9.1.0,ar
9.1.0,en
9.1.0,es
9.1.0,fr
9.1.0,pt
9.1.0,ru
9.1.0,zh
9.2.0,ar
9.2.0,en
9.2.0,es
9.2.0,fr
9.2.0,pt
9.2.0,ru
9.2.0,zh
9.3.0,ar
9.3.0,en
9.3.0,es
9.3.0,fr
9.3.0,pt
9.3.0,ru
9.3.0,zh
