{
  "id": "2.0.0",
  "segments": [
    {
      "template_id": "module_cover",
      "content": {
        "image": {
          "src": "https://iea.imgix.net/5860051d-c92e-4fea-8a90-12bf5334dbef/Renewables_2023_shutterstock_1527609272.jpg",
          "caption": ""
        },
        "module": {
          "label": "Module",
          "Number": "2"
        },
        "title": "Module 2 Introduction",
        "cta": "Scroll, tab or use your keyboard to move ahead"
      },
      "colorscheme": "light"
    },
    {
      "template_id": "text",
      "colorscheme": "dark",
      "content": {
        "text_elements": [
          {
            "template_id": "subtitle",
            "content": {
              "text": "Module Overview"
            }
          },
          {
            "template_id": "subtitle_small",
            "content": {
              "text": "Tempora aliquam aliquam magnam."
            }
          },
          {
            "template_id": "paragraph_large",
            "content": {
              "text": "Dolorem porro tempora aliquam est voluptatem neque quiquia. Quiquia velit eius velit sit modi. Sit est labore neque quiquia ut. Quiquia quiquia voluptatem aliquam. Magnam numquam adipisci sit neque magnam est tempora. Ipsum adipisci neque dolore dolorem. Tempora amet quiquia consectetur eius est."
            }
          }
        ]
      }
    },
    {
      "template_id": "learning_objectives",
      "content": {
        "title": "Learning Objectives",
        "intro": "Consectetur magnam numquam velit.",
        "objectives": [
          {
            "image": {
              "src": "https://iea.imgix.net/5860051d-c92e-4fea-8a90-12bf5334dbef/Renewables_2023_shutterstock_1527609272.jpg",
              "caption": ""
            },
            "title": "Quaerat quisquam neque quisquam non magnam dolorem porro.",
            "description": "Magnam sit tempora magnam dolore eius eius. Velit dolor dolore tempora porro ipsum neque. Neque magnam quaerat etincidunt non consectetur porro. Numquam quisquam ut etincidunt porro voluptatem. Magnam"
          },
          {
            "image": {
              "src": "https://www.energy.gov/sites/default/files/styles/full_article_width/public/2023-11/GRIP%20Blog%20Posting%20Clean%20Energy%20Solar%20Panels.jpg?itok=5KDc3kxK",
              "caption": ""
            },
            "title": "Ipsum etincidunt quiquia consectetur.",
            "description": "Adipisci dolorem modi amet. Aliquam est dolor est. Amet velit porro ut. Quiquia dolore ipsum dolorem tempora eius velit. Amet dolorem tempora est. Magnam amet tempora amet amet ut amet. Voluptatem neq"
          },
          {
            "image": {
              "src": "https://www.undp.org/sites/g/files/zskgke326/files/2022-07/UNDP-Peru-2018_rural_solar_04-Photo%20UNDP%20Peru-Monica%20Sua%CC%81rez%20Galindo.jpg",
              "caption": ""
            },
            "title": "Numquam voluptatem eius quiquia amet dolorem.",
            "description": "Adipisci amet dolore modi quiquia etincidunt amet. Sit etincidunt etincidunt sed consectetur magnam. Voluptatem sed non dolor. Quiquia quiquia velit dolor consectetur. Quisquam quaerat est eius ut ips"
          },
          {
            "image": {
              "src": "https://iea.imgix.net/5860051d-c92e-4fea-8a90-12bf5334dbef/Renewables_2023_shutterstock_1527609272.jpg",
              "caption": ""
            },
            "title": "Adipisci etincidunt adipisci dolore consectetur.",
            "description": "Quiquia labore quisquam numquam. Velit quisquam consectetur ipsum modi porro tempora dolorem. Magnam consectetur magnam eius labore. Consectetur quaerat labore ut quisquam porro. Eius porro ut consect"
          },
          {
            "image": {
              "src": "https://live.staticflickr.com/1552/26342931015_38814fbfac_b.jpg",
              "caption": ""
            },
            "title": "Sit etincidunt sed quaerat consectetur labore quaerat sit.",
            "description": "Porro quisquam magnam dolore. Modi magnam adipisci voluptatem. Etincidunt sed velit est labore est ut. Velit dolorem dolor labore aliquam porro. Labore ut etincidunt non quiquia etincidunt consectetur"
          },
          {
            "image": {
              "src": "https://cdn.prod.website-files.com/6487341142c5367c3cefe169/670703187e5c652197eacf42_Energy.png",
              "caption": ""
            },
            "title": "Quiquia quisquam magnam sit tempora.",
            "description": "Ipsum modi eius sit neque voluptatem. Neque neque est adipisci est. Consectetur dolor tempora dolor dolor ipsum quiquia. Consectetur non dolore dolorem porro quisquam quiquia modi. Quaerat quiquia dol"
          }
        ]
      },
      "colorscheme": "light"
    },
    {
      "template_id": "connection_next",
      "content": {
        "image": {
          "src": "https://web14.bernama.com/storage/photos/830db0b0eb59429f4a6f5618134452c963f433bee8a98",
          "caption": ""
        },
        "intro": "Next up",
        "title": "Chapter 1 Introduction",
        "cta": "Start learning",
        "nextLessonId": "2.1.0"
      }
    }
  ]
}