{
  "id": "2.1.0",
  "segments": [
    {
      "template_id": "chapter_cover",
      "content": {
        "image": {
          "src": "https://www.healthtechdigital.com/wp-content/uploads/Artificial-Intelligence-in-renewable-energy-market-Study-shows-important-fields-of-application.-min.jpg",
          "caption": ""
        },
        "chapter": {
          "label": "Chapter",
          "Number": "1"
        },
        "intro": "Just Energy Transition | chapter 1",
        "title": "Chapter 1 Introduction",
        "cta": "Scroll, tab or use your keyboard to move ahead",
        "subtitle": "M2: Energy Access and Inclusive Energy Services | Chapter 1"
      },
      "colorscheme": "dark"
    },
    {
      "template_id": "text",
      "colorscheme": "dark",
      "content": {
        "text_elements": [
          {
            "template_id": "subtitle",
            "content": {
              "text": "Chapter Overview"
            }
          },
          {
            "template_id": "subtitle_small",
            "content": {
              "text": "Porro modi neque adipisci magnam tempora."
            }
          },
          {
            "template_id": "paragraph_large",
            "content": {
              "text": "Neque adipisci magnam magnam magnam tempora etincidunt quiquia. Amet est ipsum aliquam dolor etincidunt. Dolorem magnam numquam sed eius. Quisquam adipisci dolor amet neque quisquam. Non voluptatem ipsum eius ut quaerat. Amet dolore non etincidunt ipsum eius est eius. Dolorem voluptatem etincidunt velit adipisci voluptatem."
            }
          }
        ]
      }
    },
    {
      "template_id": "list_of_lessons",
      "content": {
        "title": "What's next in this chapter?",
        "lessons": [
          {
            "cta": "Go to the lesson",
            "description": "Labore adipisci ipsum labore aliquam ut amet ut.",
            "lessonId": "2.1.1",
            "image": {
              "src": "https://www.powerengineeringint.com/wp-content/uploads/2024/04/renewable-energy_cybersecurity.jpg",
              "caption": ""
            },
            "title": "Energy Access - Core Concepts",
            "type": "Lesson",
            "progress": "not_started"
          },
          {
            "cta": "Go to the lesson",
            "description": "Tempora modi eius ipsum.",
            "lessonId": "2.1.2",
            "image": {
              "src": "https://elements-resized.envatousercontent.com/elements-video-cover-images/3254f24d-2426-43ae-b55d-aedc5cd25fea/video_preview/video_preview_0000.jpg?w=1400&cf_fit=cover&q=85&format=auto&s=8801a0bc8becf7ebb4baee10701611ef4b9f3f6939ca660e3a0b90514b7cf8d2",
              "caption": ""
            },
            "title": "Sustainable Energy to power development",
            "type": "Lesson",
            "progress": "not_started"
          },
          {
            "cta": "Go to the lesson",
            "description": "Quaerat voluptatem non modi quisquam eius quisquam labore.",
            "lessonId": "2.1.3",
            "image": {
              "src": "https://elementum-esg.co.uk/wp-content/uploads/2024/04/energy-sources.png",
              "caption": ""
            },
            "title": "Energy Poverty and Fuel Poverty",
            "type": "Lesson",
            "progress": "not_started"
          }
        ]
      },
      "colorscheme": "light"
    },
    {
      "template_id": "connection_next",
      "content": {
        "image": {
          "src": "https://www.resusenergy.lk/images/Resus_Enegry_Images/Project_Images/mahiyagnanaya/dji_0008.jpg",
          "caption": ""
        },
        "intro": "Next up",
        "title": "Energy Access - Core Concepts",
        "cta": "Start learning",
        "nextLessonId": "2.1.1"
      }
    }
  ]
}