{
  "id": "2.1.3",
  "segments": [
    {
      "template_id": "lesson_cover",
      "content": {
        "image": {
          "src": "https://elements-resized.envatousercontent.com/elements-video-cover-images/3254f24d-2426-43ae-b55d-aedc5cd25fea/video_preview/video_preview_0000.jpg?w=1400&cf_fit=cover&q=85&format=auto&s=8801a0bc8becf7ebb4baee10701611ef4b9f3f6939ca660e3a0b90514b7cf8d2",
          "caption": ""
        },
        "lesson": {
          "label": "Lesson",
          "Number": "3"
        },
        "intro": "M2: Energy Access and Inclusive Energy Services | Chapter 1 | Lesson 3",
        "title": "Energy Poverty and Fuel Poverty"
      },
      "colorscheme": "light"
    },
    {
      "template_id": "text",
      "colorscheme": "dark",
      "content": {
        "text_elements": [
          {
            "template_id": "subtitle",
            "content": {
              "text": "Lesson Overview"
            }
          },
          {
            "template_id": "subtitle_small",
            "content": {
              "text": "Consectetur ut aliquam adipisci."
            }
          },
          {
            "template_id": "paragraph_large",
            "content": {
              "text": "Amet est voluptatem aliquam consectetur non modi. Dolor amet eius ut neque. Porro sed dolor modi. Magnam consectetur quaerat quiquia amet ut. Adipisci velit porro consectetur aliquam numquam ipsum dolore. Modi labore aliquam ut consectetur sed. Quaerat dolor tempora est quisquam dolorem. Consectetur amet consectetur voluptatem."
            }
          }
        ]
      }
    },
    {
      "template_id": "key_concepts",
      "color_scheme": "dark",
      "content": {
        "title": "Key Concepts",
        "intro": "Lorem ipsum",
        "concepts": [
          {
            "title": "Adipisci est ut etin",
            "body": "Voluptatem consectetur voluptatem porro etincidunt voluptatem quisquam. Consectetur quiquia numquam ipsum numquam ipsum. Quiquia ut labore velit numquam quiquia ut dolorem. Ut eius magnam quaerat. Sit porro modi quisquam. Modi dolor ipsum tempora ame",
            "source": "-International Development Organization"
          },
          {
            "title": "Ut numquam dolore si",
            "body": "Tempora labore est quisquam tempora consectetur. Quiquia voluptatem quisquam velit amet quiquia est velit. Dolorem dolore neque labore est dolorem modi amet. Aliquam aliquam porro tempora adipisci voluptatem. Neque quaerat neque voluptatem. Est dolor",
            "source": ""
          },
          {
            "title": "Est dolor est non et",
            "body": "Non modi sed quisquam numquam etincidunt ipsum quaerat. Labore eius porro amet porro. Dolor dolorem sit aliquam. Est consectetur labore voluptatem. Porro quiquia consectetur modi eius numquam magnam ipsum. Ut amet labore dolor quiquia adipisci. Quaer",
            "source": ""
          }
        ]
      },
      "colorscheme": "dark"
    },
    {
      "template_id": "photo_full_height",
      "colorscheme": "light",
      "content": {
        "image": {
          "src": "https://elements-resized.envatousercontent.com/elements-video-cover-images/3254f24d-2426-43ae-b55d-aedc5cd25fea/video_preview/video_preview_0000.jpg?w=1400&cf_fit=cover&q=85&format=auto&s=8801a0bc8becf7ebb4baee10701611ef4b9f3f6939ca660e3a0b90514b7cf8d2",
          "caption": ""
        }
      }
    },
    {
      "template_id": "text",
      "colorscheme": "light",
      "content": {
        "text_elements": [
          {
            "template_id": "subtitle",
            "content": {
              "text": "Est consectetur dolore sed sit numquam velit sit"
            }
          },
          {
            "template_id": "paragraph_medium",
            "content": {
              "text": "Labore quiquia amet numquam labore dolorem non voluptatem. Est quiquia amet quaerat non dolorem sed quiquia. Sed dolorem etincidunt ut voluptatem. Quiquia magnam ipsum quaerat ut dolorem voluptatem. Etincidunt labore ipsum labore neque velit adipisci amet. Dolor dolor ipsum amet voluptatem voluptatem. Amet porro est voluptatem etincidunt sed."
            }
          }
        ]
      }
    },
    {
      "template_id": "key_takeaways",
      "content": {
        "title": "Key Takeaways",
        "intro": "Neque dolore consectetur dolorem.",
        "takeaways": [
          {
            "image": {
              "src": "https://www.energy.gov/sites/default/files/styles/full_article_width/public/2023-11/GRIP%20Blog%20Posting%20Clean%20Energy%20Solar%20Panels.jpg?itok=5KDc3kxK",
              "caption": ""
            },
            "title": "Labore...",
            "description": "Dolorem aliquam consectetur magnam. Ut amet quaerat dolore porro. Neque dolorem voluptatem quaerat adipisci neque. Dolor ipsum amet labore dolor adipisci. Sit numquam consectetur dolore est. Voluptatem sit eius eius dolore aliquam. Quaerat voluptatem sed dolorem consectetur numquam est porro."
          },
          {
            "image": {
              "src": "https://cdn.prod.website-files.com/6487341142c5367c3cefe169/670703187e5c652197eacf42_Energy.png",
              "caption": ""
            },
            "title": "Modi...",
            "description": "Ut dolore neque magnam etincidunt. Aliquam porro numquam sit dolorem voluptatem consectetur ut. Magnam dolorem dolore dolore dolorem sed etincidunt. Voluptatem est eius est dolore sit velit. Consectetur sed dolore quisquam eius est aliquam. Eius ipsum modi non etincidunt eius. Ut dolore tempora dolorem adipisci. Sit labore velit ut porro. Dolor non dolore velit amet dolore."
          },
          {
            "image": {
              "src": "https://www.resusenergy.lk/images/Resus_Enegry_Images/Project_Images/mahiyagnanaya/dji_0008.jpg",
              "caption": ""
            },
            "title": "Magnam...",
            "description": "Amet ipsum est quiquia velit. Ipsum modi dolorem sit velit ipsum. Magnam quisquam quaerat tempora ut magnam est voluptatem. Sed sit magnam neque eius modi dolor velit. Quaerat non ut eius ipsum adipisci modi non. Ipsum magnam velit magnam tempora etincidunt magnam modi. Dolor est labore porro labore amet magnam quisquam. Numquam labore voluptatem velit dolorem numquam quaerat quiquia."
          }
        ]
      },
      "colorscheme": "light"
    },
    {
      "template_id": "key_resources",
      "content": {
        "title": "Key Resources",
        "resources": [
          {
            "image": {
              "src": "https://iea.imgix.net/5860051d-c92e-4fea-8a90-12bf5334dbef/Renewables_2023_shutterstock_1527609272.jpg",
              "caption": ""
            },
            "text": "Amet...",
            "cta": "Click to download",
            "href": "https://www.undp.org/publications/undps-energy-strategy"
          },
          {
            "image": {
              "src": "https://www.undp.org/sites/g/files/zskgke326/files/2023-05/1525381088_0.jpg",
              "caption": ""
            },
            "text": "Quiquia...",
            "cta": "Click to download",
            "href": "https://www.undp.org/publications/undps-energy-strategy"
          },
          {
            "image": {
              "src": "https://www.energy.gov/sites/default/files/styles/full_article_width/public/2023-11/GRIP%20Blog%20Posting%20Clean%20Energy%20Solar%20Panels.jpg?itok=5KDc3kxK",
              "caption": ""
            },
            "text": "Ipsum...",
            "cta": "Click to download",
            "href": "https://www.undp.org/publications/undps-energy-strategy"
          }
        ],
        "intro": "Modi labore aliquam sed etincidunt porro modi."
      },
      "colorscheme": "light"
    },
    {
      "template_id": "connection_next",
      "content": {
        "image": {
          "src": "https://www.powerengineeringint.com/wp-content/uploads/2024/04/renewable-energy_cybersecurity.jpg",
          "caption": ""
        },
        "intro": "Next up",
        "title": "Chapter 1 Outro",
        "cta": "Start learning",
        "nextLessonId": "2.1.-1"
      }
    }
  ]
}