{
  "id": "2.1.1",
  "segments": [
    {
      "template_id": "lesson_cover",
      "content": {
        "image": {
          "src": "https://www.powerengineeringint.com/wp-content/uploads/2024/04/renewable-energy_cybersecurity.jpg",
          "caption": ""
        },
        "lesson": {
          "label": "Lesson",
          "Number": "1"
        },
        "intro": "M2: Energy Access and Inclusive Energy Services | Chapter 1 | Lesson 1",
        "title": "Energy Access - Core Concepts"
      },
      "colorscheme": "dark"
    },
    {
      "template_id": "text",
      "colorscheme": "dark",
      "content": {
        "text_elements": [
          {
            "template_id": "subtitle",
            "content": {
              "text": "Lesson Overview"
            }
          },
          {
            "template_id": "subtitle_small",
            "content": {
              "text": "Labore est adipisci quiquia quaerat sit est labore."
            }
          },
          {
            "template_id": "paragraph_large",
            "content": {
              "text": "Quaerat adipisci etincidunt dolore. Quisquam quaerat etincidunt sed sed velit velit. Voluptatem amet non ut aliquam. Velit velit dolore sed. Tempora non sit est dolor. Quaerat adipisci neque neque velit."
            }
          }
        ]
      }
    },
    {
      "template_id": "key_concepts",
      "color_scheme": "dark",
      "content": {
        "title": "Key Concepts",
        "intro": "Lorem ipsum",
        "concepts": [
          {
            "title": "Etincidunt quisquam ",
            "body": "Numquam labore non amet. Eius porro quisquam ut quiquia dolorem velit. Sed neque quisquam voluptatem voluptatem quiquia ipsum quaerat. Amet modi est velit neque quisquam numquam dolore. Neque neque tempora modi dolorem dolore. Etincidunt eius numquam",
            "source": "-International Development Organization"
          },
          {
            "title": "Quaerat quisquam dol",
            "body": "Quiquia non eius quaerat quiquia. Magnam sed dolorem dolor aliquam. Modi numquam etincidunt aliquam. Amet quaerat porro amet sit voluptatem porro. Est consectetur quisquam sed consectetur. Consectetur velit quisquam dolorem adipisci ipsum porro sit. ",
            "source": ""
          },
          {
            "title": "Eius tempora dolore ",
            "body": "Ipsum sed ut tempora non. Modi ipsum ut neque. Eius tempora aliquam velit dolore quaerat neque. Quisquam labore voluptatem dolor sit. Ut quiquia sit quaerat consectetur ut. Quaerat eius porro tempora porro quaerat. Non aliquam quisquam voluptatem dol",
            "source": ""
          }
        ]
      },
      "colorscheme": "light"
    },
    {
      "template_id": "photo_full_height",
      "colorscheme": "dark",
      "content": {
        "image": {
          "src": "https://www.powerengineeringint.com/wp-content/uploads/2024/04/renewable-energy_cybersecurity.jpg",
          "caption": ""
        }
      }
    },
    {
      "template_id": "text",
      "colorscheme": "dark",
      "content": {
        "text_elements": [
          {
            "template_id": "subtitle",
            "content": {
              "text": "Velit non est non adipisci amet"
            }
          },
          {
            "template_id": "paragraph_medium",
            "content": {
              "text": "Eius non modi magnam quisquam est. Quisquam adipisci velit sit. Velit quiquia numquam numquam neque labore ipsum. Quisquam dolor quisquam porro adipisci. Amet dolorem sit sit tempora dolorem quiquia. Non consectetur quisquam eius quiquia velit dolorem. Neque sit est dolore adipisci quisquam. Dolore aliquam numquam voluptatem. Eius etincidunt non est amet quaerat voluptatem ipsum."
            }
          }
        ]
      }
    },
    {
      "template_id": "key_takeaways",
      "content": {
        "title": "Key Takeaways",
        "intro": "Est non aliquam etincidunt.",
        "takeaways": [
          {
            "image": {
              "src": "https://iea.imgix.net/5860051d-c92e-4fea-8a90-12bf5334dbef/Renewables_2023_shutterstock_1527609272.jpg",
              "caption": ""
            },
            "title": "Sed...",
            "description": "Eius consectetur ut amet. Quisquam etincidunt porro numquam eius velit. Eius eius ipsum sit quiquia est quisquam magnam. Porro aliquam consectetur sit. Ipsum dolorem dolore quiquia. Neque dolor aliquam magnam numquam. Quaerat labore est labore quisquam adipisci. Porro porro ut numquam velit magnam. Tempora velit quaerat adipisci adipisci quiquia. Numquam non neque sit etincidunt sit."
          },
          {
            "image": {
              "src": "https://coolermed.com/wp-content/uploads/2023/02/what-is-sustainable-energy-how-to-apply-it-to-medical-use.jpg",
              "caption": ""
            },
            "title": "Ipsum...",
            "description": "Voluptatem quaerat etincidunt dolor. Ut porro dolorem eius labore eius labore dolore. Est non amet labore quaerat tempora quaerat consectetur. Quaerat dolorem aliquam magnam ipsum neque quaerat tempora. Sit sed quiquia numquam non. Amet etincidunt sed voluptatem."
          },
          {
            "image": {
              "src": "https://cdn.prod.website-files.com/6487341142c5367c3cefe169/670703187e5c652197eacf42_Energy.png",
              "caption": ""
            },
            "title": "Quisquam...",
            "description": "Voluptatem est ut amet tempora ipsum quaerat. Non aliquam adipisci eius quaerat aliquam. Neque sed magnam velit quaerat labore magnam adipisci. Sit adipisci consectetur amet porro quiquia. Eius etincidunt eius ut sed tempora amet. Sed numquam consectetur non magnam magnam non. Labore voluptatem quiquia etincidunt dolore. Neque aliquam amet voluptatem. Modi aliquam quaerat sit ut velit aliquam quaerat. Porro sit neque neque ut numquam ut."
          }
        ]
      },
      "colorscheme": "dark"
    },
    {
      "template_id": "key_resources",
      "content": {
        "title": "Key Resources",
        "resources": [
          {
            "image": {
              "src": "https://live.staticflickr.com/1552/26342931015_38814fbfac_b.jpg",
              "caption": ""
            },
            "text": "Modi...",
            "cta": "Click to download",
            "href": "https://www.undp.org/publications/undps-energy-strategy"
          },
          {
            "image": {
              "src": "https://www.powerengineeringint.com/wp-content/uploads/2024/04/renewable-energy_cybersecurity.jpg",
              "caption": ""
            },
            "text": "Consectetur...",
            "cta": "Click to download",
            "href": "https://www.undp.org/publications/undps-energy-strategy"
          },
          {
            "image": {
              "src": "https://live.staticflickr.com/3775/10838225595_b7d942e452_h.jpg",
              "caption": ""
            },
            "text": "Ut...",
            "cta": "Click to download",
            "href": "https://www.undp.org/publications/undps-energy-strategy"
          }
        ],
        "intro": "Neque dolore consectetur neque sit labore."
      },
      "colorscheme": "dark"
    },
    {
      "template_id": "connection_next",
      "content": {
        "image": {
          "src": "https://elements-resized.envatousercontent.com/elements-video-cover-images/3254f24d-2426-43ae-b55d-aedc5cd25fea/video_preview/video_preview_0000.jpg?w=1400&cf_fit=cover&q=85&format=auto&s=8801a0bc8becf7ebb4baee10701611ef4b9f3f6939ca660e3a0b90514b7cf8d2",
          "caption": ""
        },
        "intro": "Next up",
        "title": "Sustainable Energy to power development",
        "cta": "Start learning",
        "nextLessonId": "2.1.2"
      }
    }
  ]
}