{
  "id": "2.1.2",
  "segments": [
    {
      "template_id": "lesson_cover",
      "content": {
        "image": {
          "src": "https://cdn.prod.website-files.com/6487341142c5367c3cefe169/670703187e5c652197eacf42_Energy.png",
          "caption": ""
        },
        "lesson": {
          "label": "Lesson",
          "Number": "2"
        },
        "intro": "M2: Energy Access and Inclusive Energy Services | Chapter 1 | Lesson 2",
        "title": "Sustainable Energy to power development"
      },
      "colorscheme": "light"
    },
    {
      "template_id": "text",
      "colorscheme": "dark",
      "content": {
        "text_elements": [
          {
            "template_id": "subtitle",
            "content": {
              "text": "Lesson Overview"
            }
          },
          {
            "template_id": "subtitle_small",
            "content": {
              "text": "Porro aliquam quiquia quaerat modi voluptatem sed quisquam."
            }
          },
          {
            "template_id": "paragraph_large",
            "content": {
              "text": "Voluptatem adipisci sed etincidunt ipsum quisquam adipisci porro. Est ut dolorem neque consectetur velit modi ipsum. Dolor aliquam velit ut modi numquam sit. Quaerat est modi numquam non magnam quisquam. Non consectetur consectetur ut dolor non. Ipsum dolore quaerat eius."
            }
          }
        ]
      }
    },
    {
      "template_id": "key_concepts",
      "color_scheme": "dark",
      "content": {
        "title": "Key Concepts",
        "intro": "Lorem ipsum",
        "concepts": [
          {
            "title": "Voluptatem non numqu",
            "body": "Porro non dolor dolorem. Neque quiquia modi velit eius voluptatem. Modi est neque magnam sed magnam velit ut. Magnam quaerat magnam quaerat dolore ipsum voluptatem. Sit velit labore neque amet consectetur adipisci. Voluptatem quiquia sit est consecte",
            "source": "-International Development Organization"
          },
          {
            "title": "Non labore non sit.",
            "body": "Quisquam eius dolor consectetur. Numquam aliquam dolor etincidunt tempora adipisci sed. Dolor etincidunt ut ut porro labore sit dolor. Eius eius labore modi. Dolorem tempora quaerat adipisci eius adipisci ipsum dolore. Adipisci quaerat voluptatem tem",
            "source": ""
          },
          {
            "title": "Ipsum sed sed eius.",
            "body": "Dolor tempora sed quaerat. Neque labore adipisci velit magnam labore labore. Adipisci amet non consectetur numquam ut non dolorem. Est etincidunt neque porro porro velit. Sit labore consectetur tempora labore. Etincidunt aliquam non labore velit.",
            "source": ""
          }
        ]
      },
      "colorscheme": "dark"
    },
    {
      "template_id": "photo_full_height",
      "colorscheme": "light",
      "content": {
        "image": {
          "src": "https://cdn.prod.website-files.com/6487341142c5367c3cefe169/670703187e5c652197eacf42_Energy.png",
          "caption": ""
        }
      }
    },
    {
      "template_id": "text",
      "colorscheme": "light",
      "content": {
        "text_elements": [
          {
            "template_id": "subtitle",
            "content": {
              "text": "Magnam quisquam amet eius magnam"
            }
          },
          {
            "template_id": "paragraph_medium",
            "content": {
              "text": "Ipsum modi magnam aliquam. Voluptatem ipsum modi quiquia numquam quaerat etincidunt magnam. Neque quiquia consectetur numquam tempora quaerat sed eius. Velit voluptatem dolore amet ut ut tempora quisquam. Sit amet numquam dolor labore est non dolorem. Sit sed modi neque voluptatem numquam adipisci. Adipisci est voluptatem ut magnam amet quiquia. Modi sed est ipsum. Sit est adipisci dolor eius adipisci dolorem porro. Velit consectetur eius quiquia consectetur."
            }
          }
        ]
      }
    },
    {
      "template_id": "key_takeaways",
      "content": {
        "title": "Key Takeaways",
        "intro": "Ipsum sit neque quiquia ipsum.",
        "takeaways": [
          {
            "image": {
              "src": "https://imgs.mongabay.com/wp-content/uploads/sites/20/2025/02/18142934/29572133848_45af12a4bb_k-e1737653671184.jpg",
              "caption": ""
            },
            "title": "Amet...",
            "description": "Labore dolor non consectetur quisquam ut sed labore. Magnam neque aliquam ut. Ut est etincidunt modi dolore ipsum. Neque neque dolorem porro eius. Sed sit porro numquam. Consectetur adipisci ut sit velit."
          },
          {
            "image": {
              "src": "https://www.healthtechdigital.com/wp-content/uploads/Artificial-Intelligence-in-renewable-energy-market-Study-shows-important-fields-of-application.-min.jpg",
              "caption": ""
            },
            "title": "Modi...",
            "description": "Non amet amet consectetur dolor non. Velit ipsum eius dolorem ut etincidunt velit. Modi quisquam sed dolorem ut. Labore amet neque consectetur sit modi labore velit. Consectetur tempora ut quiquia adipisci. Modi quisquam consectetur numquam. Non dolorem non quaerat labore modi."
          },
          {
            "image": {
              "src": "https://www.resusenergy.lk/images/Resus_Enegry_Images/Project_Images/mahiyagnanaya/dji_0008.jpg",
              "caption": ""
            },
            "title": "Etincidunt...",
            "description": "Ut quisquam neque dolore labore sed. Aliquam magnam numquam labore quaerat est dolorem amet. Quisquam est dolorem dolore aliquam. Numquam quaerat dolor adipisci amet adipisci. Adipisci consectetur adipisci quiquia magnam. Modi tempora non aliquam amet sed neque. Modi est ipsum quaerat numquam. Non neque eius etincidunt. Quiquia labore sit quiquia quisquam quiquia tempora dolor. Etincidunt neque ut ut aliquam numquam."
          }
        ]
      },
      "colorscheme": "light"
    },
    {
      "template_id": "key_resources",
      "content": {
        "title": "Key Resources",
        "resources": [
          {
            "image": {
              "src": "https://www.resusenergy.lk/images/Resus_Enegry_Images/Project_Images/mahiyagnanaya/dji_0008.jpg",
              "caption": ""
            },
            "text": "Sit...",
            "cta": "Click to download",
            "href": "https://www.undp.org/publications/undps-energy-strategy"
          },
          {
            "image": {
              "src": "https://www.undp.org/sites/g/files/zskgke326/files/2022-07/UNDP-Peru-2018_rural_solar_04-Photo%20UNDP%20Peru-Monica%20Sua%CC%81rez%20Galindo.jpg",
              "caption": ""
            },
            "text": "Tempora...",
            "cta": "Click to download",
            "href": "https://www.undp.org/publications/undps-energy-strategy"
          },
          {
            "image": {
              "src": "https://csis-website-prod.s3.amazonaws.com/s3fs-public/2024-01/AdobeStock_40869586_Crop1.jpg?VersionId=1HVO4O4gG312NydD1v8CElYVGjfLOYtH",
              "caption": ""
            },
            "text": "Quiquia...",
            "cta": "Click to download",
            "href": "https://www.undp.org/publications/undps-energy-strategy"
          }
        ],
        "intro": "Porro consectetur dolore quisquam est sit."
      },
      "colorscheme": "light"
    },
    {
      "template_id": "connection_next",
      "content": {
        "image": {
          "src": "https://www.undp.org/sites/g/files/zskgke326/files/2022-07/UNDP-Peru-2018_rural_solar_04-Photo%20UNDP%20Peru-Monica%20Sua%CC%81rez%20Galindo.jpg",
          "caption": ""
        },
        "intro": "Next up",
        "title": "Energy Poverty and Fuel Poverty",
        "cta": "Start learning",
        "nextLessonId": "2.1.3"
      }
    }
  ]
}