{
  "id": "2.2.3",
  "segments": [
    {
      "template_id": "lesson_cover",
      "content": {
        "image": {
          "src": "https://www.healthtechdigital.com/wp-content/uploads/Artificial-Intelligence-in-renewable-energy-market-Study-shows-important-fields-of-application.-min.jpg",
          "caption": ""
        },
        "lesson": {
          "label": "Lesson",
          "Number": "3"
        },
        "intro": "M2: Energy Access and Inclusive Energy Services | Chapter 2 | Lesson 3",
        "title": "Challenges for universal energy access"
      },
      "colorscheme": "dark"
    },
    {
      "template_id": "text",
      "colorscheme": "dark",
      "content": {
        "text_elements": [
          {
            "template_id": "subtitle",
            "content": {
              "text": "Lesson Overview"
            }
          },
          {
            "template_id": "subtitle_small",
            "content": {
              "text": "Tempora ipsum eius neque magnam magnam etincidunt magnam."
            }
          },
          {
            "template_id": "paragraph_large",
            "content": {
              "text": "Dolor eius amet amet labore voluptatem sit dolor. Sit quaerat etincidunt sed. Tempora amet numquam est ipsum sed voluptatem magnam. Sed est dolorem dolor velit consectetur ipsum. Tempora quaerat modi numquam labore sed dolore. Numquam non quaerat adipisci porro. Aliquam porro ipsum amet. Adipisci porro numquam dolorem dolor. Porro ipsum sed quaerat."
            }
          }
        ]
      }
    },
    {
      "template_id": "key_concepts",
      "color_scheme": "dark",
      "content": {
        "title": "Key Concepts",
        "intro": "Lorem ipsum",
        "concepts": [
          {
            "title": "Voluptatem neque qui",
            "body": "Magnam quaerat velit ut quiquia adipisci labore amet. Modi magnam ipsum porro dolor est velit. Dolore voluptatem amet velit etincidunt etincidunt voluptatem sed. Ut ipsum quiquia adipisci aliquam. Quaerat dolorem dolorem porro voluptatem dolore neque",
            "source": "-International Development Organization"
          },
          {
            "title": "Modi quaerat ipsum i",
            "body": "Velit non porro eius consectetur. Porro eius adipisci non modi dolore quiquia. Non quisquam magnam non velit est. Quisquam ipsum quiquia quiquia dolorem adipisci adipisci. Ut dolorem quiquia adipisci neque dolor amet voluptatem. Ut quisquam quaerat q",
            "source": ""
          },
          {
            "title": "Velit consectetur qu",
            "body": "Ut porro numquam porro adipisci amet quisquam. Neque dolorem ut magnam dolore quaerat. Adipisci quisquam amet consectetur. Numquam dolor voluptatem aliquam. Modi quisquam etincidunt adipisci amet velit eius. Porro adipisci est non etincidunt. Velit v",
            "source": ""
          }
        ]
      },
      "colorscheme": "dark"
    },
    {
      "template_id": "photo_full_height",
      "colorscheme": "dark",
      "content": {
        "image": {
          "src": "https://www.healthtechdigital.com/wp-content/uploads/Artificial-Intelligence-in-renewable-energy-market-Study-shows-important-fields-of-application.-min.jpg",
          "caption": ""
        }
      }
    },
    {
      "template_id": "text",
      "colorscheme": "dark",
      "content": {
        "text_elements": [
          {
            "template_id": "subtitle",
            "content": {
              "text": "Non modi modi magnam dolor"
            }
          },
          {
            "template_id": "paragraph_medium",
            "content": {
              "text": "Tempora neque quiquia voluptatem consectetur adipisci consectetur est. Dolore etincidunt dolorem quisquam. Quiquia consectetur voluptatem sed. Quiquia dolorem ut amet magnam. Sed modi magnam amet non dolorem porro. Neque tempora tempora magnam quaerat consectetur. Dolor sed dolore quisquam velit. Ut modi sit modi adipisci dolore consectetur. Non amet sit dolorem. Ut quisquam magnam consectetur aliquam numquam tempora."
            }
          }
        ]
      }
    },
    {
      "template_id": "key_takeaways",
      "content": {
        "title": "Key Takeaways",
        "intro": "Velit voluptatem dolor modi.",
        "takeaways": [
          {
            "image": {
              "src": "https://elementum-esg.co.uk/wp-content/uploads/2024/04/energy-sources.png",
              "caption": ""
            },
            "title": "Magnam...",
            "description": "Dolorem velit sit est. Neque sit modi aliquam dolor. Aliquam sit magnam est sit consectetur. Dolorem eius eius quiquia tempora. Non numquam non voluptatem aliquam. Dolorem voluptatem ut sit. Magnam velit dolore amet aliquam consectetur velit non."
          },
          {
            "image": {
              "src": "https://live.staticflickr.com/5504/14454539704_b8910261c0_b.jpg",
              "caption": ""
            },
            "title": "Voluptatem...",
            "description": "Dolor eius ipsum magnam tempora modi amet. Aliquam aliquam sed eius labore sed. Dolore magnam voluptatem sed magnam. Velit adipisci numquam neque ut sed. Quisquam ipsum dolorem aliquam quaerat consectetur non eius. Quaerat sit amet est velit velit dolore. Adipisci porro sit velit consectetur dolorem ut dolorem."
          },
          {
            "image": {
              "src": "https://www.healthtechdigital.com/wp-content/uploads/Artificial-Intelligence-in-renewable-energy-market-Study-shows-important-fields-of-application.-min.jpg",
              "caption": ""
            },
            "title": "Adipisci...",
            "description": "Sit etincidunt neque magnam quisquam eius. Est velit voluptatem porro sed sit neque porro. Labore non non sit. Neque numquam aliquam consectetur aliquam sed sed quisquam. Modi quaerat eius numquam. Sed quaerat neque adipisci sit adipisci tempora numquam. Ipsum quaerat adipisci modi porro dolore. Ut ipsum adipisci numquam tempora numquam numquam."
          }
        ]
      },
      "colorscheme": "dark"
    },
    {
      "template_id": "key_resources",
      "content": {
        "title": "Key Resources",
        "resources": [
          {
            "image": {
              "src": "https://www.energy.gov/sites/default/files/styles/full_article_width/public/2023-11/GRIP%20Blog%20Posting%20Clean%20Energy%20Solar%20Panels.jpg?itok=5KDc3kxK",
              "caption": ""
            },
            "text": "Consectetur...",
            "cta": "Click to download",
            "href": "https://www.undp.org/publications/undps-energy-strategy"
          },
          {
            "image": {
              "src": "https://iea.imgix.net/5860051d-c92e-4fea-8a90-12bf5334dbef/Renewables_2023_shutterstock_1527609272.jpg",
              "caption": ""
            },
            "text": "Etincidunt...",
            "cta": "Click to download",
            "href": "https://www.undp.org/publications/undps-energy-strategy"
          },
          {
            "image": {
              "src": "https://www.undp.org/sites/g/files/zskgke326/files/2022-07/UNDP-Peru-2018_rural_solar_04-Photo%20UNDP%20Peru-Monica%20Sua%CC%81rez%20Galindo.jpg",
              "caption": ""
            },
            "text": "Numquam...",
            "cta": "Click to download",
            "href": "https://www.undp.org/publications/undps-energy-strategy"
          }
        ],
        "intro": "Neque adipisci porro quisquam non consectetur quaerat."
      },
      "colorscheme": "dark"
    },
    {
      "template_id": "connection_next",
      "content": {
        "image": {
          "src": "https://www.undp.org/sites/g/files/zskgke326/files/2023-05/1525381088_0.jpg",
          "caption": ""
        },
        "intro": "Next up",
        "title": "Chapter 2 Outro",
        "cta": "Start learning",
        "nextLessonId": "2.2.-1"
      }
    }
  ]
}