{
  "id": "2.2.1",
  "segments": [
    {
      "template_id": "lesson_cover",
      "content": {
        "image": {
          "src": "https://elements-resized.envatousercontent.com/elements-video-cover-images/3254f24d-2426-43ae-b55d-aedc5cd25fea/video_preview/video_preview_0000.jpg?w=1400&cf_fit=cover&q=85&format=auto&s=8801a0bc8becf7ebb4baee10701611ef4b9f3f6939ca660e3a0b90514b7cf8d2",
          "caption": ""
        },
        "lesson": {
          "label": "Lesson",
          "Number": "1"
        },
        "intro": "M2: Energy Access and Inclusive Energy Services | Chapter 2 | Lesson 1",
        "title": "The Energy Access Landscape"
      },
      "colorscheme": "dark"
    },
    {
      "template_id": "text",
      "colorscheme": "dark",
      "content": {
        "text_elements": [
          {
            "template_id": "subtitle",
            "content": {
              "text": "Lesson Overview"
            }
          },
          {
            "template_id": "subtitle_small",
            "content": {
              "text": "Sed voluptatem dolor amet magnam adipisci dolore."
            }
          },
          {
            "template_id": "paragraph_large",
            "content": {
              "text": "Neque quaerat labore sit. Etincidunt sit ut ut tempora magnam. Modi ipsum porro non. Eius est eius aliquam sed dolore quiquia eius. Labore amet est voluptatem voluptatem ut numquam tempora. Tempora neque quiquia dolore neque voluptatem non. Non consectetur voluptatem tempora sed dolorem. Porro aliquam non modi ipsum quaerat quiquia. Sit ut neque quisquam amet consectetur."
            }
          }
        ]
      }
    },
    {
      "template_id": "key_concepts",
      "color_scheme": "dark",
      "content": {
        "title": "Key Concepts",
        "intro": "Lorem ipsum",
        "concepts": [
          {
            "title": "Velit porro quiquia ",
            "body": "Tempora amet etincidunt dolor sit adipisci. Velit labore est quiquia porro dolor etincidunt. Consectetur quaerat eius dolore magnam. Quiquia modi ipsum labore ut est sed. Adipisci est consectetur quaerat ipsum voluptatem. Dolor velit sed sed voluptat",
            "source": "-International Development Organization"
          },
          {
            "title": "Dolor sed consectetu",
            "body": "Tempora eius quaerat non dolore eius. Modi neque numquam quaerat dolor. Dolorem sit ipsum ipsum. Sit non ipsum amet. Magnam aliquam consectetur dolore numquam etincidunt. Sit quaerat adipisci voluptatem etincidunt. Neque non quiquia eius ipsum. Labor",
            "source": ""
          },
          {
            "title": "Neque consectetur vo",
            "body": "Dolor dolore aliquam dolorem ipsum est aliquam dolorem. Magnam etincidunt neque dolorem magnam aliquam velit adipisci. Eius neque ut tempora. Porro etincidunt consectetur amet quiquia tempora aliquam. Quisquam consectetur modi consectetur ipsum est n",
            "source": ""
          }
        ]
      },
      "colorscheme": "dark"
    },
    {
      "template_id": "photo_full_height",
      "colorscheme": "dark",
      "content": {
        "image": {
          "src": "https://elements-resized.envatousercontent.com/elements-video-cover-images/3254f24d-2426-43ae-b55d-aedc5cd25fea/video_preview/video_preview_0000.jpg?w=1400&cf_fit=cover&q=85&format=auto&s=8801a0bc8becf7ebb4baee10701611ef4b9f3f6939ca660e3a0b90514b7cf8d2",
          "caption": ""
        }
      }
    },
    {
      "template_id": "text",
      "colorscheme": "dark",
      "content": {
        "text_elements": [
          {
            "template_id": "subtitle",
            "content": {
              "text": "Labore dolorem dolorem quisquam neque etincidunt amet tempora"
            }
          },
          {
            "template_id": "paragraph_medium",
            "content": {
              "text": "Quisquam numquam sit neque modi. Non aliquam ut dolore. Modi etincidunt sit porro etincidunt neque. Ut consectetur neque voluptatem consectetur porro non. Porro ipsum voluptatem magnam. Ut eius non ipsum consectetur."
            }
          }
        ]
      }
    },
    {
      "template_id": "key_takeaways",
      "content": {
        "title": "Key Takeaways",
        "intro": "Adipisci quisquam dolor eius.",
        "takeaways": [
          {
            "image": {
              "src": "https://web14.bernama.com/storage/photos/830db0b0eb59429f4a6f5618134452c963f433bee8a98",
              "caption": ""
            },
            "title": "Ut...",
            "description": "Etincidunt magnam consectetur modi magnam dolore. Consectetur porro labore velit sit quisquam. Numquam consectetur amet neque tempora. Non velit etincidunt consectetur tempora modi ipsum magnam. Adipisci modi dolore magnam numquam. Dolorem adipisci tempora voluptatem porro sit. Tempora aliquam neque ut."
          },
          {
            "image": {
              "src": "https://iea.imgix.net/5860051d-c92e-4fea-8a90-12bf5334dbef/Renewables_2023_shutterstock_1527609272.jpg",
              "caption": ""
            },
            "title": "Dolorem...",
            "description": "Consectetur voluptatem non quisquam numquam tempora neque dolorem. Numquam aliquam non est labore tempora. Numquam modi porro non non magnam eius. Neque porro labore numquam velit. Consectetur velit aliquam consectetur dolore ut velit est. Velit quisquam neque tempora quaerat dolor quiquia. Eius dolore velit porro sit numquam quaerat. Quisquam eius ut sed dolorem. Amet labore porro dolore consectetur quiquia est tempora."
          },
          {
            "image": {
              "src": "https://www.undp.org/sites/g/files/zskgke326/files/2023-05/1525381088_0.jpg",
              "caption": ""
            },
            "title": "Quisquam...",
            "description": "Dolor ut eius labore consectetur non. Modi quaerat modi quaerat quisquam. Adipisci neque labore sit quisquam. Amet labore velit magnam. Amet dolore porro modi dolorem. Dolorem adipisci modi sed."
          }
        ]
      },
      "colorscheme": "dark"
    },
    {
      "template_id": "key_resources",
      "content": {
        "title": "Key Resources",
        "resources": [
          {
            "image": {
              "src": "https://live.staticflickr.com/3775/10838225595_b7d942e452_h.jpg",
              "caption": ""
            },
            "text": "Modi...",
            "cta": "Click to download",
            "href": "https://www.undp.org/publications/undps-energy-strategy"
          },
          {
            "image": {
              "src": "https://www.energy.gov/sites/default/files/styles/full_article_width/public/2023-11/GRIP%20Blog%20Posting%20Clean%20Energy%20Solar%20Panels.jpg?itok=5KDc3kxK",
              "caption": ""
            },
            "text": "Eius...",
            "cta": "Click to download",
            "href": "https://www.undp.org/publications/undps-energy-strategy"
          },
          {
            "image": {
              "src": "https://elements-resized.envatousercontent.com/elements-video-cover-images/3254f24d-2426-43ae-b55d-aedc5cd25fea/video_preview/video_preview_0000.jpg?w=1400&cf_fit=cover&q=85&format=auto&s=8801a0bc8becf7ebb4baee10701611ef4b9f3f6939ca660e3a0b90514b7cf8d2",
              "caption": ""
            },
            "text": "Tempora...",
            "cta": "Click to download",
            "href": "https://www.undp.org/publications/undps-energy-strategy"
          }
        ],
        "intro": "Numquam non amet etincidunt adipisci modi aliquam ipsum."
      },
      "colorscheme": "dark"
    },
    {
      "template_id": "connection_next",
      "content": {
        "image": {
          "src": "https://www.healthtechdigital.com/wp-content/uploads/Artificial-Intelligence-in-renewable-energy-market-Study-shows-important-fields-of-application.-min.jpg",
          "caption": ""
        },
        "intro": "Next up",
        "title": "Status and Trends",
        "cta": "Start learning",
        "nextLessonId": "2.2.2"
      }
    }
  ]
}