{
  "id": "2.2.2",
  "segments": [
    {
      "template_id": "lesson_cover",
      "content": {
        "image": {
          "src": "https://live.staticflickr.com/5504/14454539704_b8910261c0_b.jpg",
          "caption": ""
        },
        "lesson": {
          "label": "Lesson",
          "Number": "2"
        },
        "intro": "M2: Energy Access and Inclusive Energy Services | Chapter 2 | Lesson 2",
        "title": "Status and Trends"
      },
      "colorscheme": "dark"
    },
    {
      "template_id": "text",
      "colorscheme": "dark",
      "content": {
        "text_elements": [
          {
            "template_id": "subtitle",
            "content": {
              "text": "Lesson Overview"
            }
          },
          {
            "template_id": "subtitle_small",
            "content": {
              "text": "Ut sed magnam voluptatem ut quaerat dolore non."
            }
          },
          {
            "template_id": "paragraph_large",
            "content": {
              "text": "Eius dolore dolore eius. Sed eius dolor sed modi. Labore sed aliquam est porro. Neque velit quiquia ipsum eius porro. Aliquam etincidunt numquam consectetur dolor sed voluptatem quisquam. Numquam voluptatem aliquam dolorem quaerat."
            }
          }
        ]
      }
    },
    {
      "template_id": "key_concepts",
      "color_scheme": "dark",
      "content": {
        "title": "Key Concepts",
        "intro": "Lorem ipsum",
        "concepts": [
          {
            "title": "Adipisci sit quaerat",
            "body": "Aliquam magnam sed eius etincidunt numquam etincidunt dolor. Dolorem dolor aliquam ut non aliquam magnam velit. Sed porro adipisci quisquam quiquia. Dolorem dolore quiquia consectetur dolore amet eius. Ipsum modi voluptatem ipsum tempora velit. Ut ut",
            "source": "-International Development Organization"
          },
          {
            "title": "Dolore aliquam ut do",
            "body": "Adipisci magnam magnam non amet ut sit. Sit quaerat ipsum eius ipsum ipsum. Adipisci ipsum porro ipsum modi quiquia tempora. Adipisci etincidunt quaerat modi tempora aliquam. Quisquam quaerat neque neque porro dolorem dolorem.",
            "source": ""
          },
          {
            "title": "Sed etincidunt velit",
            "body": "Aliquam quisquam etincidunt velit. Quiquia neque modi tempora neque. Quaerat modi non dolorem amet quiquia sed. Sit ut aliquam quaerat adipisci. Dolorem quaerat dolorem ipsum. Dolore dolore tempora non. Porro eius modi labore numquam.",
            "source": ""
          }
        ]
      },
      "colorscheme": "dark"
    },
    {
      "template_id": "photo_full_height",
      "colorscheme": "dark",
      "content": {
        "image": {
          "src": "https://live.staticflickr.com/5504/14454539704_b8910261c0_b.jpg",
          "caption": ""
        }
      }
    },
    {
      "template_id": "text",
      "colorscheme": "dark",
      "content": {
        "text_elements": [
          {
            "template_id": "subtitle",
            "content": {
              "text": "Consectetur modi porro labore aliquam modi"
            }
          },
          {
            "template_id": "paragraph_medium",
            "content": {
              "text": "Quiquia quiquia ipsum dolore quisquam modi amet. Sit tempora ut ipsum neque. Dolorem sed dolore numquam voluptatem numquam eius. Velit dolore non etincidunt porro dolorem amet voluptatem. Ipsum labore quisquam velit sed porro voluptatem dolor. Numquam dolorem quisquam dolor tempora eius ut."
            }
          }
        ]
      }
    },
    {
      "template_id": "key_takeaways",
      "content": {
        "title": "Key Takeaways",
        "intro": "Numquam eius ipsum etincidunt tempora.",
        "takeaways": [
          {
            "image": {
              "src": "https://cdn.prod.website-files.com/6487341142c5367c3cefe169/670703187e5c652197eacf42_Energy.png",
              "caption": ""
            },
            "title": "Consectetur...",
            "description": "Labore magnam quiquia consectetur aliquam sit aliquam. Quisquam magnam sit amet tempora eius. Sed consectetur porro dolore quisquam. Eius labore sit adipisci numquam. Numquam quisquam numquam labore etincidunt tempora adipisci velit."
          },
          {
            "image": {
              "src": "https://www.resusenergy.lk/images/Resus_Enegry_Images/Project_Images/mahiyagnanaya/dji_0008.jpg",
              "caption": ""
            },
            "title": "Sed...",
            "description": "Non magnam quaerat numquam quaerat. Velit sed quiquia dolorem magnam amet magnam. Aliquam porro adipisci porro magnam dolor voluptatem labore. Numquam neque voluptatem etincidunt labore voluptatem voluptatem eius. Sed numquam voluptatem ut. Aliquam porro ipsum voluptatem sed eius. Modi modi amet amet modi est. Etincidunt non ut quaerat est. Labore dolor voluptatem numquam."
          },
          {
            "image": {
              "src": "https://www.healthtechdigital.com/wp-content/uploads/Artificial-Intelligence-in-renewable-energy-market-Study-shows-important-fields-of-application.-min.jpg",
              "caption": ""
            },
            "title": "Eius...",
            "description": "Porro tempora amet neque ipsum amet est voluptatem. Numquam ut adipisci modi porro. Amet sit ut ipsum sit. Modi quisquam dolore numquam dolore. Numquam adipisci magnam non non velit est tempora. Sed amet quaerat neque. Ut magnam non quiquia tempora ipsum. Dolorem dolor tempora ipsum porro."
          }
        ]
      },
      "colorscheme": "light"
    },
    {
      "template_id": "key_resources",
      "content": {
        "title": "Key Resources",
        "resources": [
          {
            "image": {
              "src": "https://iea.imgix.net/5860051d-c92e-4fea-8a90-12bf5334dbef/Renewables_2023_shutterstock_1527609272.jpg",
              "caption": ""
            },
            "text": "Dolor...",
            "cta": "Click to download",
            "href": "https://www.undp.org/publications/undps-energy-strategy"
          },
          {
            "image": {
              "src": "https://web14.bernama.com/storage/photos/830db0b0eb59429f4a6f5618134452c963f433bee8a98",
              "caption": ""
            },
            "text": "Dolor...",
            "cta": "Click to download",
            "href": "https://www.undp.org/publications/undps-energy-strategy"
          },
          {
            "image": {
              "src": "https://web14.bernama.com/storage/photos/830db0b0eb59429f4a6f5618134452c963f433bee8a98",
              "caption": ""
            },
            "text": "Ipsum...",
            "cta": "Click to download",
            "href": "https://www.undp.org/publications/undps-energy-strategy"
          }
        ],
        "intro": "Numquam labore tempora velit."
      },
      "colorscheme": "dark"
    },
    {
      "template_id": "connection_next",
      "content": {
        "image": {
          "src": "https://live.staticflickr.com/3775/10838225595_b7d942e452_h.jpg",
          "caption": ""
        },
        "intro": "Next up",
        "title": "Challenges for universal energy access",
        "cta": "Start learning",
        "nextLessonId": "2.2.3"
      }
    }
  ]
}