{
  "id": "2.2.0",
  "segments": [
    {
      "template_id": "chapter_cover",
      "content": {
        "image": {
          "src": "https://elements-resized.envatousercontent.com/elements-video-cover-images/3254f24d-2426-43ae-b55d-aedc5cd25fea/video_preview/video_preview_0000.jpg?w=1400&cf_fit=cover&q=85&format=auto&s=8801a0bc8becf7ebb4baee10701611ef4b9f3f6939ca660e3a0b90514b7cf8d2",
          "caption": ""
        },
        "chapter": {
          "label": "Chapter",
          "Number": "2"
        },
        "intro": "Just Energy Transition | chapter 1",
        "title": "Chapter 2 Introduction",
        "cta": "Scroll, tab or use your keyboard to move ahead",
        "subtitle": "M2: Energy Access and Inclusive Energy Services | Chapter 2"
      },
      "colorscheme": "light"
    },
    {
      "template_id": "text",
      "colorscheme": "light",
      "content": {
        "text_elements": [
          {
            "template_id": "subtitle",
            "content": {
              "text": "Chapter Overview"
            }
          },
          {
            "template_id": "subtitle_small",
            "content": {
              "text": "Sed adipisci dolore numquam."
            }
          },
          {
            "template_id": "paragraph_large",
            "content": {
              "text": "Quaerat ut modi magnam. Dolor ipsum quiquia numquam etincidunt aliquam. Adipisci dolorem dolore quisquam dolore sit neque. Velit etincidunt quisquam adipisci quiquia quisquam est sed. Quaerat magnam velit quiquia sed amet eius porro."
            }
          }
        ]
      }
    },
    {
      "template_id": "list_of_lessons",
      "content": {
        "title": "What's next in this chapter?",
        "lessons": [
          {
            "cta": "Go to the lesson",
            "description": "Quaerat consectetur est tempora amet consectetur.",
            "lessonId": "2.2.1",
            "image": {
              "src": "https://www.resusenergy.lk/images/Resus_Enegry_Images/Project_Images/mahiyagnanaya/dji_0008.jpg",
              "caption": ""
            },
            "title": "The Energy Access Landscape",
            "type": "Lesson",
            "progress": "not_started"
          },
          {
            "cta": "Go to the lesson",
            "description": "Ipsum eius aliquam est porro quaerat.",
            "lessonId": "2.2.2",
            "image": {
              "src": "https://live.staticflickr.com/1552/26342931015_38814fbfac_b.jpg",
              "caption": ""
            },
            "title": "Status and Trends",
            "type": "Lesson",
            "progress": "in_progress"
          },
          {
            "cta": "Go to the lesson",
            "description": "Dolorem quiquia dolorem voluptatem porro porro quiquia.",
            "lessonId": "2.2.3",
            "image": {
              "src": "https://www.undp.org/sites/g/files/zskgke326/files/2023-05/1525381088_0.jpg",
              "caption": ""
            },
            "title": "Challenges for universal energy access",
            "type": "Lesson",
            "progress": "not_started"
          }
        ]
      },
      "colorscheme": "light"
    },
    {
      "template_id": "connection_next",
      "content": {
        "image": {
          "src": "https://elementum-esg.co.uk/wp-content/uploads/2024/04/energy-sources.png",
          "caption": ""
        },
        "intro": "Next up",
        "title": "The Energy Access Landscape",
        "cta": "Start learning",
        "nextLessonId": "2.2.1"
      }
    }
  ]
}