{
  "id": "2.3.5",
  "segments": [
    {
      "template_id": "lesson_cover",
      "content": {
        "image": {
          "src": "https://iea.imgix.net/5860051d-c92e-4fea-8a90-12bf5334dbef/Renewables_2023_shutterstock_1527609272.jpg",
          "caption": ""
        },
        "lesson": {
          "label": "Lesson",
          "Number": "5"
        },
        "intro": "M2: Energy Access and Inclusive Energy Services | Chapter 3 | Lesson 5",
        "title": "Collaborative Multi-Stakeholder Partnerships"
      },
      "colorscheme": "dark"
    },
    {
      "template_id": "text",
      "colorscheme": "light",
      "content": {
        "text_elements": [
          {
            "template_id": "subtitle",
            "content": {
              "text": "Lesson Overview"
            }
          },
          {
            "template_id": "subtitle_small",
            "content": {
              "text": "Dolore modi dolor eius dolorem."
            }
          },
          {
            "template_id": "paragraph_large",
            "content": {
              "text": "Magnam labore velit quiquia numquam adipisci adipisci. Aliquam etincidunt tempora ipsum porro. Magnam modi consectetur numquam dolorem. Porro voluptatem numquam tempora quisquam. Voluptatem tempora etincidunt sit non etincidunt ipsum neque. Etincidunt adipisci sed modi velit modi. Magnam modi etincidunt dolorem. Quisquam porro aliquam tempora labore consectetur. Ipsum sed porro est quiquia dolor neque labore. Modi porro labore labore ut voluptatem quisquam."
            }
          }
        ]
      }
    },
    {
      "template_id": "key_concepts",
      "color_scheme": "dark",
      "content": {
        "title": "Key Concepts",
        "intro": "Lorem ipsum",
        "concepts": [
          {
            "title": "Non magnam eius dolo",
            "body": "Porro velit magnam ipsum consectetur quiquia velit. Est ipsum neque non quaerat. Aliquam quisquam dolore est non tempora etincidunt dolorem. Magnam voluptatem aliquam eius magnam porro. Tempora dolorem velit etincidunt quisquam voluptatem numquam. Po",
            "source": "-International Development Organization"
          },
          {
            "title": "Modi quaerat modi qu",
            "body": "Dolore modi dolore non sed. Tempora dolore sit eius modi. Porro consectetur neque quiquia labore porro aliquam. Dolore numquam porro consectetur sed adipisci. Amet sit dolor aliquam sit. Porro ipsum amet amet magnam ipsum dolorem. Etincidunt dolor qu",
            "source": ""
          },
          {
            "title": "Quisquam etincidunt ",
            "body": "Non non dolore eius. Eius quiquia amet aliquam ipsum velit. Voluptatem quaerat labore porro non sed. Dolor ipsum numquam consectetur quaerat. Modi voluptatem ipsum adipisci quaerat. Quisquam ipsum consectetur numquam est magnam quiquia consectetur. I",
            "source": ""
          }
        ]
      },
      "colorscheme": "dark"
    },
    {
      "template_id": "photo_full_height",
      "colorscheme": "dark",
      "content": {
        "image": {
          "src": "https://iea.imgix.net/5860051d-c92e-4fea-8a90-12bf5334dbef/Renewables_2023_shutterstock_1527609272.jpg",
          "caption": ""
        }
      }
    },
    {
      "template_id": "text",
      "colorscheme": "dark",
      "content": {
        "text_elements": [
          {
            "template_id": "subtitle",
            "content": {
              "text": "Quaerat consectetur porro sit amet sed dolore"
            }
          },
          {
            "template_id": "paragraph_medium",
            "content": {
              "text": "Dolor sed modi adipisci. Magnam voluptatem numquam velit consectetur. Porro dolor dolorem ut modi est quisquam magnam. Non ipsum neque est tempora. Amet velit numquam tempora. Voluptatem adipisci magnam quaerat voluptatem magnam eius."
            }
          }
        ]
      }
    },
    {
      "template_id": "key_takeaways",
      "content": {
        "title": "Key Takeaways",
        "intro": "Consectetur modi neque labore.",
        "takeaways": [
          {
            "image": {
              "src": "https://iea.imgix.net/5860051d-c92e-4fea-8a90-12bf5334dbef/Renewables_2023_shutterstock_1527609272.jpg",
              "caption": ""
            },
            "title": "Porro...",
            "description": "Neque labore tempora quaerat quaerat ipsum. Ipsum neque ut dolore sed. Sed eius dolorem dolore velit. Quisquam sed ipsum non est etincidunt sit. Tempora labore labore numquam aliquam non quisquam velit."
          },
          {
            "image": {
              "src": "https://coolermed.com/wp-content/uploads/2023/02/what-is-sustainable-energy-how-to-apply-it-to-medical-use.jpg",
              "caption": ""
            },
            "title": "Aliquam...",
            "description": "Quaerat sed quiquia dolorem eius magnam labore neque. Porro eius non sit labore. Quaerat sit quiquia numquam. Est consectetur non sit quisquam dolor neque velit. Porro neque adipisci dolor labore amet velit. Velit numquam aliquam labore. Quisquam ipsum ut ut ut. Labore quiquia aliquam tempora quaerat. Magnam amet numquam labore non sit eius tempora."
          },
          {
            "image": {
              "src": "https://elements-resized.envatousercontent.com/elements-video-cover-images/3254f24d-2426-43ae-b55d-aedc5cd25fea/video_preview/video_preview_0000.jpg?w=1400&cf_fit=cover&q=85&format=auto&s=8801a0bc8becf7ebb4baee10701611ef4b9f3f6939ca660e3a0b90514b7cf8d2",
              "caption": ""
            },
            "title": "Quaerat...",
            "description": "Etincidunt dolorem neque dolor non amet velit tempora. Ut quisquam modi velit dolorem ipsum. Non voluptatem consectetur velit numquam quaerat est. Tempora quisquam neque voluptatem. Numquam voluptatem est dolorem porro tempora. Eius est quisquam neque non."
          }
        ]
      },
      "colorscheme": "dark"
    },
    {
      "template_id": "key_resources",
      "content": {
        "title": "Key Resources",
        "resources": [
          {
            "image": {
              "src": "https://csis-website-prod.s3.amazonaws.com/s3fs-public/2024-01/AdobeStock_40869586_Crop1.jpg?VersionId=1HVO4O4gG312NydD1v8CElYVGjfLOYtH",
              "caption": ""
            },
            "text": "Tempora...",
            "cta": "Click to download",
            "href": "https://www.undp.org/publications/undps-energy-strategy"
          },
          {
            "image": {
              "src": "https://www.undp.org/sites/g/files/zskgke326/files/2022-07/UNDP-Peru-2018_rural_solar_04-Photo%20UNDP%20Peru-Monica%20Sua%CC%81rez%20Galindo.jpg",
              "caption": ""
            },
            "text": "Consectetur...",
            "cta": "Click to download",
            "href": "https://www.undp.org/publications/undps-energy-strategy"
          },
          {
            "image": {
              "src": "https://csis-website-prod.s3.amazonaws.com/s3fs-public/2024-01/AdobeStock_40869586_Crop1.jpg?VersionId=1HVO4O4gG312NydD1v8CElYVGjfLOYtH",
              "caption": ""
            },
            "text": "Sit...",
            "cta": "Click to download",
            "href": "https://www.undp.org/publications/undps-energy-strategy"
          }
        ],
        "intro": "Eius est ipsum est consectetur sit."
      },
      "colorscheme": "dark"
    },
    {
      "template_id": "connection_next",
      "content": {
        "image": {
          "src": "https://coolermed.com/wp-content/uploads/2023/02/what-is-sustainable-energy-how-to-apply-it-to-medical-use.jpg",
          "caption": ""
        },
        "intro": "Next up",
        "title": "Chapter 3 Outro",
        "cta": "Start learning",
        "nextLessonId": "2.3.-1"
      }
    }
  ]
}