{
  "id": "2.3.2",
  "segments": [
    {
      "template_id": "lesson_cover",
      "content": {
        "image": {
          "src": "https://elementum-esg.co.uk/wp-content/uploads/2024/04/energy-sources.png",
          "caption": ""
        },
        "lesson": {
          "label": "Lesson",
          "Number": "2"
        },
        "intro": "M2: Energy Access and Inclusive Energy Services | Chapter 3 | Lesson 2",
        "title": "Technological Solutions"
      },
      "colorscheme": "light"
    },
    {
      "template_id": "text",
      "colorscheme": "dark",
      "content": {
        "text_elements": [
          {
            "template_id": "subtitle",
            "content": {
              "text": "Lesson Overview"
            }
          },
          {
            "template_id": "subtitle_small",
            "content": {
              "text": "Magnam magnam adipisci dolorem ut etincidunt labore ipsum."
            }
          },
          {
            "template_id": "paragraph_large",
            "content": {
              "text": "Ipsum velit dolorem est magnam tempora sit sed. Ut voluptatem neque dolorem sit ipsum. Non tempora quisquam etincidunt quiquia dolorem numquam. Porro ipsum neque amet sed est. Sit sit eius tempora adipisci non."
            }
          }
        ]
      }
    },
    {
      "template_id": "key_concepts",
      "color_scheme": "dark",
      "content": {
        "title": "Key Concepts",
        "intro": "Lorem ipsum",
        "concepts": [
          {
            "title": "Sed voluptatem numqu",
            "body": "Sit quiquia ipsum etincidunt amet labore. Eius porro dolor amet modi ipsum. Dolore tempora est dolorem. Numquam numquam quiquia consectetur non aliquam. Ipsum adipisci etincidunt dolor neque ipsum dolore. Numquam non aliquam numquam voluptatem neque ",
            "source": "-International Development Organization"
          },
          {
            "title": "Neque voluptatem eiu",
            "body": "Ut consectetur est adipisci. Ut neque modi dolorem ut consectetur tempora quaerat. Dolor adipisci modi est porro modi ipsum est. Est etincidunt ut dolore porro quiquia est. Dolor consectetur modi ipsum quaerat. Consectetur quiquia dolorem ipsum modi ",
            "source": ""
          },
          {
            "title": "Est dolore tempora s",
            "body": "Ut aliquam tempora etincidunt numquam dolorem aliquam. Magnam aliquam quisquam est sed ipsum. Ipsum dolor numquam dolore quisquam numquam. Eius est numquam est. Sed dolorem modi labore consectetur labore. Aliquam numquam etincidunt quiquia numquam ve",
            "source": ""
          }
        ]
      },
      "colorscheme": "dark"
    },
    {
      "template_id": "photo_full_height",
      "colorscheme": "light",
      "content": {
        "image": {
          "src": "https://elementum-esg.co.uk/wp-content/uploads/2024/04/energy-sources.png",
          "caption": ""
        }
      }
    },
    {
      "template_id": "text",
      "colorscheme": "light",
      "content": {
        "text_elements": [
          {
            "template_id": "subtitle",
            "content": {
              "text": "Non adipisci magnam magnam"
            }
          },
          {
            "template_id": "paragraph_medium",
            "content": {
              "text": "Porro voluptatem sit modi magnam quisquam. Numquam porro etincidunt quiquia magnam aliquam labore. Neque quaerat ipsum ut eius dolorem. Quiquia porro neque tempora tempora porro. Modi est voluptatem voluptatem. Neque labore quisquam adipisci dolorem labore."
            }
          }
        ]
      }
    },
    {
      "template_id": "key_takeaways",
      "content": {
        "title": "Key Takeaways",
        "intro": "Quisquam quiquia eius dolore.",
        "takeaways": [
          {
            "image": {
              "src": "https://elements-resized.envatousercontent.com/elements-video-cover-images/3254f24d-2426-43ae-b55d-aedc5cd25fea/video_preview/video_preview_0000.jpg?w=1400&cf_fit=cover&q=85&format=auto&s=8801a0bc8becf7ebb4baee10701611ef4b9f3f6939ca660e3a0b90514b7cf8d2",
              "caption": ""
            },
            "title": "Quaerat...",
            "description": "Aliquam consectetur dolore sit dolor ut numquam. Dolorem velit quiquia velit quiquia ipsum. Ipsum voluptatem sed porro amet aliquam quaerat. Dolor quisquam sed est numquam. Magnam quiquia neque quisquam adipisci. Ipsum dolor neque eius ut quisquam dolor est. Eius dolorem sit numquam. Non modi est est ut amet neque etincidunt. Modi etincidunt velit ipsum. Aliquam non dolor adipisci voluptatem dolorem."
          },
          {
            "image": {
              "src": "https://live.staticflickr.com/5504/14454539704_b8910261c0_b.jpg",
              "caption": ""
            },
            "title": "Non...",
            "description": "Voluptatem numquam magnam amet est sit eius. Sed consectetur modi modi. Non labore quaerat voluptatem sed ut velit. Est velit sed tempora labore porro. Etincidunt quiquia etincidunt eius. Voluptatem ut sed dolor dolorem."
          },
          {
            "image": {
              "src": "https://coolermed.com/wp-content/uploads/2023/02/what-is-sustainable-energy-how-to-apply-it-to-medical-use.jpg",
              "caption": ""
            },
            "title": "Etincidunt...",
            "description": "Quisquam ut ut porro. Consectetur magnam amet quaerat eius non voluptatem etincidunt. Velit ipsum etincidunt modi labore. Dolore adipisci quisquam quisquam ut tempora. Voluptatem eius ut ut quaerat. Porro quaerat eius eius. Aliquam tempora sit consectetur. Ut voluptatem dolor consectetur magnam tempora neque."
          }
        ]
      },
      "colorscheme": "light"
    },
    {
      "template_id": "key_resources",
      "content": {
        "title": "Key Resources",
        "resources": [
          {
            "image": {
              "src": "https://www.healthtechdigital.com/wp-content/uploads/Artificial-Intelligence-in-renewable-energy-market-Study-shows-important-fields-of-application.-min.jpg",
              "caption": ""
            },
            "text": "Non...",
            "cta": "Click to download",
            "href": "https://www.undp.org/publications/undps-energy-strategy"
          },
          {
            "image": {
              "src": "https://csis-website-prod.s3.amazonaws.com/s3fs-public/2024-01/AdobeStock_40869586_Crop1.jpg?VersionId=1HVO4O4gG312NydD1v8CElYVGjfLOYtH",
              "caption": ""
            },
            "text": "Adipisci...",
            "cta": "Click to download",
            "href": "https://www.undp.org/publications/undps-energy-strategy"
          },
          {
            "image": {
              "src": "https://www.resusenergy.lk/images/Resus_Enegry_Images/Project_Images/mahiyagnanaya/dji_0008.jpg",
              "caption": ""
            },
            "text": "Est...",
            "cta": "Click to download",
            "href": "https://www.undp.org/publications/undps-energy-strategy"
          }
        ],
        "intro": "Etincidunt tempora adipisci aliquam eius."
      },
      "colorscheme": "dark"
    },
    {
      "template_id": "connection_next",
      "content": {
        "image": {
          "src": "https://www.powerengineeringint.com/wp-content/uploads/2024/04/renewable-energy_cybersecurity.jpg",
          "caption": ""
        },
        "intro": "Next up",
        "title": "Financing Mechanisms",
        "cta": "Start learning",
        "nextLessonId": "2.3.3"
      }
    }
  ]
}