{
  "id": "2.3.1",
  "segments": [
    {
      "template_id": "lesson_cover",
      "content": {
        "image": {
          "src": "https://live.staticflickr.com/1552/26342931015_38814fbfac_b.jpg",
          "caption": ""
        },
        "lesson": {
          "label": "Lesson",
          "Number": "1"
        },
        "intro": "M2: Energy Access and Inclusive Energy Services | Chapter 3 | Lesson 1",
        "title": "An Intersectional Approach"
      },
      "colorscheme": "light"
    },
    {
      "template_id": "text",
      "colorscheme": "dark",
      "content": {
        "text_elements": [
          {
            "template_id": "subtitle",
            "content": {
              "text": "Lesson Overview"
            }
          },
          {
            "template_id": "subtitle_small",
            "content": {
              "text": "Sit tempora non sit quaerat."
            }
          },
          {
            "template_id": "paragraph_large",
            "content": {
              "text": "Modi dolore voluptatem numquam dolorem quiquia adipisci aliquam. Neque dolore dolore quaerat eius est. Eius etincidunt quaerat dolorem neque aliquam. Porro adipisci dolor dolor ut non quaerat sed. Neque adipisci consectetur non. Numquam est est adipisci tempora eius eius."
            }
          }
        ]
      }
    },
    {
      "template_id": "key_concepts",
      "color_scheme": "dark",
      "content": {
        "title": "Key Concepts",
        "intro": "Lorem ipsum",
        "concepts": [
          {
            "title": "Ut dolor voluptatem ",
            "body": "Neque dolorem amet est etincidunt dolore dolore eius. Non dolor est dolor velit numquam sit sed. Numquam quaerat amet sed aliquam quaerat labore etincidunt. Ut sed aliquam dolore neque adipisci. Non magnam etincidunt tempora sit ut quaerat quaerat.",
            "source": "-International Development Organization"
          },
          {
            "title": "Consectetur amet sit",
            "body": "Sed amet non voluptatem non ipsum numquam sed. Dolore dolore neque porro dolore dolore. Quisquam eius velit quiquia. Sed labore eius adipisci neque tempora. Dolore velit quaerat quaerat magnam aliquam eius dolorem. Porro eius sed tempora ipsum. Quiqu",
            "source": ""
          },
          {
            "title": "Quiquia voluptatem m",
            "body": "Tempora labore modi est numquam. Non ut labore numquam. Consectetur dolore numquam eius. Dolore labore sed voluptatem tempora amet. Ut quisquam consectetur dolor velit. Quaerat etincidunt consectetur consectetur quisquam modi. Etincidunt modi dolore ",
            "source": ""
          }
        ]
      },
      "colorscheme": "dark"
    },
    {
      "template_id": "photo_full_height",
      "colorscheme": "light",
      "content": {
        "image": {
          "src": "https://live.staticflickr.com/1552/26342931015_38814fbfac_b.jpg",
          "caption": ""
        }
      }
    },
    {
      "template_id": "text",
      "colorscheme": "light",
      "content": {
        "text_elements": [
          {
            "template_id": "subtitle",
            "content": {
              "text": "Voluptatem ut eius ut"
            }
          },
          {
            "template_id": "paragraph_medium",
            "content": {
              "text": "Eius quiquia porro ipsum eius aliquam porro. Amet sed voluptatem dolore consectetur quiquia. Aliquam dolorem eius ipsum. Est tempora quiquia quaerat modi sit. Magnam magnam eius aliquam. Etincidunt ut numquam adipisci est tempora non voluptatem."
            }
          }
        ]
      }
    },
    {
      "template_id": "key_takeaways",
      "content": {
        "title": "Key Takeaways",
        "intro": "Ipsum quaerat porro labore aliquam quaerat ut.",
        "takeaways": [
          {
            "image": {
              "src": "https://www.resusenergy.lk/images/Resus_Enegry_Images/Project_Images/mahiyagnanaya/dji_0008.jpg",
              "caption": ""
            },
            "title": "Amet...",
            "description": "Velit dolorem non consectetur velit sit eius. Modi adipisci consectetur tempora non. Ut ipsum sit labore eius quiquia sed. Dolore ut sit quiquia. Velit velit non est. Est numquam voluptatem aliquam voluptatem aliquam. Modi quisquam quiquia etincidunt labore. Ipsum modi numquam amet labore. Non neque quiquia porro eius."
          },
          {
            "image": {
              "src": "https://live.staticflickr.com/3775/10838225595_b7d942e452_h.jpg",
              "caption": ""
            },
            "title": "Neque...",
            "description": "Dolorem ut magnam numquam consectetur voluptatem labore. Ipsum non labore consectetur quisquam est consectetur sit. Numquam sit tempora est non non quisquam. Sed adipisci labore non neque. Labore etincidunt amet velit modi aliquam amet sit. Dolor amet labore neque ipsum dolorem quisquam porro."
          },
          {
            "image": {
              "src": "https://live.staticflickr.com/1552/26342931015_38814fbfac_b.jpg",
              "caption": ""
            },
            "title": "Est...",
            "description": "Dolor quiquia voluptatem magnam. Labore dolore est numquam voluptatem ut modi. Ut quaerat consectetur magnam non porro. Consectetur magnam sed tempora etincidunt quiquia quiquia. Dolorem sed neque est etincidunt porro est numquam. Aliquam numquam velit neque dolore ipsum consectetur."
          }
        ]
      },
      "colorscheme": "light"
    },
    {
      "template_id": "key_resources",
      "content": {
        "title": "Key Resources",
        "resources": [
          {
            "image": {
              "src": "https://live.staticflickr.com/1552/26342931015_38814fbfac_b.jpg",
              "caption": ""
            },
            "text": "Adipisci...",
            "cta": "Click to download",
            "href": "https://www.undp.org/publications/undps-energy-strategy"
          },
          {
            "image": {
              "src": "https://live.staticflickr.com/3775/10838225595_b7d942e452_h.jpg",
              "caption": ""
            },
            "text": "Est...",
            "cta": "Click to download",
            "href": "https://www.undp.org/publications/undps-energy-strategy"
          },
          {
            "image": {
              "src": "https://elementum-esg.co.uk/wp-content/uploads/2024/04/energy-sources.png",
              "caption": ""
            },
            "text": "Dolore...",
            "cta": "Click to download",
            "href": "https://www.undp.org/publications/undps-energy-strategy"
          }
        ],
        "intro": "Quiquia ipsum aliquam sit etincidunt labore sed."
      },
      "colorscheme": "dark"
    },
    {
      "template_id": "connection_next",
      "content": {
        "image": {
          "src": "https://coolermed.com/wp-content/uploads/2023/02/what-is-sustainable-energy-how-to-apply-it-to-medical-use.jpg",
          "caption": ""
        },
        "intro": "Next up",
        "title": "Technological Solutions",
        "cta": "Start learning",
        "nextLessonId": "2.3.2"
      }
    }
  ]
}