{
  "id": "2.3.0",
  "segments": [
    {
      "template_id": "chapter_cover",
      "content": {
        "image": {
          "src": "https://elements-resized.envatousercontent.com/elements-video-cover-images/3254f24d-2426-43ae-b55d-aedc5cd25fea/video_preview/video_preview_0000.jpg?w=1400&cf_fit=cover&q=85&format=auto&s=8801a0bc8becf7ebb4baee10701611ef4b9f3f6939ca660e3a0b90514b7cf8d2",
          "caption": ""
        },
        "chapter": {
          "label": "Chapter",
          "Number": "3"
        },
        "intro": "Just Energy Transition | chapter 1",
        "title": "Chapter 3 Introduction",
        "cta": "Scroll, tab or use your keyboard to move ahead",
        "subtitle": "M2: Energy Access and Inclusive Energy Services | Chapter 3"
      },
      "colorscheme": "dark"
    },
    {
      "template_id": "text",
      "colorscheme": "light",
      "content": {
        "text_elements": [
          {
            "template_id": "subtitle",
            "content": {
              "text": "Chapter Overview"
            }
          },
          {
            "template_id": "subtitle_small",
            "content": {
              "text": "Labore adipisci consectetur voluptatem."
            }
          },
          {
            "template_id": "paragraph_large",
            "content": {
              "text": "Eius sed numquam consectetur ut. Velit etincidunt est sed quisquam quiquia quisquam. Quisquam porro adipisci sed amet ut. Porro ipsum voluptatem porro etincidunt consectetur etincidunt quaerat. Dolorem ipsum magnam magnam."
            }
          }
        ]
      }
    },
    {
      "template_id": "list_of_lessons",
      "content": {
        "title": "What's next in this chapter?",
        "lessons": [
          {
            "cta": "Go to the lesson",
            "description": "Dolor velit amet tempora porro.",
            "lessonId": "2.3.1",
            "image": {
              "src": "https://iea.imgix.net/5860051d-c92e-4fea-8a90-12bf5334dbef/Renewables_2023_shutterstock_1527609272.jpg",
              "caption": ""
            },
            "title": "An Intersectional Approach",
            "type": "Lesson",
            "progress": "completed"
          },
          {
            "cta": "Go to the lesson",
            "description": "Neque ut quisquam dolorem amet porro velit modi.",
            "lessonId": "2.3.2",
            "image": {
              "src": "https://coolermed.com/wp-content/uploads/2023/02/what-is-sustainable-energy-how-to-apply-it-to-medical-use.jpg",
              "caption": ""
            },
            "title": "Technological Solutions",
            "type": "Lesson",
            "progress": "completed"
          },
          {
            "cta": "Go to the lesson",
            "description": "Quiquia eius aliquam quisquam tempora tempora.",
            "lessonId": "2.3.3",
            "image": {
              "src": "https://www.resusenergy.lk/images/Resus_Enegry_Images/Project_Images/mahiyagnanaya/dji_0008.jpg",
              "caption": ""
            },
            "title": "Financing Mechanisms",
            "type": "Lesson",
            "progress": "not_started"
          },
          {
            "cta": "Go to the lesson",
            "description": "Dolore modi numquam consectetur voluptatem dolorem etincidunt tempora.",
            "lessonId": "2.3.4",
            "image": {
              "src": "https://live.staticflickr.com/3775/10838225595_b7d942e452_h.jpg",
              "caption": ""
            },
            "title": "Policy Frameworks",
            "type": "Lesson",
            "progress": "not_started"
          },
          {
            "cta": "Go to the lesson",
            "description": "Quaerat adipisci quisquam aliquam consectetur adipisci neque ut.",
            "lessonId": "2.3.5",
            "image": {
              "src": "https://elementum-esg.co.uk/wp-content/uploads/2024/04/energy-sources.png",
              "caption": ""
            },
            "title": "Collaborative Multi-Stakeholder Partnerships",
            "type": "Lesson",
            "progress": "not_started"
          }
        ]
      },
      "colorscheme": "dark"
    },
    {
      "template_id": "connection_next",
      "content": {
        "image": {
          "src": "https://cdn.prod.website-files.com/6487341142c5367c3cefe169/670703187e5c652197eacf42_Energy.png",
          "caption": ""
        },
        "intro": "Next up",
        "title": "An Intersectional Approach",
        "cta": "Start learning",
        "nextLessonId": "2.3.1"
      }
    }
  ]
}