{
  "id": "2.3.3",
  "segments": [
    {
      "template_id": "lesson_cover",
      "content": {
        "image": {
          "src": "https://imgs.mongabay.com/wp-content/uploads/sites/20/2025/02/18142934/29572133848_45af12a4bb_k-e1737653671184.jpg",
          "caption": ""
        },
        "lesson": {
          "label": "Lesson",
          "Number": "3"
        },
        "intro": "M2: Energy Access and Inclusive Energy Services | Chapter 3 | Lesson 3",
        "title": "Financing Mechanisms"
      },
      "colorscheme": "light"
    },
    {
      "template_id": "text",
      "colorscheme": "light",
      "content": {
        "text_elements": [
          {
            "template_id": "subtitle",
            "content": {
              "text": "Lesson Overview"
            }
          },
          {
            "template_id": "subtitle_small",
            "content": {
              "text": "Quiquia consectetur magnam quaerat porro."
            }
          },
          {
            "template_id": "paragraph_large",
            "content": {
              "text": "Est neque ipsum quaerat eius. Porro adipisci magnam adipisci adipisci non. Tempora porro quiquia dolore dolor eius velit porro. Amet ut tempora amet labore. Neque velit non dolore eius. Non consectetur quaerat ut sed. Magnam consectetur amet aliquam labore aliquam. Est etincidunt ut ipsum consectetur sit. Dolor non quiquia quaerat sed ut numquam quaerat."
            }
          }
        ]
      }
    },
    {
      "template_id": "key_concepts",
      "color_scheme": "dark",
      "content": {
        "title": "Key Concepts",
        "intro": "Lorem ipsum",
        "concepts": [
          {
            "title": "Numquam amet ut porr",
            "body": "Ut adipisci amet non voluptatem. Ipsum aliquam etincidunt quaerat quiquia quisquam eius. Velit dolore etincidunt neque. Consectetur sed quiquia eius magnam. Dolor etincidunt sed dolor magnam aliquam modi. Ipsum neque quiquia magnam. Dolorem non conse",
            "source": "-International Development Organization"
          },
          {
            "title": "Ipsum tempora quaera",
            "body": "Amet voluptatem adipisci modi velit quisquam ipsum. Sed ut dolore quiquia ipsum adipisci numquam adipisci. Adipisci sed aliquam modi porro aliquam quaerat. Voluptatem velit est quisquam quiquia ipsum. Sit eius voluptatem modi quisquam sed dolorem por",
            "source": ""
          },
          {
            "title": "Ipsum quiquia quisqu",
            "body": "Velit labore magnam amet magnam dolore quiquia modi. Dolore sed aliquam numquam. Est adipisci dolor tempora eius. Magnam sed labore labore sed dolorem tempora. Velit consectetur quisquam ut amet. Modi consectetur aliquam neque neque consectetur dolor",
            "source": ""
          }
        ]
      },
      "colorscheme": "light"
    },
    {
      "template_id": "photo_full_height",
      "colorscheme": "light",
      "content": {
        "image": {
          "src": "https://imgs.mongabay.com/wp-content/uploads/sites/20/2025/02/18142934/29572133848_45af12a4bb_k-e1737653671184.jpg",
          "caption": ""
        }
      }
    },
    {
      "template_id": "text",
      "colorscheme": "light",
      "content": {
        "text_elements": [
          {
            "template_id": "subtitle",
            "content": {
              "text": "Porro dolor dolorem est"
            }
          },
          {
            "template_id": "paragraph_medium",
            "content": {
              "text": "Labore dolore porro neque ut. Ut ipsum voluptatem quaerat non ut. Velit numquam eius eius tempora amet ipsum labore. Dolore eius numquam ut. Magnam modi ipsum ipsum tempora. Aliquam sit voluptatem numquam dolorem tempora velit modi. Non non porro dolore sed etincidunt neque. Ipsum neque eius numquam dolor quisquam. Adipisci quaerat numquam consectetur adipisci numquam."
            }
          }
        ]
      }
    },
    {
      "template_id": "key_takeaways",
      "content": {
        "title": "Key Takeaways",
        "intro": "Tempora dolor voluptatem numquam neque est eius.",
        "takeaways": [
          {
            "image": {
              "src": "https://www.healthtechdigital.com/wp-content/uploads/Artificial-Intelligence-in-renewable-energy-market-Study-shows-important-fields-of-application.-min.jpg",
              "caption": ""
            },
            "title": "Eius...",
            "description": "Numquam neque neque modi. Neque velit modi quiquia quisquam. Non eius est dolorem neque quaerat quaerat. Dolor sit aliquam dolorem sed. Dolorem quisquam etincidunt quiquia non."
          },
          {
            "image": {
              "src": "https://web14.bernama.com/storage/photos/830db0b0eb59429f4a6f5618134452c963f433bee8a98",
              "caption": ""
            },
            "title": "Magnam...",
            "description": "Sed aliquam consectetur non. Dolore ipsum aliquam amet labore modi modi porro. Magnam ut adipisci porro sed voluptatem sit neque. Voluptatem modi neque modi quisquam dolore. Voluptatem etincidunt neque est etincidunt dolorem magnam ut."
          },
          {
            "image": {
              "src": "https://imgs.mongabay.com/wp-content/uploads/sites/20/2025/02/18142934/29572133848_45af12a4bb_k-e1737653671184.jpg",
              "caption": ""
            },
            "title": "Sed...",
            "description": "Dolorem quisquam dolore quiquia ipsum modi consectetur non. Velit non amet amet numquam est etincidunt etincidunt. Velit velit neque magnam consectetur. Adipisci neque ipsum magnam dolor. Neque voluptatem sed consectetur sed quiquia. Tempora tempora numquam adipisci dolore numquam porro. Adipisci ut voluptatem porro consectetur voluptatem. Amet neque aliquam ut etincidunt. Labore non ipsum porro sit etincidunt modi."
          }
        ]
      },
      "colorscheme": "dark"
    },
    {
      "template_id": "key_resources",
      "content": {
        "title": "Key Resources",
        "resources": [
          {
            "image": {
              "src": "https://www.energy.gov/sites/default/files/styles/full_article_width/public/2023-11/GRIP%20Blog%20Posting%20Clean%20Energy%20Solar%20Panels.jpg?itok=5KDc3kxK",
              "caption": ""
            },
            "text": "Quaerat...",
            "cta": "Click to download",
            "href": "https://www.undp.org/publications/undps-energy-strategy"
          },
          {
            "image": {
              "src": "https://cdn.prod.website-files.com/6487341142c5367c3cefe169/670703187e5c652197eacf42_Energy.png",
              "caption": ""
            },
            "text": "Est...",
            "cta": "Click to download",
            "href": "https://www.undp.org/publications/undps-energy-strategy"
          },
          {
            "image": {
              "src": "https://imgs.mongabay.com/wp-content/uploads/sites/20/2025/02/18142934/29572133848_45af12a4bb_k-e1737653671184.jpg",
              "caption": ""
            },
            "text": "Consectetur...",
            "cta": "Click to download",
            "href": "https://www.undp.org/publications/undps-energy-strategy"
          }
        ],
        "intro": "Magnam porro magnam sed quiquia."
      },
      "colorscheme": "dark"
    },
    {
      "template_id": "connection_next",
      "content": {
        "image": {
          "src": "https://csis-website-prod.s3.amazonaws.com/s3fs-public/2024-01/AdobeStock_40869586_Crop1.jpg?VersionId=1HVO4O4gG312NydD1v8CElYVGjfLOYtH",
          "caption": ""
        },
        "intro": "Next up",
        "title": "Policy Frameworks",
        "cta": "Start learning",
        "nextLessonId": "2.3.4"
      }
    }
  ]
}