{
  "id": "2.3.4",
  "segments": [
    {
      "template_id": "lesson_cover",
      "content": {
        "image": {
          "src": "https://cdn.prod.website-files.com/6487341142c5367c3cefe169/670703187e5c652197eacf42_Energy.png",
          "caption": ""
        },
        "lesson": {
          "label": "Lesson",
          "Number": "4"
        },
        "intro": "M2: Energy Access and Inclusive Energy Services | Chapter 3 | Lesson 4",
        "title": "Policy Frameworks"
      },
      "colorscheme": "light"
    },
    {
      "template_id": "text",
      "colorscheme": "dark",
      "content": {
        "text_elements": [
          {
            "template_id": "subtitle",
            "content": {
              "text": "Lesson Overview"
            }
          },
          {
            "template_id": "subtitle_small",
            "content": {
              "text": "Dolor voluptatem consectetur est voluptatem."
            }
          },
          {
            "template_id": "paragraph_large",
            "content": {
              "text": "Consectetur quisquam dolore non. Labore ipsum magnam dolore velit voluptatem quisquam. Quisquam quiquia dolorem aliquam sit tempora neque porro. Porro porro numquam etincidunt velit porro non. Etincidunt velit dolor modi quiquia quiquia quiquia. Voluptatem amet velit ipsum quiquia adipisci etincidunt ipsum. Aliquam dolore numquam velit numquam porro adipisci porro. Labore consectetur dolorem aliquam quaerat numquam non. Aliquam labore dolorem eius ipsum quiquia. Etincidunt amet labore porro ut adipisci consectetur."
            }
          }
        ]
      }
    },
    {
      "template_id": "key_concepts",
      "color_scheme": "dark",
      "content": {
        "title": "Key Concepts",
        "intro": "Lorem ipsum",
        "concepts": [
          {
            "title": "Dolor ut quisquam te",
            "body": "Amet quiquia etincidunt ut. Dolorem sed eius sed est voluptatem voluptatem dolorem. Adipisci tempora consectetur tempora quiquia neque sed. Ipsum est quisquam quiquia non tempora etincidunt. Non quaerat aliquam adipisci. Quaerat neque non tempora por",
            "source": "-International Development Organization"
          },
          {
            "title": "Sed tempora dolorem ",
            "body": "Non adipisci dolor dolor. Adipisci eius quiquia neque. Consectetur etincidunt porro ut. Porro quaerat neque sed eius adipisci. Sit non voluptatem adipisci quisquam adipisci consectetur magnam.",
            "source": ""
          },
          {
            "title": "Dolorem amet eius nu",
            "body": "Aliquam dolore dolor eius sed non. Aliquam magnam magnam quisquam. Voluptatem dolorem labore labore velit. Sed quaerat dolorem modi. Modi sit dolorem numquam.",
            "source": ""
          }
        ]
      },
      "colorscheme": "dark"
    },
    {
      "template_id": "photo_full_height",
      "colorscheme": "light",
      "content": {
        "image": {
          "src": "https://cdn.prod.website-files.com/6487341142c5367c3cefe169/670703187e5c652197eacf42_Energy.png",
          "caption": ""
        }
      }
    },
    {
      "template_id": "text",
      "colorscheme": "light",
      "content": {
        "text_elements": [
          {
            "template_id": "subtitle",
            "content": {
              "text": "Consectetur dolore consectetur velit dolorem eius"
            }
          },
          {
            "template_id": "paragraph_medium",
            "content": {
              "text": "Modi ut sed sed numquam quisquam. Modi voluptatem eius adipisci velit consectetur consectetur non. Labore non dolorem etincidunt dolor magnam quaerat labore. Est consectetur est modi voluptatem quiquia magnam. Voluptatem etincidunt dolorem tempora velit adipisci. Porro neque dolorem ut dolor. Dolorem non non numquam non. Aliquam etincidunt dolor labore dolor tempora adipisci quaerat."
            }
          }
        ]
      }
    },
    {
      "template_id": "key_takeaways",
      "content": {
        "title": "Key Takeaways",
        "intro": "Consectetur dolore neque amet dolore.",
        "takeaways": [
          {
            "image": {
              "src": "https://iea.imgix.net/5860051d-c92e-4fea-8a90-12bf5334dbef/Renewables_2023_shutterstock_1527609272.jpg",
              "caption": ""
            },
            "title": "Aliquam...",
            "description": "Etincidunt numquam dolorem tempora. Porro adipisci adipisci sed magnam dolor. Quaerat quiquia labore modi amet. Aliquam eius sed numquam. Adipisci est amet sed adipisci velit."
          },
          {
            "image": {
              "src": "https://cdn.prod.website-files.com/6487341142c5367c3cefe169/670703187e5c652197eacf42_Energy.png",
              "caption": ""
            },
            "title": "Ipsum...",
            "description": "Sit eius amet dolore porro. Tempora neque etincidunt dolor sit etincidunt ut sed. Voluptatem modi labore modi. Quaerat velit dolor neque. Ut numquam voluptatem amet ipsum consectetur ut modi."
          },
          {
            "image": {
              "src": "https://www.energy.gov/sites/default/files/styles/full_article_width/public/2023-11/GRIP%20Blog%20Posting%20Clean%20Energy%20Solar%20Panels.jpg?itok=5KDc3kxK",
              "caption": ""
            },
            "title": "Non...",
            "description": "Quaerat labore sit numquam. Modi aliquam modi non non amet est est. Dolorem modi labore sit aliquam voluptatem ipsum. Ipsum sed est amet. Non aliquam dolore sit numquam quaerat modi. Amet quiquia tempora consectetur est est magnam etincidunt."
          }
        ]
      },
      "colorscheme": "light"
    },
    {
      "template_id": "key_resources",
      "content": {
        "title": "Key Resources",
        "resources": [
          {
            "image": {
              "src": "https://live.staticflickr.com/5504/14454539704_b8910261c0_b.jpg",
              "caption": ""
            },
            "text": "Sed...",
            "cta": "Click to download",
            "href": "https://www.undp.org/publications/undps-energy-strategy"
          },
          {
            "image": {
              "src": "https://www.powerengineeringint.com/wp-content/uploads/2024/04/renewable-energy_cybersecurity.jpg",
              "caption": ""
            },
            "text": "Tempora...",
            "cta": "Click to download",
            "href": "https://www.undp.org/publications/undps-energy-strategy"
          },
          {
            "image": {
              "src": "https://imgs.mongabay.com/wp-content/uploads/sites/20/2025/02/18142934/29572133848_45af12a4bb_k-e1737653671184.jpg",
              "caption": ""
            },
            "text": "Modi...",
            "cta": "Click to download",
            "href": "https://www.undp.org/publications/undps-energy-strategy"
          }
        ],
        "intro": "Numquam ipsum adipisci magnam quiquia."
      },
      "colorscheme": "dark"
    },
    {
      "template_id": "connection_next",
      "content": {
        "image": {
          "src": "https://elementum-esg.co.uk/wp-content/uploads/2024/04/energy-sources.png",
          "caption": ""
        },
        "intro": "Next up",
        "title": "Collaborative Multi-Stakeholder Partnerships",
        "cta": "Start learning",
        "nextLessonId": "2.3.5"
      }
    }
  ]
}